717	82	718	717	82
382	649	781	676	34
569	257	284	72	73
835	237	232	436	375
634	634	634	500	262
850	783	775	369	277
953	764	764	953	764
952	923	952	247	952
439	527	527	439	929
607	607	337	337	607
503	503	73	503	73
568	441	441	441	821
209	670	209	209	209
307	72	367	72	307
72	9	72	72	763
493	493	493	493	613
118	155	118	118	155
12	270	481	342	550
788	929	929	929	788
502	775	502	775	775
407	407	407	407	453
423	494	146	217	143
537	798	567	567	798
916	916	255	916	916
537	361	537	361	458
216	774	268	534	850
915	892	892	207	892
134	84	845	18	916
129	736	909	756	958
350	406	435	266	423
601	601	135	135	561
378	694	694	378	694
784	784	629	784	629
903	612	532	496	723
335	335	84	335	335
923	923	433	267	923
969	745	270	666	683
785	785	785	785	785
865	65	807	907	276
535	876	876	535	876
466	871	871	871	466
21	21	19	19	19
943	662	147	240	24
701	657	657	701	701
201	799	815	729	571
617	633	633	633	633
701	694	694	136	701
875	685	875	875	365
22	22	22	300	300
820	339	339	820	820
315	172	921	315	172
717	865	269	717	717
865	865	704	704	865
292	460	221	807	469
422	612	612	422	612
513	513	513	792	792
851	968	887	899	456
712	845	441	30	647
12	302	592	154	248
932	126	890	365	847
358	454	46	454	358
503	975	277	277	277
914	462	914	914	914
98	94	98	98	98
162	162	488	488	162
882	882	882	905	882
906	906	246	246	906
263	940	187	678	991
345	974	974	974	974
605	822	822	822	605
527	427	527	427	427
793	426	793	793	793
770	770	113	113	113
588	155	645	619	659
65	65	88	65	88
590	604	604	590	694
867	867	883	867	883
453	453	453	620	453
694	778	778	694	778
732	732	529	732	529
166	961	166	961	166
679	684	338	464	39
624	624	624	186	624
932	849	921	932	849
677	558	558	558	558
135	186	662	62	506
473	689	473	689	582
997	390	997	997	449
89	44	44	89	89
162	99	195	99	195
460	811	460	811	460
375	375	273	375	375
507	1	719	751	35
979	863	979	863	979
959	597	649	935	569
364	141	311	766	799
739	464	464	345	464
959	118	118	118	576
854	854	837	837	837
96	96	615	96	57
838	335	464	349	509
397	397	464	464	464
455	427	115	257	829
208	208	208	208	208
614	614	404	614	404
127	438	339	705	400
248	193	193	193	943
26	590	26	26	590
530	530	530	857	530
292	330	625	685	412
32	152	152	152	32
527	178	178	178	527
891	777	777	777	891
935	363	898	361	154
581	744	744	581	744
112	112	112	422	112
45	399	45	399	850
292	292	292	292	292
617	617	545	617	617
167	975	12	489	393
910	910	910	61	61
907	907	692	692	692
552	552	552	479	552
692	907	534	534	907
839	186	839	839	186
799	66	799	66	66
812	812	929	929	125
838	838	838	691	838
844	554	844	554	554
955	841	70	70	70
47	655	655	47	47
780	780	666	780	666
426	404	426	404	404
343	252	299	347	111
210	68	68	210	210
384	658	384	384	384
804	968	804	804	804
66	66	66	66	73
396	396	396	396	445
780	780	170	170	170
250	250	875	250	875
242	848	242	848	848
968	506	968	777	968
347	127	347	347	127
749	49	687	280	157
679	432	562	590	881
933	222	222	933	222
697	779	470	779	779
136	136	596	570	596
446	825	446	446	446
274	274	150	150	274
856	907	907	907	907
564	564	625	470	625
172	172	880	880	172
784	372	784	372	372
527	527	527	961	961
913	768	913	768	913
430	283	430	283	430
680	528	334	680	528
635	212	412	113	383
395	813	469	822	449
430	490	490	490	490
882	491	975	208	766
528	483	483	165	528
239	324	324	324	324
611	856	856	856	856
879	34	34	34	34
455	455	455	664	813
664	664	86	86	664
909	378	294	521	771
809	729	809	444	729
247	247	247	247	234
316	316	316	536	316
967	395	967	967	967
163	598	37	718	59
604	816	604	604	604
287	1	1	287	1
468	468	468	20	244
385	777	385	777	777
846	846	986	878	986
252	252	999	252	252
679	858	858	858	679
813	813	825	825	967
950	950	950	950	108
995	521	521	995	995
515	937	937	937	937
109	866	866	109	866
83	820	820	83	820
211	80	211	211	211
569	870	569	329	569
391	270	270	391	391
890	890	745	745	890
732	732	732	224	224
47	490	112	830	79
750	187	750	187	187
602	303	303	602	602
622	622	622	155	155
137	137	163	137	137
454	858	454	858	858
131	131	532	532	532
510	353	510	353	510
894	707	894	707	707
411	764	764	397	397
928	894	152	554	51
168	80	677	9	717
303	43	43	43	609
519	519	969	969	969
949	288	555	591	566
24	841	841	24	841
481	481	625	481	481
446	57	57	57	446
37	50	486	35	934
312	298	312	312	312
769	769	769	492	769
195	560	195	560	195
967	226	146	146	967
962	962	29	29	962
753	753	753	182	753
995	995	829	995	829
937	250	250	937	937
213	178	178	178	178
452	452	452	787	787
127	752	127	752	752
895	135	895	895	855
758	758	613	613	613
220	220	418	418	220
984	852	852	984	984
778	778	778	778	546
23	556	995	265	78
460	339	727	339	460
31	31	445	445	965
68	935	322	367	539
342	602	342	602	342
950	399	817	399	950
311	147	311	147	147
532	177	177	651	651
824	91	170	100	215
654	628	654	805	654
178	64	64	233	178
776	776	169	776	169
781	1	781	781	781
169	169	169	695	169
650	650	650	512	512
720	720	839	839	839
253	253	253	494	678
865	372	372	722	865
64	182	182	137	64
72	477	477	72	72
826	84	826	893	84
853	853	168	853	168
214	214	214	214	214
481	51	751	27	80
690	731	690	731	690
779	779	898	337	337
396	396	396	396	396
694	694	694	680	680
264	320	264	264	264
881	881	384	384	881
267	267	493	267	493
468	919	1	274	721
884	884	943	884	591
496	557	393	792	833
446	446	706	446	446
16	394	394	394	394
487	877	877	487	877
535	515	678	38	78
876	339	876	876	876
582	551	705	943	538
577	533	279	261	254
320	802	475	630	414
986	87	986	194	87
147	653	904	943	34
144	793	821	821	793
228	984	369	798	411
68	597	597	597	389
602	602	602	602	204
177	692	619	862	425
642	459	459	642	642
765	345	345	345	345
993	993	174	993	174
441	385	906	805	258
98	799	98	799	98
815	775	834	527	684
467	467	20	20	467
689	689	689	689	527
1000	1000	1000	294	785
264	666	264	264	666
769	984	315	320	205
594	616	354	94	401
20	235	235	235	20
370	248	370	370	248
228	228	798	751	228
975	975	975	975	975
168	187	116	168	168
846	846	846	846	94
195	195	958	958	195
236	236	936	236	936
371	371	371	881	881
651	372	75	75	75
796	419	602	888	294
493	388	493	290	388
419	419	254	254	254
819	819	249	819	819
960	960	331	960	10
220	220	814	220	814
364	796	347	710	173
559	389	389	114	559
394	601	394	394	394
210	210	210	210	856
525	200	525	525	200
50	474	50	474	589
691	691	691	691	847
592	483	483	592	483
108	491	376	491	376
825	61	61	825	825
344	344	619	344	344
856	856	856	856	856
568	387	832	476	516
935	707	935	707	935
535	81	400	437	507
551	361	551	361	361
61	473	731	189	812
138	138	338	138	338
129	288	129	129	951
314	1000	1000	314	314
108	108	108	9	9
26	152	26	152	152
262	262	262	501	262
542	937	542	542	748
756	157	157	756	756
934	219	548	327	571
465	465	465	791	465
714	714	857	857	714
632	200	424	482	339
295	295	295	295	956
697	234	236	77	845
474	365	885	859	566
816	294	516	589	806
116	116	550	116	116
336	138	336	336	138
663	411	411	411	663
485	760	504	485	504
116	116	320	320	116
511	185	185	185	511
951	440	799	965	869
553	553	808	553	808
356	747	198	9	740
760	760	778	359	760
385	539	411	807	755
839	701	839	839	839
601	601	601	468	468
197	163	340	944	467
587	117	587	117	521
771	771	379	379	771
762	380	483	483	380
652	652	463	652	652
945	600	945	600	945
57	182	57	182	57
495	495	495	495	495
651	651	279	596	279
334	60	60	334	60
202	454	454	454	202
468	260	260	175	175
856	873	264	470	403
188	129	94	319	872
599	540	540	540	599
452	452	452	452	880
587	445	587	445	445
523	523	523	523	523
829	350	350	350	350
801	306	306	306	801
895	378	563	638	813
301	307	354	301	307
610	610	403	403	610
319	319	219	219	319
568	568	190	568	190
692	107	662	692	107
956	353	956	956	353
121	871	121	871	121
522	976	522	522	522
53	705	705	53	705
446	446	383	446	446
695	990	308	320	641
46	565	565	565	46
744	511	69	529	749
277	277	922	277	922
695	695	901	695	695
325	965	778	778	778
771	771	620	620	771
404	406	262	67	47
664	885	816	94	620
341	689	341	689	689
23	23	23	118	103
991	991	991	991	91
749	234	749	749	749
786	786	459	459	459
641	51	51	51	641
74	74	74	887	887
628	511	511	960	628
734	884	319	853	207
995	839	839	995	839
441	96	96	441	96
105	105	105	540	105
828	886	886	886	828
873	873	461	873	461
609	938	938	938	609
960	960	960	960	960
881	833	833	881	833
746	405	746	701	701
125	508	508	125	125
987	489	489	489	489
930	930	930	362	362
400	539	400	577	577
996	945	945	945	945
855	855	782	855	855
992	603	204	255	130
829	829	462	462	462
29	517	517	517	29
934	138	890	923	652
214	214	214	405	214
483	392	370	213	491
730	730	293	730	730
689	83	637	904	907
169	799	169	799	799
735	867	735	867	735
269	807	734	156	607
140	140	106	717	140
391	391	915	426	915
235	235	235	312	235
769	769	769	393	769
564	583	564	564	583
518	477	549	477	549
612	710	710	612	612
390	881	759	480	513
204	204	204	204	565
420	933	398	200	746
886	409	886	886	886
992	96	96	710	992
607	607	191	607	191
78	78	78	78	78
535	535	735	535	735
641	641	641	641	283
639	743	671	206	663
658	658	658	658	658
136	136	459	459	459
510	396	672	672	510
280	874	595	874	280
325	772	336	336	772
658	658	879	90	90
236	402	98	98	98
945	658	658	677	677
815	815	892	892	892
663	383	383	383	383
945	185	823	823	823
283	323	284	816	334
803	803	83	803	803
798	804	411	119	277
11	575	575	11	11
587	992	35	35	992
828	463	828	828	463
640	640	219	219	640
516	516	516	516	969
687	448	217	111	179
674	674	484	484	674
701	701	607	607	701
207	207	207	207	545
91	91	849	849	91
57	280	57	280	280
319	81	660	948	520
974	590	6	980	145
264	264	264	264	433
812	812	912	912	812
912	912	912	847	912
811	794	811	811	794
32	32	505	505	505
922	922	922	922	1
291	127	127	127	127
354	354	354	61	61
389	832	903	389	903
89	152	152	89	89
449	327	449	984	327
582	669	669	582	669
865	434	865	434	434
943	874	874	874	874
613	903	594	812	953
169	169	952	166	166
323	146	479	538	709
829	599	599	829	829
386	279	885	894	270
42	87	275	28	636
491	491	727	330	727
287	287	287	287	717
147	147	147	699	147
714	644	714	644	714
544	672	544	672	544
925	925	276	925	276
470	168	417	147	473
703	842	842	499	703
305	958	305	305	305
87	739	739	87	87
200	83	83	908	200
653	336	653	336	653
279	228	5	562	55
292	292	292	292	292
876	234	911	825	868
338	519	519	338	530
234	234	299	299	299
453	500	232	500	453
207	207	207	231	207
733	399	733	399	733
470	91	470	91	91
398	398	577	577	577
526	510	526	510	526
571	994	994	571	571
371	371	371	217	371
383	882	882	882	882
879	437	879	437	437
241	241	95	241	241
730	772	730	772	683
571	571	571	571	877
702	355	702	702	702
164	164	164	164	476
287	486	977	535	574
881	881	858	858	858
482	679	482	634	679
643	643	521	521	521
804	804	53	804	53
327	280	782	782	280
687	687	469	687	469
717	528	520	429	557
978	920	552	860	592
673	673	43	43	673
701	701	701	701	180
111	551	551	551	551
519	269	269	519	519
789	539	539	539	539
930	782	46	544	940
644	371	661	644	371
705	705	819	705	705
397	903	397	903	903
483	540	736	997	484
441	494	494	441	441
891	922	652	983	29
478	767	767	767	478
246	961	961	961	246
730	389	389	389	389
186	485	485	186	485
27	493	27	27	114
444	694	694	444	444
36	269	345	978	939
213	37	686	686	37
76	529	76	76	76
957	957	194	194	194
162	162	430	162	430
675	675	850	675	850
433	433	338	338	338
250	151	151	151	151
43	43	43	350	350
362	362	82	554	362
582	556	699	702	398
651	819	653	776	311
865	677	865	677	865
485	259	485	485	143
220	858	220	858	858
525	117	525	525	525
393	289	393	289	393
932	67	997	869	140
36	866	188	36	188
10	244	389	595	634
795	470	697	812	853
766	651	651	651	651
567	567	825	567	825
471	502	471	502	471
660	660	660	660	660
905	216	905	773	905
899	899	574	960	899
324	324	324	324	302
45	932	45	932	45
917	56	917	56	917
712	327	327	191	712
780	796	941	780	941
91	423	423	423	423
438	921	755	921	755
429	793	40	40	429
384	384	580	33	384
493	127	789	493	127
976	976	976	976	700
56	67	56	67	67
862	862	862	226	226
41	41	44	41	41
206	206	392	392	206
142	141	19	410	184
406	212	406	212	406
848	23	23	848	848
790	790	565	790	790
202	370	202	370	808
896	896	896	298	896
956	44	956	44	956
683	62	683	62	62
382	382	382	873	382
508	609	609	508	508
471	471	471	16	471
545	545	998	545	545
761	225	761	761	761
101	653	101	101	653
925	617	617	617	925
66	538	73	974	103
347	923	824	923	923
69	69	76	76	76
315	315	400	194	315
655	655	275	655	275
427	298	786	427	427
891	547	547	547	547
785	18	785	785	476
194	52	489	433	451
926	926	926	926	926
111	421	703	267	766
406	406	406	406	748
960	960	960	393	960
841	595	212	595	212
888	745	709	392	453
29	504	29	504	29
263	263	90	263	263
549	549	549	581	581
12	361	12	361	12
196	196	444	196	822
23	682	682	682	23
633	98	30	456	320
724	592	734	734	724
767	505	216	216	767
254	548	548	998	254
14	196	14	14	196
512	57	512	57	439
122	929	929	122	929
371	371	408	371	408
96	96	96	96	857
380	43	380	43	380
627	627	476	627	537
354	539	354	354	539
921	921	921	361	361
42	530	530	540	540
139	139	456	504	504
812	812	869	869	812
679	138	722	318	458
308	308	308	391	308
860	376	376	376	860
567	794	794	794	567
948	11	948	948	11
25	25	25	140	140
718	46	726	718	726
400	19	400	201	400
822	822	822	822	600
872	12	12	872	649
368	203	996	96	425
752	752	347	752	347
26	26	337	337	26
49	194	828	828	828
232	373	232	373	373
446	446	446	782	782
714	91	714	91	714
776	707	724	577	473
793	750	750	793	793
150	557	238	397	604
472	23	23	472	472
572	555	572	555	371
388	441	441	441	441
888	888	366	366	366
465	538	665	727	943
483	313	830	313	313
196	457	132	280	646
210	515	210	515	515
824	947	947	824	824
930	930	204	930	204
21	560	862	603	561
82	82	570	82	570
385	748	31	385	385
8	8	8	9	73
875	357	875	875	875
903	800	800	800	59
757	757	34	501	34
782	143	637	197	670
573	76	76	573	573
63	937	814	567	303
738	1000	738	1000	282
99	99	851	99	99
565	751	584	565	565
263	263	287	287	263
455	686	686	455	455
536	421	421	421	421
748	748	911	748	911
447	566	677	677	566
599	599	599	599	599
214	214	174	174	214
115	599	599	599	599
89	448	89	448	89
479	946	453	479	479
833	833	833	836	836
981	581	409	851	901
23	615	23	458	458
600	151	151	600	600
430	285	743	135	558
428	882	882	428	428
319	319	754	319	754
963	591	591	250	963
100	1000	872	716	463
234	234	111	234	234
842	842	842	961	842
418	559	418	418	418
282	862	17	928	522
271	618	271	271	271
41	390	686	646	852
383	383	383	306	383
516	516	841	841	516
12	12	744	744	744
541	541	541	303	541
661	343	353	949	155
779	779	865	779	854
978	990	691	461	329
610	610	80	610	80
211	770	828	211	211
831	60	370	803	52
656	656	888	888	888
575	575	575	3	3
907	907	907	907	907
964	629	629	629	629
330	330	330	693	330
624	669	669	624	669
76	183	183	183	183
549	549	576	226	226
532	883	21	883	883
686	933	686	503	503
41	60	41	60	41
244	244	239	244	239
501	495	501	495	495
761	359	581	174	757
969	969	969	623	969
902	150	150	150	652
463	463	463	377	463
940	588	940	588	473
478	84	478	820	84
203	293	293	203	293
519	519	488	519	519
347	252	347	347	252
407	787	407	295	787
293	895	293	429	293
219	219	219	219	492
983	401	983	983	983
771	771	707	771	771
754	296	296	103	103
108	379	379	108	108
707	409	707	707	409
941	821	821	821	941
999	999	999	999	999
501	509	859	33	152
603	603	603	603	477
772	636	769	237	67
279	302	302	302	302
714	12	714	714	714
504	65	626	626	65
107	107	107	497	497
600	329	329	982	982
283	576	283	576	576
716	890	890	890	890
41	690	920	920	41
228	766	228	766	228
932	852	852	932	932
128	128	341	128	341
692	752	752	692	752
79	79	911	911	79
629	192	192	629	192
24	382	523	64	177
217	440	945	217	217
670	168	670	670	670
472	985	510	873	910
691	691	175	691	691
614	90	666	666	90
989	379	334	993	757
272	906	906	906	272
91	117	91	117	117
602	602	34	582	582
802	491	491	864	491
207	512	512	512	512
748	177	177	177	177
393	507	507	393	507
104	384	51	360	669
908	908	969	908	908
510	337	337	510	337
594	594	610	594	610
598	164	598	164	598
271	271	536	271	536
140	124	835	185	820
400	87	87	400	400
563	902	563	686	563
781	56	781	56	781
335	618	335	366	335
753	777	455	707	716
856	686	944	541	576
547	54	54	54	54
75	161	75	161	724
487	487	709	709	487
12	12	706	98	12
716	123	716	123	716
142	927	927	927	927
206	516	206	40	516
94	94	537	537	537
206	206	206	388	388
493	493	373	373	493
965	538	965	965	538
337	337	337	337	504
884	884	310	310	492
47	338	4	225	340
625	625	625	625	171
387	387	387	375	387
289	407	407	407	289
857	857	506	912	506
26	26	876	558	558
803	803	501	803	803
226	873	668	872	82
521	521	971	521	182
833	833	857	857	833
780	780	524	524	780
524	524	163	163	163
743	457	457	743	457
324	79	324	651	79
637	979	835	989	827
720	720	955	720	720
934	527	543	202	749
475	475	773	773	475
487	487	393	419	393
203	203	203	203	187
536	138	453	453	536
729	180	180	180	687
986	465	986	667	465
915	889	889	889	915
170	758	170	170	170
778	778	778	778	778
84	313	313	313	84
181	93	261	472	809
491	491	856	491	491
117	432	159	72	991
936	775	324	775	936
856	866	915	114	159
477	283	283	283	283
613	326	613	326	613
543	226	999	543	999
110	933	110	110	933
501	501	426	501	426
725	179	675	743	2
23	425	450	23	425
112	312	209	312	112
779	779	403	403	403
853	853	397	397	809
551	424	424	424	424
741	217	833	633	1
661	990	661	661	661
436	918	436	918	935
126	355	126	126	355
737	51	139	737	51
504	366	504	366	504
62	189	189	816	816
378	378	378	430	378
744	667	744	667	667
788	788	788	788	281
871	871	870	870	317
452	52	452	52	427
728	728	524	524	728
62	892	892	62	62
278	685	278	211	278
687	687	687	687	707
206	206	151	151	206
396	172	172	172	172
977	495	865	381	964
29	724	29	724	724
97	97	97	97	782
104	461	104	104	104
176	176	791	176	791
614	614	614	24	614
736	736	485	485	485
683	546	546	546	683
219	834	708	837	423
739	650	546	739	739
228	228	655	228	655
189	371	189	371	371
189	189	189	823	189
817	650	817	949	817
725	725	725	938	938
188	188	188	188	68
334	685	334	334	685
607	805	607	805	233
436	207	207	828	436
899	899	336	899	336
228	228	228	301	301
537	537	767	767	537
191	84	60	359	280
480	875	454	563	134
647	647	290	647	290
951	219	219	951	219
600	600	966	922	600
616	803	220	302	613
831	345	345	831	345
201	201	201	491	201
22	120	486	468	928
656	592	674	592	592
826	826	552	552	552
244	807	661	382	451
692	692	692	627	627
215	544	544	998	215
494	264	264	264	264
860	578	856	818	453
927	224	927	927	224
184	184	89	89	184
970	243	243	243	243
146	146	146	601	146
641	543	543	641	793
312	225	312	225	225
531	531	157	741	157
928	395	626	626	626
395	391	395	391	391
779	779	891	779	891
324	596	66	324	324
601	601	975	975	601
29	29	392	392	392
101	47	268	101	268
196	795	943	196	795
607	584	699	607	584
578	939	939	939	939
351	129	706	816	751
570	570	614	614	570
744	377	744	744	744
723	22	22	22	723
198	444	957	199	504
230	230	732	732	732
505	505	171	751	171
391	391	391	374	189
592	592	203	203	203
197	945	197	945	197
480	801	480	801	311
277	277	293	293	293
980	980	163	980	163
249	249	249	249	330
605	162	162	162	162
256	339	256	256	256
668	668	157	668	514
288	629	211	198	584
309	688	309	688	973
887	303	303	887	418
318	67	318	427	67
901	901	489	901	489
393	995	393	995	995
171	215	49	725	606
154	885	885	282	885
338	338	338	980	980
337	337	69	69	69
953	953	166	953	953
831	311	968	831	311
519	519	519	326	519
875	942	875	875	942
327	717	501	717	717
864	485	300	281	766
250	250	250	250	218
100	569	937	655	111
787	472	258	787	787
386	386	386	104	386
736	736	685	736	685
75	75	75	725	725
965	965	42	42	42
236	45	229	219	467
586	433	586	724	586
119	119	348	437	348
576	794	576	794	576
820	820	820	638	820
327	327	224	327	224
28	292	28	292	992
630	630	831	831	630
445	779	445	779	445
485	598	598	485	598
731	312	406	731	312
248	930	248	930	930
893	339	45	541	238
126	96	126	96	126
809	453	283	283	809
299	308	851	6	804
642	642	642	884	884
115	115	149	149	149
995	503	519	856	403
167	167	894	894	648
736	736	294	736	664
792	83	831	25	867
195	592	978	692	989
172	282	172	172	172
651	704	997	736	5
135	831	250	48	891
357	357	375	375	375
669	193	669	669	193
341	390	341	341	341
769	769	769	209	209
99	568	568	99	568
224	14	396	224	14
966	966	966	601	601
745	986	986	745	745
551	376	700	915	702
726	607	607	607	607
533	648	533	648	648
757	739	757	739	176
602	51	859	12	8
883	883	901	753	883
861	562	189	861	861
389	389	389	282	389
486	71	71	71	71
24	881	24	24	24
384	266	138	351	323
675	675	997	48	997
712	922	712	922	712
603	603	603	603	603
61	175	61	61	713
407	153	300	422	35
317	286	317	180	317
708	528	708	528	708
860	661	737	703	146
822	822	312	822	822
160	951	56	141	768
366	366	443	443	366
879	962	962	879	962
107	709	357	871	859
251	722	251	251	251
340	221	468	609	329
253	253	909	909	253
984	984	315	315	984
880	880	880	896	880
432	432	660	660	660
958	693	958	693	958
445	131	282	113	10
332	116	637	987	646
691	887	691	45	887
728	235	504	787	921
821	291	377	377	291
116	949	825	825	116
542	542	599	761	761
266	266	714	714	266
881	957	818	957	881
289	289	289	289	289
563	540	563	540	563
286	193	286	193	949
26	883	883	883	883
419	419	419	419	419
957	957	957	282	957
554	514	628	264	560
400	668	10	191	744
953	923	923	923	923
969	969	969	969	436
511	175	175	776	175
67	80	67	724	67
814	185	814	185	185
467	467	467	737	737
931	725	931	931	725
149	149	149	586	149
556	556	556	665	665
356	617	557	821	403
845	845	707	845	707
892	215	821	821	215
230	512	512	230	230
253	253	253	253	725
165	340	528	911	423
469	469	226	226	431
78	721	500	660	595
435	53	321	53	435
396	545	545	292	292
434	722	434	722	434
530	630	630	630	530
17	17	148	148	17
461	143	493	298	893
470	70	70	837	470
56	56	944	56	944
931	930	105	26	426
9	158	9	158	9
779	875	779	875	779
424	172	665	462	204
427	427	844	427	844
187	869	869	359	187
884	884	669	884	884
323	323	323	587	323
396	489	396	396	396
611	566	611	611	611
8	8	14	14	137
24	31	31	31	551
638	638	638	287	287
948	717	717	948	948
131	527	527	527	726
408	99	99	745	745
765	679	652	679	765
945	945	945	945	945
857	893	857	893	893
24	872	199	310	38
444	444	444	444	444
607	582	554	841	506
130	669	198	681	392
246	978	74	314	359
36	49	662	844	797
486	966	966	957	957
213	392	213	213	213
484	639	639	639	639
444	881	876	881	876
3	3	912	912	379
981	981	981	4	4
91	346	167	230	716
424	424	293	481	481
130	130	643	130	643
787	291	291	291	787
502	24	625	24	24
165	165	165	621	165
665	795	665	237	665
514	514	514	514	342
687	687	150	687	150
597	42	597	597	42
915	98	132	225	12
394	394	107	107	107
46	46	46	554	554
853	23	769	23	853
746	873	873	873	746
534	275	218	275	534
238	511	511	238	511
565	565	565	565	688
504	599	504	396	396
814	814	814	814	814
880	265	996	151	934
271	500	271	719	271
992	722	155	868	608
617	617	175	175	175
114	114	55	55	55
511	508	918	21	568
675	200	200	675	675
512	368	368	512	368
273	273	273	273	273
816	993	993	816	816
488	488	488	797	797
947	577	812	330	625
393	247	689	247	393
691	446	446	691	446
294	294	874	874	294
392	534	534	249	534
31	31	607	607	607
223	527	5	981	591
316	955	316	316	316
306	146	146	641	146
118	268	268	268	268
526	484	484	484	739
423	210	939	210	210
122	122	98	119	98
1	367	683	339	678
62	13	13	62	13
48	48	712	925	925
138	138	801	601	601
414	844	338	562	820
670	773	670	713	670
532	918	167	303	147
372	350	372	757	372
398	726	901	867	20
118	131	131	131	118
425	761	761	425	678
250	250	202	202	250
864	952	861	29	945
789	839	789	839	839
985	985	985	990	990
773	982	773	773	982
642	164	642	164	164
513	513	778	513	778
441	441	441	441	366
893	893	893	961	961
762	245	245	762	762
543	157	543	157	157
281	185	157	185	185
218	218	226	218	218
856	656	748	320	554
75	321	461	875	284
985	985	985	265	985
396	396	396	268	268
977	977	240	240	240
633	633	348	633	348
753	753	753	10	10
844	769	674	575	375
605	276	886	605	276
333	416	416	333	333
808	808	808	28	808
107	107	107	258	258
750	148	148	750	750
674	847	847	847	674
952	834	952	952	952
962	916	979	599	161
274	74	843	943	676
806	806	806	326	326
467	343	467	700	343
371	120	120	120	250
414	822	822	414	822
592	592	592	292	292
590	590	638	590	590
482	466	828	13	959
852	545	852	545	545
277	277	277	277	328
322	285	322	285	285
185	576	924	576	185
58	58	58	410	58
963	103	103	103	963
420	420	420	674	420
794	794	320	320	320
992	806	992	232	806
477	477	464	477	464
110	68	557	557	110
876	219	138	865	215
80	215	821	80	215
682	239	682	682	239
731	691	691	731	834
108	949	949	108	962
18	172	112	112	112
729	501	855	729	855
694	694	694	693	693
867	867	867	867	721
168	968	168	968	168
588	588	384	588	384
506	506	170	170	170
37	895	895	37	895
845	390	105	580	625
440	94	440	440	94
322	578	378	917	537
572	572	572	390	390
142	142	142	142	987
753	753	753	753	753
946	103	946	946	103
643	643	849	849	849
321	886	133	516	793
760	751	751	751	760
104	104	104	104	104
974	795	70	476	734
78	78	78	737	737
9	584	700	53	934
506	506	506	506	892
805	202	202	805	202
295	394	18	405	248
56	157	56	157	157
790	790	790	790	766
772	659	428	428	428
868	407	407	868	868
908	99	908	99	908
920	871	871	920	871
921	514	921	921	563
43	297	43	43	43
558	895	558	895	558
683	788	830	794	369
978	135	135	135	978
90	561	949	73	248
457	67	296	296	296
687	685	363	37	581
296	993	296	993	296
602	734	602	602	602
795	795	23	795	795
615	96	744	948	659
741	796	741	741	796
870	215	668	215	215
126	770	126	770	770
279	279	279	279	367
21	21	21	21	567
355	273	355	355	355
802	50	802	802	802
690	690	690	690	851
86	86	409	409	409
787	816	816	816	787
434	434	364	434	364
979	979	726	979	979
42	42	341	42	42
872	207	523	540	274
419	419	576	576	576
65	467	941	529	512
508	614	508	508	614
455	755	755	455	365
973	168	265	41	49
272	304	760	862	972
560	673	560	560	560
157	157	588	157	588
558	558	990	990	558
598	25	66	854	666
625	205	205	205	625
696	696	625	625	625
192	155	800	559	236
701	701	429	701	429
498	498	294	498	498
904	904	904	904	934
101	101	101	80	101
510	510	510	510	558
28	28	635	635	635
200	287	379	429	31
378	378	179	179	378
359	746	695	192	295
883	883	883	742	742
590	590	320	614	320
30	278	191	191	30
152	451	877	152	877
854	854	371	900	900
762	96	485	373	48
125	125	125	815	815
317	551	997	926	5
385	349	349	288	349
20	866	866	866	866
731	731	731	510	156
892	422	765	391	621
689	483	483	837	483
539	247	247	247	226
81	806	43	829	758
957	957	957	422	422
794	671	824	129	144
971	741	971	971	971
494	494	231	993	494
826	221	107	94	997
538	538	454	53	538
437	485	437	437	437
436	436	436	575	436
293	781	455	824	116
490	490	490	825	490
537	487	112	797	29
458	458	458	503	458
963	979	205	568	290
329	896	329	329	329
106	817	817	449	817
716	716	714	520	520
673	908	908	908	673
410	410	410	410	135
54	26	651	54	54
161	161	695	695	161
857	488	616	470	842
313	869	869	313	524
221	221	827	827	221
526	126	526	126	526
249	32	249	249	32
870	65	383	610	634
516	943	559	15	221
874	874	280	280	874
321	794	321	619	321
442	442	129	129	442
988	988	718	718	146
401	54	54	54	401
484	920	484	920	484
484	28	484	484	484
582	582	582	582	488
969	370	436	370	969
810	810	660	660	660
849	144	849	144	748
755	755	755	863	863
210	210	727	210	727
588	442	442	442	588
360	354	360	360	360
213	213	621	621	621
161	972	161	972	972
900	219	362	362	900
928	21	21	928	21
488	488	40	413	413
754	811	811	811	811
862	862	865	510	510
828	564	828	828	828
831	430	430	430	831
333	333	333	815	333
212	240	212	235	235
509	786	513	593	112
83	83	861	83	861
790	813	813	813	813
335	694	335	694	335
888	33	33	888	33
239	865	452	830	16
475	784	467	784	475
401	174	624	401	624
221	752	221	752	711
597	914	597	597	513
83	96	563	545	262
87	892	892	892	87
812	404	404	812	404
395	870	999	214	853
659	659	659	659	112
572	572	572	572	274
917	917	379	917	379
579	794	813	579	794
496	452	496	496	452
660	660	660	150	150
323	323	323	264	264
585	653	578	510	332
398	398	398	398	398
586	586	50	50	586
220	220	220	54	54
554	28	550	847	665
953	550	550	550	953
872	87	626	833	687
263	226	226	263	263
699	765	699	435	765
406	406	918	406	918
961	526	456	87	681
115	502	115	502	502
238	238	99	99	99
792	162	287	287	287
735	735	603	429	735
562	516	715	560	918
490	490	364	364	490
97	345	97	146	146
810	22	22	810	810
177	177	787	787	787
629	29	629	629	29
626	626	205	205	626
532	973	532	973	973
763	601	420	80	79
750	466	466	466	466
943	513	513	943	943
792	805	792	792	792
11	11	468	468	468
305	305	74	74	74
78	535	335	655	518
665	120	200	176	815
70	273	512	273	70
99	371	99	544	371
590	54	54	590	54
845	845	244	244	845
487	280	482	280	487
529	60	529	60	60
679	840	679	840	987
76	891	891	76	76
420	420	420	68	420
583	967	967	583	583
286	286	286	166	166
441	716	25	970	657
543	543	391	391	543
391	391	391	451	391
530	244	491	888	664
282	506	282	282	506
751	105	105	226	226
294	967	294	294	294
128	128	128	208	208
694	213	213	213	213
87	862	862	862	862
82	767	82	82	82
468	263	468	468	861
602	840	688	322	508
470	897	363	363	470
360	269	175	226	888
113	841	113	113	963
406	406	168	168	406
701	934	46	46	701
99	147	147	215	147
148	875	875	148	148
163	163	371	371	371
801	801	208	208	801
82	33	303	831	738
819	592	376	592	819
496	496	774	496	448
76	76	630	630	76
847	713	847	713	847
535	683	683	683	535
880	880	389	389	389
655	896	90	608	781
127	817	817	127	127
964	166	166	166	166
38	184	38	184	184
147	861	573	861	861
43	43	43	950	950
765	188	759	389	444
916	941	77	554	518
248	248	248	248	424
816	259	816	562	816
558	558	558	461	571
983	389	389	389	389
254	254	254	39	254
591	798	591	591	798
926	896	419	496	270
720	720	769	720	769
318	318	318	775	775
360	726	316	302	552
572	76	76	572	572
44	308	308	538	538
479	479	479	479	479
935	935	680	680	680
300	514	514	300	300
889	929	889	929	889
934	269	995	269	269
774	86	604	774	604
832	832	559	559	832
578	970	903	292	124
926	777	926	926	926
135	672	135	672	405
967	967	967	75	562
142	283	142	286	283
19	851	19	851	19
991	198	991	633	633
289	536	289	536	289
553	314	126	741	51
286	286	286	121	286
104	104	104	221	221
718	527	112	527	718
890	558	558	558	558
22	925	22	22	125
656	656	656	306	306
848	133	848	133	133
263	263	263	538	538
636	764	183	311	506
468	627	468	627	468
479	936	777	479	936
797	462	716	767	853
596	596	257	596	257
860	733	649	629	155
374	276	641	756	470
133	963	656	902	114
893	893	971	893	893
834	767	366	767	366
436	521	436	436	436
441	8	8	405	441
108	594	594	594	292
958	958	977	977	958
864	753	793	997	705
42	562	588	176	106
906	906	950	906	906
101	313	101	313	482
281	281	952	110	110
583	582	583	582	582
262	262	744	744	262
329	329	427	40	427
461	461	793	793	461
357	828	828	357	828
457	457	457	457	457
865	865	865	859	859
185	185	185	185	295
199	199	199	199	199
612	612	823	823	247
868	993	868	993	868
2	75	158	339	468
277	846	277	277	846
97	977	977	97	977
149	556	692	956	965
974	287	974	900	287
509	509	902	458	509
988	7	7	7	988
788	853	853	853	541
703	653	143	143	653
931	134	477	485	52
625	818	625	625	142
426	426	426	556	556
85	85	85	507	85
109	700	109	109	109
350	482	613	350	613
928	928	928	928	928
329	329	999	999	999
50	754	523	411	339
905	905	905	816	816
214	214	214	214	271
761	761	686	686	761
455	741	741	455	455
968	968	968	851	851
105	231	105	105	231
505	321	686	386	322
276	770	770	770	770
250	250	250	795	250
663	318	730	318	730
766	509	509	58	766
994	405	567	686	491
758	41	41	758	41
88	961	961	961	88
846	64	846	64	330
963	142	963	166	142
427	172	172	172	172
987	368	973	368	987
663	663	663	462	663
423	423	423	423	606
364	364	364	276	276
263	143	143	226	263
3	94	460	455	235
27	778	27	27	778
343	737	681	764	447
967	237	237	237	237
873	873	734	548	548
352	74	74	352	74
668	246	226	246	246
234	234	234	234	466
343	343	541	343	541
603	124	224	293	141
33	780	780	33	872
810	165	810	165	165
530	961	961	530	4
673	886	546	673	886
290	738	202	162	321
635	452	635	635	635
347	718	414	637	608
711	555	890	934	499
121	441	988	162	823
132	608	608	132	608
572	30	428	149	369
140	140	140	140	829
672	672	672	672	513
657	488	730	445	35
867	428	440	699	690
378	378	172	378	378
86	755	755	696	86
107	942	942	942	942
850	448	850	448	850
242	242	950	913	950
633	633	633	913	633
790	694	694	790	694
769	769	769	335	769
390	80	805	312	635
975	551	848	774	627
281	281	281	426	281
497	497	497	238	238
996	996	427	996	996
387	359	129	359	359
454	367	744	547	236
550	600	600	600	550
434	485	434	485	434
649	152	152	707	649
53	699	699	699	699
338	360	360	725	338
577	336	607	398	760
786	261	544	296	684
319	526	97	223	57
592	592	96	592	592
117	111	395	111	395
576	261	615	122	489
301	192	192	192	301
939	327	327	939	917
869	186	186	869	869
720	967	967	967	720
786	786	623	486	786
118	361	361	118	118
979	979	702	979	979
166	166	166	166	166
868	957	868	868	957
172	172	351	172	172
72	381	381	72	381
16	16	16	397	397
987	488	987	987	488
816	816	375	816	375
740	905	905	740	905
905	811	149	905	905
89	394	394	394	89
609	489	489	489	609
915	439	439	915	439
106	342	106	106	106
85	787	912	903	212
473	473	174	340	174
776	63	63	63	776
490	757	757	992	490
89	572	250	36	549
506	636	466	829	890
624	665	556	624	624
173	722	173	722	360
628	312	628	628	628
204	942	204	204	942
321	674	321	674	674
119	421	592	709	152
838	838	838	838	838
366	78	478	478	78
824	34	794	950	57
65	338	65	65	338
410	620	137	341	957
202	202	202	544	544
968	20	840	969	337
900	720	900	900	720
793	793	793	443	443
217	217	217	217	550
910	556	556	910	910
878	878	878	38	668
870	649	390	390	870
923	923	923	13	923
651	710	651	710	710
806	126	24	307	431
377	377	707	707	860
60	60	60	60	819
491	491	832	832	832
881	881	155	155	881
891	518	891	683	683
750	957	957	957	750
264	327	327	99	264
670	433	670	670	708
190	332	26	530	436
62	403	403	403	62
169	169	168	168	168
299	785	762	785	299
308	337	337	337	308
657	792	410	657	657
394	394	511	511	394
300	499	300	499	300
157	396	157	157	157
316	316	316	316	316
806	806	848	848	848
12	486	12	727	486
756	756	133	756	133
347	363	363	347	363
274	291	274	274	274
55	831	55	255	831
161	710	710	710	161
483	517	483	517	517
813	815	815	813	813
925	247	925	925	247
305	81	81	81	305
457	974	974	457	974
71	508	81	136	752
102	172	964	278	898
414	849	414	414	849
644	644	644	644	644
636	13	13	636	636
549	573	549	573	549
443	443	443	443	674
290	290	290	866	866
748	299	748	21	748
741	635	635	741	635
4	4	4	772	772
558	558	558	558	558
554	128	361	913	434
435	435	435	352	352
857	857	274	274	857
852	809	809	809	336
313	313	277	277	313
860	860	710	710	710
609	449	609	609	449
611	611	530	530	611
982	240	518	982	982
131	131	131	131	131
912	648	648	648	648
427	427	792	792	132
48	806	542	275	433
447	524	524	447	524
748	748	948	823	948
229	480	484	229	229
841	324	324	324	324
398	450	398	398	398
340	340	340	431	340
144	611	472	713	349
527	984	984	984	705
571	571	727	727	571
898	24	24	126	898
677	867	677	867	361
706	706	202	706	706
736	879	226	703	195
665	665	582	665	120
929	636	188	977	131
262	203	203	203	203
201	201	201	710	710
818	492	85	999	207
285	285	523	162	162
990	998	723	723	990
793	856	793	793	856
426	909	909	909	426
597	217	217	217	217
604	589	604	589	604
666	646	666	646	646
807	268	471	364	438
306	306	15	288	288
844	603	465	127	653
475	780	780	780	780
634	158	634	158	158
620	620	620	363	620
648	379	613	379	379
85	712	748	712	85
237	236	549	143	971
263	3	3	3	3
116	239	116	116	116
341	668	668	634	668
471	471	965	471	965
197	197	744	744	744
950	134	134	134	950
378	378	364	364	378
331	940	637	10	226
124	842	124	124	124
117	706	706	706	706
634	856	845	392	903
316	316	316	316	513
44	589	589	44	589
807	807	491	618	618
773	773	737	737	737
649	649	957	957	836
529	529	529	529	529
446	50	50	50	446
506	620	506	506	506
532	456	838	726	278
824	781	781	773	781
213	382	213	213	382
228	228	449	449	993
747	747	747	747	172
813	399	893	132	385
555	942	577	942	577
493	493	417	417	417
770	770	929	770	929
854	913	913	854	632
133	133	643	133	526
548	548	492	548	909
628	766	628	766	766
201	943	943	201	201
238	173	734	238	173
158	94	88	536	141
131	545	376	868	638
313	334	313	313	334
259	543	365	947	336
708	708	708	708	713
139	576	576	139	139
718	71	718	718	718
52	725	11	41	409
239	332	239	332	734
13	13	13	671	671
508	508	130	508	415
82	820	145	82	145
992	769	541	541	992
627	627	627	402	402
552	485	552	552	485
284	578	921	694	715
425	294	472	356	324
416	212	416	212	212
799	799	299	799	299
778	735	422	778	735
510	510	954	510	510
636	398	636	890	890
317	529	317	529	529
575	741	575	741	741
814	814	283	283	814
945	945	945	609	945
749	619	900	444	920
952	683	952	683	952
812	812	812	812	434
351	103	965	965	965
49	49	49	49	49
165	474	165	165	165
749	749	768	768	768
158	158	660	660	158
967	198	985	198	985
23	629	23	629	629
1	533	533	533	916
631	631	570	631	631
133	133	133	133	133
111	448	448	111	448
950	968	115	115	968
73	73	73	73	73
560	560	128	560	128
786	786	786	840	786
470	470	470	470	470
13	751	751	13	751
666	666	666	22	666
583	583	749	583	749
504	504	504	504	504
647	458	483	921	895
477	477	661	477	661
242	827	827	827	827
575	575	971	836	971
303	302	155	285	555
490	674	674	490	490
818	818	251	818	109
507	507	897	897	805
22	150	150	325	150
857	640	245	748	92
622	210	210	622	622
836	867	836	836	836
184	340	67	85	529
830	948	764	948	830
522	576	522	522	522
322	322	322	33	33
510	510	319	510	319
982	680	982	282	680
557	557	557	557	235
864	864	864	864	864
454	454	587	410	587
778	107	522	107	107
759	759	518	518	759
303	894	894	303	894
894	894	438	894	438
888	172	175	888	888
904	642	301	217	111
764	866	29	764	866
780	780	417	780	417
398	398	398	398	863
93	747	93	734	747
749	749	749	749	100
524	257	524	257	524
707	707	751	751	707
651	651	651	329	329
723	723	791	723	723
422	422	214	25	422
373	373	373	821	821
212	568	857	226	812
442	442	361	442	442
266	790	790	790	790
219	219	219	836	836
866	601	601	601	693
275	849	275	275	275
724	406	762	808	975
395	241	395	241	395
383	383	896	984	896
658	645	983	658	645
829	57	584	223	178
27	27	27	27	27
403	181	53	600	650
184	575	483	953	33
46	46	199	199	199
621	857	857	857	857
928	764	928	764	928
948	421	948	421	948
627	854	627	854	627
499	499	499	466	499
76	175	876	506	973
841	841	841	841	841
471	502	771	298	675
304	833	833	583	304
534	615	534	615	615
350	187	350	350	350
782	782	533	773	782
376	616	376	616	376
631	631	714	631	174
234	666	881	881	881
348	243	620	348	348
386	842	386	886	386
206	945	206	945	206
975	846	975	846	846
724	506	984	724	506
449	197	449	449	449
467	907	246	413	120
939	778	939	778	941
850	654	654	654	850
280	542	380	280	280
904	364	802	719	358
549	135	135	135	135
462	647	462	647	462
865	256	256	256	256
991	991	367	991	991
720	586	638	685	497
646	277	365	666	174
151	151	151	257	257
97	455	455	68	68
636	144	144	636	144
642	248	642	642	248
959	959	959	521	959
261	997	997	997	997
852	852	460	460	220
268	614	665	363	506
121	712	751	931	6
630	630	537	537	630
577	577	630	630	577
57	57	319	319	319
898	393	197	729	977
167	167	167	167	167
553	553	553	553	553
567	567	836	567	567
697	114	614	614	114
72	72	72	72	72
88	485	485	88	485
909	36	72	72	909
306	306	306	817	817
618	618	745	618	618
844	841	844	673	841
790	324	764	764	324
111	111	192	192	111
571	593	571	571	593
960	881	904	881	904
692	742	799	799	799
975	975	386	728	386
284	284	960	960	124
565	565	565	565	923
626	626	626	908	626
524	138	524	138	138
933	732	846	871	304
296	298	296	774	298
514	46	514	514	514
45	45	225	45	225
703	983	983	983	703
632	988	820	112	703
958	444	444	444	958
391	145	145	145	3
479	109	479	109	479
606	831	988	606	988
109	367	106	109	367
810	983	576	847	390
679	601	679	601	601
963	838	838	963	963
382	958	958	751	958
530	165	530	165	530
474	449	647	647	474
908	50	212	212	50
886	886	886	569	569
209	82	209	369	82
339	339	339	125	339
975	245	41	245	975
634	440	634	440	634
665	442	665	665	442
871	533	388	111	121
966	966	961	966	961
63	714	714	63	714
116	838	335	178	995
391	391	391	831	831
837	837	970	837	970
228	369	228	228	369
775	944	944	775	639
87	571	571	87	571
916	916	916	916	916
42	233	520	530	656
732	966	732	430	732
963	963	879	879	202
710	571	710	571	375
988	272	290	179	788
912	978	466	978	978
629	357	629	846	846
548	227	866	579	565
116	690	690	116	690
871	870	871	871	871
525	525	6	525	525
974	5	141	903	331
143	143	143	150	150
551	551	38	551	38
669	74	669	669	669
881	353	881	881	353
822	822	822	822	822
630	630	948	630	948
104	52	104	104	52
856	856	856	856	856
717	612	612	717	717
622	532	440	790	769
372	629	629	372	820
355	763	43	488	368
918	273	484	484	484
673	84	962	724	374
347	274	274	274	274
686	686	268	268	268
302	513	870	302	302
52	52	52	18	52
792	715	715	715	715
408	408	181	181	181
124	124	124	238	124
241	166	166	241	926
1000	597	1000	1000	1000
470	470	615	615	470
379	932	932	932	932
892	892	763	763	763
917	917	801	801	917
351	381	1	498	119
434	350	434	484	434
899	175	175	175	899
379	379	468	379	587
702	206	562	495	7
615	456	615	456	456
335	137	137	137	335
277	969	277	277	277
860	473	473	618	473
473	473	473	437	473
498	779	779	498	779
83	83	406	977	406
990	990	555	990	990
930	930	161	161	161
549	549	129	549	549
411	807	365	411	365
20	910	910	20	910
851	672	640	161	413
935	935	935	417	935
390	155	155	390	155
604	805	280	805	604
676	562	562	562	676
262	262	689	689	689
667	335	743	275	510
512	158	26	521	2
193	378	193	193	378
679	679	357	679	357
460	612	460	460	612
425	425	425	798	798
837	116	837	116	837
299	82	299	299	299
499	740	279	999	768
146	146	915	146	915
624	515	515	388	624
645	557	22	227	320
437	171	171	138	171
812	419	812	419	812
129	404	589	630	214
167	167	167	523	523
115	545	650	98	969
766	342	931	764	441
824	236	236	824	824
642	642	574	574	642
931	24	931	691	691
653	795	556	459	311
622	622	291	291	622
384	200	200	200	384
362	362	362	366	366
116	116	497	3	497
796	796	796	19	356
609	196	609	196	609
467	467	467	263	230
220	828	220	828	828
159	17	997	17	159
28	28	874	874	708
690	946	946	690	946
141	340	141	141	141
230	717	230	230	230
254	333	333	333	254
814	351	426	351	351
825	477	477	477	477
82	176	176	154	82
159	159	159	169	159
878	907	907	878	480
856	856	210	210	856
731	564	564	564	731
654	654	800	800	178
119	119	769	769	119
389	784	784	784	784
297	965	711	297	711
92	314	384	902	873
834	834	695	695	834
491	983	606	984	432
362	975	975	975	975
470	892	892	892	892
284	284	284	284	284
266	739	426	615	169
109	872	872	872	872
409	409	31	409	31
889	792	792	792	792
574	725	725	725	574
626	943	943	626	943
794	467	794	467	378
917	48	917	917	48
786	470	786	786	470
954	842	954	842	954
629	914	914	629	914
957	457	957	957	457
997	751	997	751	997
772	883	772	883	359
478	799	799	799	478
65	65	816	816	65
975	11	11	975	11
509	742	106	497	659
634	634	566	634	566
164	164	970	268	268
784	851	851	784	851
252	475	976	137	391
280	293	434	342	848
850	850	259	850	850
780	853	890	853	853
127	47	423	165	41
585	294	743	294	585
533	526	526	533	533
862	862	261	261	261
537	165	165	165	165
524	524	839	839	839
609	609	76	76	609
934	382	382	115	934
834	963	834	963	963
690	817	690	690	690
542	714	366	366	714
697	531	582	412	858
102	102	655	268	102
997	997	997	997	997
306	306	570	306	306
310	667	667	310	667
938	938	938	591	591
493	493	839	493	493
247	784	247	134	784
504	504	25	504	504
82	82	82	862	82
664	571	571	664	664
32	668	32	668	668
778	778	778	778	546
106	106	311	311	106
897	897	421	869	869
482	482	482	831	482
406	6	129	992	363
58	735	685	195	566
941	100	100	941	100
826	98	98	98	826
751	155	155	155	155
365	365	100	365	365
179	748	179	748	748
381	790	790	381	381
968	516	854	516	968
718	395	395	718	395
724	716	716	716	724
440	440	440	572	207
377	122	477	632	52
415	415	131	131	131
112	112	110	110	112
953	953	689	52	689
709	836	709	836	836
990	262	632	569	690
365	898	470	37	557
340	340	367	367	340
755	755	476	476	755
82	795	795	795	795
976	491	491	567	976
23	711	23	68	68
429	202	429	202	202
985	973	985	788	788
210	544	210	544	544
451	345	345	451	345
471	471	581	615	615
195	96	909	714	708
127	602	57	602	57
52	52	52	52	52
225	842	842	225	842
348	348	348	348	348
504	34	967	302	632
99	99	74	582	582
731	898	731	731	898
630	5	454	5	630
520	532	144	714	900
719	734	734	734	719
558	558	882	882	882
915	626	915	626	915
576	576	576	576	244
837	956	956	956	956
9	270	270	270	437
531	558	558	558	209
31	116	31	116	116
431	367	431	431	367
630	772	772	772	772
797	797	797	772	797
146	237	348	125	634
166	783	563	945	794
2	533	90	529	881
173	859	859	391	391
241	241	241	890	24
288	823	823	823	823
116	920	920	116	7
253	850	123	850	123
185	32	1	684	308
529	718	529	718	718
23	626	752	244	834
221	221	221	221	221
402	402	402	193	402
176	176	176	980	980
215	215	261	215	215
460	460	460	460	833
775	512	775	775	512
931	99	629	707	340
915	521	997	915	915
151	815	815	815	737
29	240	29	29	29
966	455	765	241	450
900	737	952	737	900
694	694	586	586	586
201	904	735	726	236
53	53	53	111	111
811	557	805	993	845
94	498	699	613	519
342	978	978	342	632
603	213	603	31	213
63	243	63	243	63
866	227	227	227	124
68	68	78	641	68
689	685	53	354	930
650	54	75	75	54
814	377	614	428	142
321	321	810	810	321
424	268	268	268	268
341	341	341	341	601
894	738	738	819	894
540	661	540	274	274
695	338	695	945	945
573	315	412	412	573
242	924	242	242	242
134	134	309	134	134
25	524	524	25	25
644	744	744	644	644
991	952	562	991	991
540	293	474	540	293
59	59	59	870	59
420	437	437	156	156
194	528	543	194	543
766	766	766	6	6
895	895	731	740	731
956	554	554	956	554
845	845	845	845	537
392	124	471	880	74
875	875	371	371	875
489	748	489	489	748
853	109	905	724	429
325	55	325	325	325
736	284	808	284	284
611	960	611	611	960
500	500	500	500	500
250	250	574	250	574
577	433	433	433	577
640	659	659	768	768
743	743	743	347	347
298	340	340	298	340
959	184	820	706	510
941	190	793	487	821
92	92	92	92	92
738	523	362	20	437
417	537	506	368	251
902	222	68	902	222
648	648	648	648	648
590	590	637	590	637
961	892	724	126	346
602	602	602	602	627
282	282	282	282	59
901	55	55	901	55
450	808	213	219	988
204	204	204	392	204
920	160	160	920	920
622	584	584	584	991
556	556	556	335	952
84	234	266	34	620
323	289	289	157	289
362	362	680	362	470
340	283	340	23	340
353	33	353	33	33
446	572	446	572	572
64	199	64	64	64
930	667	466	756	842
145	554	554	554	554
814	57	412	513	438
358	358	452	452	452
125	926	926	125	125
823	424	424	158	158
675	551	745	25	355
165	165	196	670	165
288	848	288	288	288
29	560	277	29	277
93	48	93	93	48
452	224	706	703	915
151	559	802	900	897
158	131	158	131	554
784	6	140	784	6
288	288	726	726	288
168	761	424	168	761
269	269	418	269	418
330	330	330	714	714
819	298	819	177	177
547	547	547	976	547
122	47	658	181	551
817	297	811	297	297
688	810	688	810	810
865	780	248	455	83
882	309	520	882	309
232	232	539	232	232
134	429	134	134	134
363	363	784	588	784
553	553	128	128	553
191	944	191	191	191
191	195	195	195	195
709	709	84	709	709
697	388	388	388	697
127	591	591	591	127
763	763	763	149	149
829	345	296	296	345
796	54	519	467	74
934	934	734	934	832
80	80	933	80	927
79	781	79	781	79
840	169	248	445	195
848	978	848	848	252
165	462	94	298	948
975	6	975	6	6
195	312	195	312	195
689	689	689	689	689
654	769	769	654	769
526	707	833	833	707
154	723	919	199	18
612	675	612	174	174
972	499	818	539	234
780	780	850	850	850
298	308	753	753	308
295	295	922	295	295
135	995	569	569	995
730	730	725	725	725
483	483	866	866	866
157	157	157	795	157
690	88	765	124	735
610	163	610	610	582
687	72	813	416	205
788	788	788	788	788
278	123	123	278	577
278	782	808	541	213
146	573	146	573	146
30	551	30	551	551
388	39	388	388	39
281	867	867	281	281
173	173	544	544	690
971	767	218	630	395
352	901	901	352	352
652	652	931	931	931
181	301	181	181	301
35	902	349	875	428
768	616	768	768	768
561	561	561	561	651
806	184	806	806	806
580	580	569	569	115
247	247	826	940	826
490	490	733	733	885
608	298	537	702	359
639	816	55	816	816
259	259	138	259	259
130	130	130	416	416
35	522	35	522	35
750	401	364	925	930
509	145	315	280	418
911	15	911	15	130
895	895	133	133	895
598	312	148	852	247
299	299	299	299	448
776	776	776	776	53
533	611	611	533	533
254	475	499	254	254
971	887	970	887	971
139	524	330	139	139
546	778	186	474	248
639	491	639	491	491
825	58	301	466	141
415	822	822	415	822
682	682	682	682	682
534	534	534	534	534
403	403	676	676	676
581	30	30	581	581
28	250	195	211	605
519	833	591	833	591
329	329	329	646	646
536	973	103	796	603
513	513	513	513	513
222	222	222	222	420
688	688	248	248	248
305	305	955	955	305
5	179	5	546	546
20	267	158	840	874
2	737	2	737	737
401	134	15	286	776
722	883	884	373	539
86	86	209	86	209
921	306	944	517	855
603	586	715	321	30
253	253	281	522	253
380	885	885	380	380
379	1000	738	379	1000
350	775	98	98	350
495	495	185	185	495
494	135	870	258	222
862	862	862	862	862
832	832	183	183	981
254	57	254	57	57
357	357	357	786	357
748	278	389	389	278
220	793	793	793	793
887	887	887	148	817
607	979	12	554	925
865	221	221	221	865
15	402	918	15	15
458	458	800	61	458
89	719	89	719	515
458	458	302	50	302
302	302	814	86	86
71	71	165	71	71
483	992	992	992	483
171	532	494	171	494
934	875	507	717	815
953	953	969	969	953
330	330	330	330	330
706	244	706	244	706
286	421	286	286	785
884	119	119	884	874
270	614	270	270	641
585	43	370	729	812
634	491	491	923	634
763	266	272	110	144
910	346	346	910	346
826	70	872	70	826
237	973	237	428	428
934	934	934	934	775
666	127	666	127	127
713	628	259	259	628
221	389	737	773	729
398	398	232	232	232
438	360	360	438	438
491	886	886	886	491
406	728	406	728	406
142	42	42	142	42
248	248	849	849	248
36	824	668	351	406
507	351	507	351	507
32	61	32	32	61
522	522	424	424	424
126	72	183	558	855
67	265	67	739	265
570	379	316	895	899
594	594	594	594	594
373	895	346	236	617
353	353	247	353	353
686	5	914	712	173
532	473	473	532	532
711	537	2	595	650
705	920	705	705	408
210	548	540	415	283
985	648	648	985	985
851	619	619	619	851
537	290	537	537	290
646	646	399	646	399
406	406	406	406	778
832	985	832	832	985
517	517	184	517	184
456	456	157	157	157
827	827	795	827	827
563	563	563	563	563
499	347	347	347	499
690	579	579	690	690
238	7	333	333	333
355	81	287	232	665
141	117	923	267	80
154	364	154	777	777
125	685	526	677	13
276	753	753	753	276
119	600	119	600	726
800	800	347	260	800
701	948	948	948	701
649	381	9	9	649
135	135	135	135	170
789	789	758	789	789
705	705	727	705	705
961	961	961	708	961
552	228	552	552	228
34	34	34	34	107
977	977	953	977	943
167	167	167	512	167
48	420	420	48	48
782	849	782	782	849
682	409	409	409	682
748	652	748	652	748
150	150	150	150	150
978	978	591	978	591
342	549	699	992	154
431	431	431	431	22
228	110	191	110	228
389	335	389	205	335
14	14	14	610	14
169	970	970	538	970
833	733	733	954	833
223	445	674	674	445
50	50	50	820	820
159	985	479	834	551
236	827	236	236	236
183	99	183	223	99
19	641	19	641	19
989	865	884	551	776
458	458	753	753	458
820	820	820	820	987
285	9	285	9	285
700	700	700	700	91
105	274	274	105	522
686	101	101	686	686
991	991	991	135	991
90	969	959	959	969
798	798	798	798	666
557	584	557	557	557
604	604	635	635	635
227	227	440	227	440
9	814	9	9	814
810	310	911	11	93
599	245	415	599	415
648	429	429	582	648
235	235	889	315	889
425	425	425	615	151
81	209	81	81	81
451	451	451	231	231
120	329	525	329	525
550	580	731	580	580
176	842	842	176	842
810	362	362	810	810
250	250	837	837	891
314	433	918	187	548
363	363	34	363	34
157	157	157	157	157
290	115	220	115	115
950	950	584	584	584
59	862	900	454	298
719	719	719	940	719
687	687	918	918	687
486	883	883	486	486
594	583	594	583	583
338	743	743	743	338
459	459	192	192	192
800	746	746	800	746
181	749	749	749	749
985	985	985	985	407
781	506	506	506	781
571	571	571	571	377
138	906	138	906	906
187	187	731	187	731
839	998	998	998	839
703	984	703	261	984
997	997	997	997	997
92	407	780	793	570
263	263	263	425	425
689	689	722	722	689
629	629	113	113	629
267	267	967	967	267
774	774	787	774	774
806	820	820	820	806
332	332	326	201	326
649	601	510	601	510
514	514	514	379	514
762	762	510	762	762
718	718	704	718	718
60	60	453	453	453
354	739	354	354	354
65	449	65	449	65
427	875	348	427	427
952	745	745	952	745
788	788	788	788	788
429	570	129	129	129
906	455	555	555	455
214	452	214	452	214
193	400	930	568	585
399	399	565	399	399
425	425	693	425	425
457	378	378	378	378
918	242	242	918	242
934	418	438	418	934
824	545	824	824	824
820	820	615	615	615
292	960	292	960	960
98	98	860	418	418
908	100	100	100	100
603	148	603	148	148
777	279	417	358	57
21	941	23	819	346
244	146	806	833	429
327	327	327	907	327
368	158	368	368	661
241	683	683	241	745
189	261	973	34	8
777	777	485	777	777
845	809	508	612	926
480	480	480	680	480
44	44	44	44	694
240	364	717	364	240
245	347	347	347	347
415	431	219	842	721
347	347	701	536	701
276	542	542	542	542
900	900	895	895	900
940	877	917	917	917
838	838	838	838	838
796	623	434	178	991
26	992	640	855	346
867	914	136	104	137
608	512	503	608	512
139	333	139	606	606
315	951	951	951	315
500	957	500	500	500
881	474	881	485	485
702	702	45	702	702
977	654	977	977	654
318	318	318	931	931
283	283	283	262	262
16	168	346	346	16
773	31	733	710	203
586	201	201	900	201
404	404	19	404	404
448	303	47	38	875
570	988	988	570	570
525	525	525	287	525
432	432	567	567	188
834	788	834	788	834
410	612	410	410	612
428	932	428	781	428
656	468	575	714	113
752	149	752	752	752
596	252	538	252	538
959	959	959	959	959
382	14	14	382	382
207	534	534	534	207
403	140	657	657	140
650	332	650	332	332
444	81	81	81	444
774	774	774	774	774
495	477	547	221	556
145	983	602	983	145
639	29	162	153	827
45	45	45	45	280
760	662	493	760	662
817	817	704	704	817
521	182	521	521	521
882	128	456	36	312
650	650	650	446	446
857	255	255	857	857
569	569	644	569	644
281	281	880	281	880
73	779	73	73	779
872	609	138	6	986
905	905	905	905	905
629	629	860	860	860
650	970	970	970	970
733	733	182	733	182
868	683	611	857	366
756	309	756	808	808
340	460	636	636	636
804	930	804	804	930
789	131	789	789	131
587	587	697	587	697
516	992	346	210	721
897	942	942	897	897
753	437	545	461	24
34	703	703	703	703
952	952	566	566	566
77	147	77	740	77
523	523	708	708	708
31	31	681	31	681
933	476	810	212	82
524	524	493	672	672
967	925	925	925	925
220	34	870	870	34
164	164	736	164	736
65	489	65	65	65
546	546	546	840	546
785	785	495	495	785
525	525	598	598	598
614	301	614	614	301
916	916	866	916	866
578	727	727	358	578
62	464	464	464	528
566	565	565	566	566
522	341	369	278	670
142	948	774	774	142
469	481	469	469	481
282	489	949	633	156
38	639	639	639	639
139	755	755	755	139
917	917	502	917	502
968	925	620	925	620
933	509	933	849	849
3	300	3	300	262
552	310	552	310	552
176	176	266	176	176
217	81	233	323	701
936	574	574	574	936
461	886	999	160	433
516	246	516	246	516
934	934	934	934	346
868	403	868	868	868
466	736	736	667	736
747	61	747	61	61
476	321	630	164	567
679	895	895	895	679
495	280	280	495	280
596	912	912	596	596
479	527	479	479	508
499	423	499	423	423
460	460	460	828	667
409	23	797	352	750
782	285	782	285	285
555	284	555	690	690
978	978	828	828	17
57	107	107	57	473
179	545	545	179	545
59	985	613	317	70
467	545	545	545	545
269	365	358	219	222
506	335	335	335	627
392	730	383	103	433
22	511	22	22	22
485	856	485	485	123
818	211	818	211	818
297	297	297	577	297
8	8	237	8	918
441	866	47	389	735
352	69	255	174	247
388	747	802	188	988
672	672	176	672	672
450	253	253	624	450
53	53	53	53	353
979	979	342	979	342
311	478	478	478	478
826	826	826	946	826
800	234	234	234	234
782	782	389	389	782
54	154	54	154	154
5	100	149	149	100
87	87	604	604	604
245	264	264	264	245
741	741	62	741	62
966	172	172	966	172
761	761	761	1000	1000
268	268	536	268	268
355	355	355	355	420
574	574	546	574	574
854	836	297	41	678
390	77	77	390	77
716	590	198	716	590
798	145	798	798	798
298	108	298	108	108
400	741	324	324	741
831	906	906	906	906
956	854	956	854	967
132	895	566	509	13
828	828	828	828	993
155	279	155	279	663
107	46	46	107	107
164	895	232	537	599
927	927	973	973	927
849	921	849	921	921
56	438	56	438	438
123	123	123	638	638
818	818	818	818	471
493	493	20	493	725
48	877	471	854	902
377	377	714	241	377
716	695	593	285	78
537	528	537	528	537
604	604	635	635	696
358	43	718	807	356
377	377	658	658	377
226	403	199	226	226
635	198	198	198	635
161	558	163	161	161
539	539	301	301	539
831	169	352	773	753
679	804	464	328	210
259	531	275	531	531
591	960	960	960	960
172	172	172	172	421
994	77	473	211	666
679	679	679	679	679
626	626	747	747	406
297	626	573	931	889
660	660	660	660	660
359	590	442	663	16
40	40	40	40	695
112	21	20	648	900
691	603	691	691	603
901	901	901	901	508
572	425	454	47	553
717	960	90	87	614
213	132	132	534	213
545	409	409	409	409
629	753	629	753	629
371	517	371	371	517
170	345	345	345	626
16	958	178	968	143
350	25	230	230	230
47	47	816	816	47
735	325	802	325	735
935	935	860	935	935
240	282	240	240	281
975	985	452	46	206
266	555	141	931	697
259	259	259	495	495
904	904	874	874	904
844	844	1	1	844
8	505	8	8	432
354	570	354	354	699
456	397	860	175	124
434	237	434	237	237
768	768	93	965	93
411	612	180	898	253
663	663	208	208	845
818	818	818	818	818
126	126	126	126	126
681	170	681	681	170
557	753	177	356	118
179	176	315	176	176
822	646	602	580	515
868	630	194	477	818
101	185	101	917	185
537	152	969	152	537
637	637	637	637	637
494	97	494	97	494
869	984	869	869	235
68	68	68	558	68
40	40	837	40	40
584	584	584	468	862
757	587	587	757	757
487	123	743	448	251
766	636	221	636	636
51	408	51	408	431
34	34	34	938	34
505	505	938	505	938
737	535	737	737	535
331	641	333	391	427
176	176	176	358	176
811	744	54	76	603
344	353	353	344	344
356	356	97	97	356
360	927	927	927	231
682	713	682	682	682
423	643	313	161	715
636	636	720	636	636
726	726	730	730	730
863	863	513	863	863
480	804	872	977	730
587	610	301	610	587
89	89	121	116	89
979	698	698	979	979
876	141	949	856	173
364	364	434	364	364
85	18	85	85	18
483	483	483	508	483
64	64	822	64	822
336	31	179	31	31
790	872	180	790	872
240	50	748	840	173
945	497	161	478	805
565	566	565	566	565
698	66	698	66	698
266	930	266	930	930
613	613	51	613	51
463	2	770	742	207
48	48	48	936	48
937	225	937	225	937
351	351	351	665	665
857	64	58	516	688
559	334	334	334	923
530	346	530	408	408
950	893	195	483	100
146	977	146	146	977
494	671	494	671	494
297	297	655	655	297
698	729	329	860	918
312	265	349	255	805
386	386	386	808	808
290	560	590	784	68
224	30	222	92	806
926	926	926	424	424
19	864	903	864	864
298	834	380	13	317
520	999	62	99	505
588	361	361	361	588
726	726	726	878	726
293	551	293	293	551
194	194	264	194	264
425	738	587	587	587
470	470	470	338	599
464	45	45	464	45
12	69	69	787	787
592	433	880	592	880
926	926	926	906	926
897	897	897	588	897
683	683	207	683	914
398	336	336	96	398
943	639	639	943	943
754	754	261	622	261
220	220	220	220	220
433	433	433	934	433
932	932	245	245	932
942	735	735	942	735
635	899	76	758	150
727	871	72	682	602
927	927	84	84	927
257	735	257	162	162
84	213	344	391	829
250	250	778	250	58
443	443	175	846	175
98	621	98	621	621
992	583	583	992	992
753	557	753	557	557
235	144	235	144	235
534	364	476	405	212
947	268	947	947	947
269	269	269	253	269
491	558	558	558	558
290	128	334	242	508
954	842	842	842	954
809	250	250	113	250
676	676	177	50	177
185	683	185	185	683
888	378	378	378	378
620	620	620	134	537
382	105	382	382	382
305	305	282	305	305
756	756	551	756	551
982	968	934	982	934
954	397	67	973	667
566	432	432	566	566
347	647	647	347	347
373	373	430	430	430
504	504	504	504	504
671	671	248	79	79
874	628	628	628	628
290	853	290	290	290
929	929	929	181	929
117	183	317	183	317
516	516	516	345	516
801	739	801	739	739
657	617	149	624	183
220	579	579	579	579
623	993	623	993	623
404	404	363	404	912
329	920	329	920	329
979	311	307	5	464
509	942	509	942	942
152	152	979	979	152
297	381	297	381	297
340	340	106	106	106
477	477	805	805	805
17	17	423	17	423
429	969	395	942	916
398	825	398	234	398
146	514	878	463	794
685	714	806	187	234
783	136	783	868	136
346	879	346	879	879
23	23	996	23	996
518	54	639	866	202
437	795	795	437	437
536	536	227	536	227
738	738	425	786	425
540	706	706	706	706
830	10	247	109	311
257	952	30	30	952
936	960	960	936	960
631	631	631	631	744
555	843	843	281	555
403	271	271	548	403
910	910	910	294	910
369	325	369	627	325
933	674	674	933	933
658	324	324	658	658
845	936	936	845	936
606	606	429	429	773
963	774	774	963	963
968	968	968	542	542
300	300	87	300	87
932	798	192	192	192
872	872	872	872	872
839	837	839	839	837
84	440	84	440	440
999	999	999	999	161
537	440	440	440	537
70	942	106	81	60
873	584	873	580	873
90	4	4	906	4
681	904	977	207	993
937	937	67	131	937
904	401	401	401	401
10	884	862	368	912
894	306	306	10	306
494	36	437	734	859
749	749	749	235	235
83	83	999	999	83
447	838	447	447	838
872	872	464	872	872
666	666	666	666	870
235	235	235	307	235
847	847	547	852	547
951	951	558	158	158
208	866	866	208	866
57	803	803	57	803
365	463	284	284	284
993	993	305	993	993
601	889	743	494	366
731	731	656	731	731
222	171	248	222	222
42	42	42	42	42
868	868	79	79	868
869	869	869	869	83
668	292	292	292	292
504	651	651	651	504
806	806	806	806	806
246	481	246	481	246
661	661	661	316	661
935	935	935	935	359
924	924	924	924	924
706	706	706	968	968
123	946	344	612	770
677	677	677	677	936
923	923	923	923	434
287	214	214	214	214
625	625	625	625	757
321	321	218	321	321
457	329	329	329	457
805	805	24	805	24
786	786	924	924	129
591	782	173	96	242
609	609	609	448	609
329	963	963	963	329
600	813	600	813	600
125	125	125	125	125
404	386	404	404	818
666	81	16	686	715
752	752	42	42	42
467	467	677	467	467
368	368	416	368	368
234	234	234	220	234
227	227	227	271	786
404	974	974	404	974
674	674	296	296	674
601	601	936	601	936
310	638	310	702	310
752	914	752	914	752
220	636	312	312	312
432	381	381	381	432
177	177	918	918	789
558	558	754	558	558
232	570	493	570	570
132	847	847	847	847
375	375	663	663	375
302	66	947	892	828
694	729	694	249	729
738	361	361	361	361
789	763	763	789	763
372	33	33	523	372
887	144	887	887	887
679	440	679	440	440
360	316	868	360	316
903	903	127	127	903
718	435	100	417	90
646	646	817	817	646
754	754	39	39	754
554	392	392	554	554
881	881	153	127	881
64	82	82	82	64
592	922	592	922	922
73	78	73	599	599
484	484	681	484	484
988	686	988	686	567
380	624	380	624	624
603	360	360	360	603
687	876	876	687	687
43	78	78	49	78
152	152	152	79	152
888	984	563	264	113
911	363	20	316	521
197	776	776	776	197
383	383	66	383	383
431	222	149	431	431
201	201	166	646	646
233	535	451	535	535
250	216	861	967	565
367	367	678	367	678
198	41	41	861	861
417	829	635	829	829
80	457	457	80	457
338	338	338	770	770
965	830	385	344	979
62	62	692	692	62
267	267	484	267	484
441	571	571	571	441
599	844	803	803	803
629	267	900	267	900
361	471	361	525	361
199	199	130	281	199
672	563	563	563	672
946	803	946	947	946
315	504	496	964	207
808	808	808	880	880
157	947	734	212	155
328	222	222	393	222
432	432	599	599	432
725	694	676	676	676
509	509	627	509	509
542	978	542	542	978
15	115	71	15	115
212	141	212	141	141
503	380	380	503	503
618	618	109	109	109
524	996	996	524	460
698	462	698	462	698
431	358	358	358	670
451	451	451	177	779
660	283	754	351	574
827	827	827	827	814
542	97	97	542	202
507	589	698	335	771
27	238	27	27	27
693	693	149	693	693
757	714	714	714	757
491	820	431	983	43
722	514	506	2	404
956	956	366	366	366
997	410	997	410	997
327	494	811	761	102
384	587	333	384	333
361	51	361	51	361
518	518	736	518	736
536	536	536	165	536
904	512	904	512	66
166	525	525	166	166
822	989	989	989	822
175	175	773	175	122
662	143	662	143	662
395	265	395	395	395
466	282	733	456	59
555	976	704	704	555
734	183	734	183	721
335	808	808	915	915
522	507	787	507	787
336	754	754	336	754
312	312	96	96	42
667	667	667	533	667
213	213	964	964	213
730	730	730	14	730
488	488	488	272	488
876	876	909	876	451
428	483	483	921	483
924	158	924	924	158
788	149	538	788	538
729	729	729	216	729
698	398	340	80	593
831	50	50	50	50
131	27	27	131	131
923	128	923	923	128
602	603	412	743	819
947	530	619	531	244
453	186	165	328	899
371	71	492	371	71
378	103	716	655	281
289	289	289	289	289
549	454	773	707	560
374	724	80	374	80
553	487	553	487	487
1000	631	141	756	453
819	819	819	505	819
528	69	528	528	69
762	762	168	762	168
762	466	470	876	419
754	754	361	754	754
334	214	334	214	214
608	888	578	43	38
81	278	278	278	278
371	552	868	552	552
419	419	427	427	419
462	462	462	401	401
68	765	351	917	896
252	188	529	214	41
615	502	615	909	615
379	769	769	379	869
576	320	167	631	327
15	721	948	877	45
753	146	753	753	146
406	406	406	406	748
289	518	518	518	518
331	331	181	331	181
840	490	490	840	840
80	80	258	258	258
291	291	291	567	567
859	564	14	296	337
373	796	198	511	155
725	573	725	573	573
166	385	385	385	166
238	895	895	895	895
521	508	456	521	456
386	304	386	304	386
288	288	68	288	288
299	299	725	725	725
973	973	973	973	433
175	689	689	175	689
980	551	91	682	180
399	179	195	453	46
293	127	856	127	293
534	462	534	462	462
614	614	864	614	864
323	330	714	330	714
300	418	48	688	271
180	501	829	829	501
189	189	127	922	922
98	63	98	63	63
732	66	850	850	66
946	221	839	163	348
42	582	582	975	975
407	739	739	407	261
105	82	560	560	105
598	598	598	598	598
831	463	831	463	831
947	947	865	845	865
775	775	21	21	775
57	757	757	57	57
147	177	981	808	951
486	78	439	439	439
514	514	1000	1000	514
169	169	169	169	891
137	137	137	878	137
146	146	146	747	146
600	42	600	42	600
530	160	87	157	336
595	677	697	703	563
120	718	798	718	120
704	691	56	691	704
743	743	771	743	743
698	972	559	224	485
297	110	110	110	297
615	765	615	765	615
846	422	298	492	982
596	76	596	596	596
135	135	135	886	886
323	323	323	180	323
856	343	824	187	855
552	552	279	552	552
252	39	39	252	644
533	990	533	990	552
906	906	363	906	363
575	844	844	575	575
883	906	883	906	906
865	865	663	865	663
813	184	184	184	184
495	495	495	972	972
347	630	347	378	347
732	803	78	674	234
528	587	491	442	860
813	813	34	34	813
722	371	722	371	371
270	166	466	270	166
678	710	74	74	678
332	603	607	156	459
543	543	542	891	891
841	841	29	29	29
539	539	539	539	539
758	57	57	331	331
431	336	818	63	924
9	9	964	9	964
336	336	133	133	133
368	368	368	425	425
572	572	572	572	533
882	882	721	14	721
289	619	207	337	469
144	144	86	86	86
280	558	940	804	303
515	515	356	356	356
390	938	938	938	390
58	58	312	312	312
428	173	447	447	428
707	707	866	866	866
983	983	528	528	983
74	86	74	74	74
9	9	931	931	931
554	434	434	554	554
446	989	989	222	446
830	830	830	830	62
143	176	143	176	176
518	518	143	702	143
501	520	520	520	520
186	66	669	917	876
808	652	652	808	652
793	803	793	803	793
238	993	951	758	624
838	800	807	841	901
621	491	313	338	946
776	776	776	776	776
714	884	884	714	714
420	420	420	420	523
179	179	179	53	53
470	470	470	470	782
666	695	518	374	447
71	423	71	71	423
817	226	817	630	226
262	262	687	687	262
163	163	163	865	163
488	488	488	488	488
858	193	511	511	858
410	410	410	871	410
884	884	884	375	375
168	168	168	168	168
661	999	999	999	999
587	66	587	587	66
777	303	551	662	836
873	774	315	873	873
989	989	466	466	989
135	932	135	159	159
17	8	17	331	8
409	225	409	191	225
516	140	516	140	516
698	393	698	195	195
777	220	220	777	220
245	245	245	26	26
124	457	457	457	124
391	391	391	497	497
84	761	761	84	84
146	240	630	251	401
5	386	386	5	386
883	324	324	324	324
65	672	672	65	672
438	501	556	717	126
963	487	487	963	487
472	681	681	472	472
827	497	497	497	497
49	253	69	31	546
296	843	843	296	296
937	285	285	285	325
686	686	686	686	686
36	36	36	36	36
311	672	311	375	375
266	227	77	309	438
95	95	374	95	374
276	912	31	444	583
554	41	828	827	744
370	370	370	370	114
391	391	391	192	391
268	268	180	180	268
209	209	209	532	209
302	302	302	302	518
102	823	102	823	102
763	763	49	763	49
835	501	501	835	835
611	611	491	491	611
605	605	712	712	670
308	452	297	452	308
795	795	944	795	795
523	523	960	960	960
718	545	718	458	718
549	622	622	530	622
156	600	156	175	156
482	482	20	482	482
551	254	640	640	551
2	358	2	142	2
510	510	932	932	932
935	531	531	531	531
552	423	469	552	552
958	926	862	958	926
925	466	52	466	466
994	994	994	994	862
322	295	322	295	322
509	300	903	300	509
972	826	388	388	388
587	587	587	587	587
266	1	266	266	1
172	172	172	17	107
874	590	63	541	824
773	964	773	964	773
153	699	699	699	153
939	939	382	382	939
924	44	44	44	44
623	254	489	623	254
911	66	58	483	792
936	936	936	451	451
644	286	876	535	328
726	160	492	621	92
849	92	92	92	849
261	508	508	508	508
859	1000	1000	859	1000
407	407	407	407	407
147	147	400	716	400
40	173	173	40	173
45	45	45	821	45
411	411	411	730	730
687	312	92	341	81
828	828	491	60	828
951	292	535	292	535
919	919	919	516	392
948	697	948	697	948
645	777	538	296	759
727	838	541	476	138
366	366	886	366	886
763	870	405	215	872
173	142	173	697	142
300	144	523	223	54
172	543	543	744	543
614	873	873	614	873
511	991	433	60	249
493	493	187	493	187
373	849	373	849	849
175	563	475	214	729
27	508	508	757	508
273	984	273	273	273
816	98	98	98	816
971	971	698	722	971
332	911	332	199	199
113	79	79	113	79
552	560	868	898	722
989	989	107	989	989
805	251	659	768	387
674	545	674	681	674
280	280	389	280	389
970	787	787	787	970
299	448	622	299	299
918	490	932	932	932
667	984	984	733	984
252	252	471	471	471
526	347	347	347	347
288	633	107	944	112
381	77	77	77	77
981	793	793	981	981
509	702	869	398	255
593	251	251	251	593
473	473	473	984	473
202	660	202	660	202
602	929	712	602	602
623	394	394	482	394
572	764	572	572	572
596	454	790	790	596
955	955	264	264	264
307	215	307	307	215
465	886	886	465	465
437	703	415	437	703
149	614	987	135	794
435	570	435	570	435
393	570	70	653	806
116	699	406	116	116
393	700	393	700	393
214	53	209	656	294
424	529	685	818	507
892	703	703	703	892
566	566	436	436	566
32	608	435	914	934
668	748	329	434	685
327	888	258	327	888
586	431	153	439	988
46	46	46	46	843
810	810	355	810	437
197	290	858	290	858
501	410	790	410	501
713	414	713	713	414
327	327	327	327	243
156	172	533	329	460
425	279	425	425	279
134	134	824	824	824
708	517	708	794	517
266	266	311	311	266
892	163	892	163	892
322	610	451	244	443
642	285	35	787	288
311	311	258	592	592
921	366	89	89	921
642	867	64	5	448
106	152	106	106	152
709	578	578	709	709
451	109	451	451	109
426	818	426	197	197
86	710	602	195	963
661	661	984	661	661
463	185	463	463	185
824	826	555	555	826
397	893	893	893	397
859	64	64	859	64
746	214	214	214	746
95	323	871	574	336
182	182	385	182	385
227	108	227	227	745
234	234	757	757	757
577	577	357	357	577
92	92	92	795	795
14	848	489	484	790
509	994	509	509	509
148	148	148	553	553
26	896	896	896	26
88	769	445	88	769
866	866	135	135	135
960	630	146	885	676
218	218	218	218	218
915	874	585	658	183
33	33	93	93	93
596	466	596	260	260
575	90	12	317	671
716	808	502	716	716
41	292	41	292	478
332	332	332	588	588
580	498	175	434	513
106	727	583	959	19
86	503	86	760	86
291	291	291	291	291
835	835	835	261	261
20	585	192	192	192
999	652	630	313	113
623	817	817	404	623
100	100	754	754	754
733	733	571	733	733
690	690	690	482	690
86	671	86	86	671
102	167	102	102	910
676	570	100	218	837
494	494	408	848	494
501	501	976	466	501
420	420	781	420	781
30	30	779	30	30
782	413	413	782	413
73	73	524	524	524
967	967	990	990	990
493	493	493	644	493
990	990	26	26	26
532	532	340	340	532
302	302	302	7	302
126	126	555	126	251
431	454	431	454	431
4	4	797	4	797
787	27	787	787	27
634	634	301	634	766
897	118	118	158	158
910	910	499	499	910
955	414	321	13	287
792	613	126	664	342
207	349	349	349	349
765	765	478	739	739
891	762	4	3	997
674	587	587	436	674
992	835	804	647	118
626	626	626	122	626
863	718	718	863	863
158	648	829	829	829
43	43	43	43	43
84	41	41	84	41
809	925	809	925	925
241	823	117	62	359
101	819	819	277	277
318	633	633	633	633
811	311	599	599	599
504	504	504	668	668
384	187	81	833	315
490	443	776	385	998
347	562	562	562	562
270	270	855	855	270
770	183	770	183	770
794	549	794	794	549
605	605	605	605	605
843	344	843	843	512
260	260	260	753	260
749	583	125	92	89
671	177	671	671	671
159	165	159	165	159
342	428	342	342	342
540	500	528	699	104
911	911	519	911	911
550	550	395	550	395
307	307	307	968	307
456	34	899	751	438
443	392	623	623	443
745	259	745	259	259
408	74	408	74	579
143	143	913	913	913
898	898	253	253	253
548	548	724	167	167
714	714	991	714	991
822	822	822	822	872
176	176	176	412	176
950	950	950	442	950
846	779	779	402	846
334	640	334	758	640
223	637	637	223	637
507	346	71	346	507
76	880	76	76	76
262	538	538	538	262
781	865	865	541	781
358	383	358	358	383
950	343	343	425	343
752	939	752	752	752
50	50	50	743	743
177	537	177	537	537
249	577	249	577	249
26	26	405	26	405
841	330	330	330	841
801	52	852	672	871
736	736	736	371	371
758	840	684	401	149
72	128	128	72	128
602	362	508	272	258
891	725	1000	891	725
829	829	829	829	381
56	681	298	181	654
649	590	681	608	987
824	824	824	590	590
920	920	206	920	920
976	976	976	526	526
629	629	629	629	51
695	140	140	140	695
860	860	54	860	54
353	353	758	353	758
525	525	371	429	525
18	211	727	96	342
341	99	749	285	307
666	307	666	307	307
879	84	879	84	670
959	959	959	959	427
896	662	765	252	798
489	241	241	241	241
682	698	682	698	698
252	563	252	563	429
889	889	889	889	449
124	963	975	37	444
397	991	170	65	256
503	717	503	717	503
345	300	345	345	300
596	816	816	481	481
695	695	903	903	695
310	198	198	198	459
610	453	453	125	453
608	608	608	608	722
97	479	479	97	97
287	287	368	368	287
945	218	895	895	218
876	748	876	876	876
605	976	976	605	605
24	334	1000	934	290
372	497	877	307	981
990	236	162	236	236
813	877	877	877	221
120	120	120	120	719
996	14	14	14	14
983	85	219	219	983
56	56	56	11	11
202	454	202	454	967
129	129	986	129	129
64	224	64	224	64
867	867	867	867	867
558	558	804	804	197
920	653	970	346	207
893	264	893	893	264
415	415	686	73	686
241	241	241	241	6
23	23	315	23	315
693	177	177	177	693
123	302	302	302	302
210	190	145	210	145
987	881	6	8	341
111	961	961	961	111
11	736	11	11	11
519	867	867	867	867
753	801	801	753	753
861	67	861	67	67
645	388	768	869	1000
344	577	95	344	577
783	24	24	24	24
879	90	879	879	879
327	712	327	327	327
895	382	895	382	895
730	730	613	613	613
355	338	338	355	338
824	594	594	193	594
614	313	126	313	126
84	697	697	84	697
143	143	143	143	143
693	34	136	693	693
743	828	743	743	19
119	119	463	119	463
323	876	876	323	25
276	4	933	276	4
645	645	895	645	645
650	650	938	650	938
112	112	553	112	112
495	206	634	470	491
681	381	933	732	224
906	716	906	716	906
352	352	27	27	352
234	234	737	737	234
819	270	270	819	819
690	690	702	130	130
916	288	665	273	957
398	398	377	398	398
46	617	535	884	51
476	476	476	476	358
832	167	832	167	167
150	150	150	150	150
673	858	928	305	494
779	604	816	6	837
689	50	167	167	167
556	258	250	250	250
728	171	728	171	728
413	63	63	63	63
254	254	184	254	433
282	282	358	282	358
459	894	784	784	459
710	710	276	744	276
52	52	107	969	969
326	778	677	387	479
869	869	703	869	468
566	595	595	595	600
365	537	537	365	537
268	406	406	669	406
111	111	111	723	723
598	250	299	519	691
495	495	722	495	722
893	302	302	302	893
557	673	557	673	673
832	129	464	494	893
66	204	340	66	340
691	543	691	691	691
462	462	200	200	200
407	817	200	570	725
187	56	851	532	104
281	986	281	986	281
398	150	150	150	398
924	483	483	588	924
116	116	838	838	116
379	379	998	998	935
470	198	198	198	470
11	11	11	11	11
841	841	367	841	367
595	496	595	595	420
126	126	546	126	546
470	651	651	2	2
978	391	978	391	978
403	384	403	384	403
256	304	256	304	466
429	429	306	306	429
425	566	920	162	650
813	145	813	145	478
781	781	413	413	413
659	201	659	659	201
746	746	746	17	746
426	319	513	513	513
288	305	305	288	288
566	566	895	925	895
275	275	42	42	275
525	525	525	895	895
768	864	851	851	768
344	288	288	344	874
885	222	222	222	885
379	379	379	379	379
300	300	738	738	300
120	444	366	214	192
418	568	775	775	568
813	696	813	813	696
427	427	653	582	427
34	714	714	714	34
990	316	732	316	990
569	261	261	261	261
551	539	445	445	539
515	618	25	538	558
181	673	999	673	181
470	642	642	470	642
35	575	160	781	86
778	12	778	12	12
512	536	536	145	512
672	81	953	241	639
558	182	192	555	40
149	255	149	149	477
186	186	186	186	618
171	116	960	32	403
520	520	274	697	697
435	435	310	310	310
810	625	625	625	98
641	389	641	73	641
624	415	624	415	415
343	815	106	815	343
749	749	303	303	749
726	278	656	726	278
874	151	472	433	940
436	847	847	601	436
955	955	604	955	604
836	261	162	959	526
598	598	832	832	114
170	17	242	214	976
881	881	298	298	298
847	173	173	847	847
489	5	489	971	489
490	490	102	490	102
913	88	332	951	91
291	710	710	291	710
68	748	748	68	68
800	798	798	798	800
653	671	476	671	653
231	284	494	281	776
793	418	418	333	793
914	914	768	768	768
695	695	96	96	96
251	251	31	31	31
588	48	48	25	25
922	213	908	922	213
79	144	144	144	79
208	208	208	208	909
159	13	159	13	13
282	282	859	74	859
418	957	418	957	957
150	539	539	150	589
381	381	197	381	381
69	224	189	838	977
373	373	490	373	373
629	263	722	234	925
16	583	546	546	546
903	193	983	193	983
88	596	556	88	596
115	406	115	406	406
855	855	855	785	785
148	148	295	148	295
269	269	490	490	269
216	218	770	770	216
564	564	30	30	564
406	256	266	406	266
458	739	739	739	458
231	285	231	285	285
383	234	234	383	383
621	380	380	307	621
540	803	803	540	540
247	283	247	283	247
794	794	706	488	706
905	905	276	276	96
515	515	594	617	617
372	334	373	334	334
851	314	851	366	851
604	15	129	604	129
273	273	273	927	273
730	470	470	730	470
580	580	580	60	60
145	316	316	316	316
251	680	680	680	680
449	944	215	69	65
919	895	895	919	919
400	400	67	400	400
314	843	642	314	314
194	894	621	229	982
49	698	805	49	698
220	843	843	220	220
142	142	948	948	142
275	689	275	275	689
153	153	316	153	659
238	689	717	689	238
391	509	257	509	509
621	150	575	575	575
892	246	892	892	246
522	20	522	245	522
210	134	134	210	210
704	219	967	219	219
713	620	713	620	654
568	153	276	987	724
708	708	649	708	649
783	973	783	973	973
264	264	135	135	264
596	335	155	271	750
729	729	528	528	729
360	654	405	654	405
883	419	410	410	883
470	806	806	470	470
5	994	861	309	949
30	30	283	614	283
829	891	368	187	487
584	584	632	934	584
720	241	41	207	588
308	332	808	701	731
447	447	61	61	61
649	649	649	748	748
769	318	814	650	147
43	43	43	762	762
358	358	358	493	493
303	303	438	303	187
169	169	169	169	169
755	755	538	538	755
619	619	619	376	619
551	551	574	574	970
834	834	146	146	834
173	524	670	336	416
831	831	831	831	640
633	279	633	633	633
144	547	547	144	547
481	871	481	481	494
935	718	923	696	993
502	502	540	502	540
636	380	380	636	636
28	28	798	798	28
441	664	175	664	441
486	700	486	737	737
427	427	427	282	850
340	340	660	660	340
638	328	129	564	488
842	842	842	671	626
486	486	486	486	486
660	720	720	452	660
804	119	533	779	470
409	409	409	933	409
920	920	920	486	801
326	607	326	326	607
110	667	110	540	540
686	686	116	686	288
562	562	740	740	740
480	480	152	875	152
995	607	607	995	607
987	60	987	987	987
439	284	191	996	43
603	170	170	170	603
323	230	323	230	230
324	485	324	485	324
300	300	300	684	684
322	482	457	482	322
295	295	310	295	295
822	798	460	15	412
795	795	795	645	645
866	756	695	695	756
83	714	83	714	53
344	344	344	344	398
565	565	934	934	565
931	891	263	263	891
990	448	990	990	990
843	843	827	843	827
408	408	408	35	35
315	551	315	315	551
512	144	144	512	512
593	89	841	600	582
699	699	491	491	699
266	308	673	626	933
916	703	187	274	683
969	264	188	969	188
801	801	990	990	801
810	715	810	715	715
923	923	923	923	763
615	357	786	86	107
500	500	371	500	500
365	1000	158	1000	1000
944	45	45	45	45
109	845	845	109	109
117	332	117	332	332
51	920	51	51	51
704	704	704	704	581
761	761	591	761	761
813	813	813	261	813
37	656	37	656	848
143	143	957	143	957
376	147	261	81	615
590	589	589	589	590
319	883	319	883	883
4	557	4	557	426
383	80	383	254	383
506	506	26	26	506
641	35	35	641	35
811	619	525	586	272
452	108	108	182	182
336	504	185	504	504
881	519	881	519	519
537	537	747	537	537
219	235	426	219	235
344	614	614	614	614
347	580	26	26	580
514	514	699	913	913
48	48	796	796	726
915	915	915	73	73
632	5	451	451	5
877	868	434	396	88
71	71	71	71	623
982	543	807	278	24
559	668	81	823	746
609	609	973	609	316
447	13	931	221	391
82	627	82	82	342
729	729	129	129	129
784	232	694	967	948
342	342	342	512	342
467	467	648	648	648
798	798	892	73	798
817	817	817	42	42
127	127	387	127	127
553	635	635	553	927
240	272	272	240	202
154	917	917	917	496
883	716	883	883	716
647	600	647	473	647
513	909	207	909	513
321	599	51	539	861
821	379	823	187	908
419	345	419	345	345
134	63	63	134	134
337	456	337	456	456
967	210	967	967	210
649	426	949	736	73
142	382	142	382	382
388	388	599	599	388
858	347	858	923	347
180	735	180	735	786
592	630	630	592	630
693	495	495	495	495
699	331	248	600	911
777	397	703	397	397
884	884	221	625	625
591	506	591	506	506
895	424	895	895	895
622	622	622	622	622
423	218	423	102	423
514	514	797	797	514
143	994	41	467	218
149	207	149	207	149
961	710	961	961	961
67	67	192	886	886
763	414	941	797	717
343	343	605	857	857
406	387	387	714	406
646	646	869	869	646
680	937	937	680	680
942	807	253	123	35
987	987	428	987	428
62	838	865	989	353
135	301	46	959	310
770	570	770	447	570
910	123	123	910	123
639	639	119	639	119
967	541	541	150	541
690	690	277	277	277
79	79	897	897	897
888	674	888	652	888
689	689	918	918	918
702	702	702	948	702
397	861	741	366	591
492	313	496	199	774
460	460	460	623	487
587	587	469	469	469
263	281	281	263	281
965	886	902	412	28
837	922	398	658	634
588	588	913	588	913
890	404	404	404	890
871	871	871	216	216
971	130	130	130	971
105	848	848	848	363
237	554	427	554	554
765	765	569	569	765
622	622	121	121	7
426	426	426	113	113
899	899	376	376	376
333	106	34	106	34
18	18	18	157	157
583	377	377	377	583
510	843	33	510	510
717	526	717	717	717
728	728	932	254	728
250	250	985	577	250
368	368	221	221	221
965	410	999	999	410
394	829	829	842	394
905	4	4	4	905
818	254	818	818	811
124	19	124	19	19
455	29	29	276	455
751	751	281	103	103
97	97	970	55	55
23	23	618	23	618
615	65	615	65	615
806	806	806	626	626
463	463	71	463	71
70	940	70	70	70
754	361	754	361	754
880	823	760	880	760
152	152	152	152	152
5	553	889	553	5
585	779	585	585	585
942	503	174	503	174
880	477	880	491	491
645	398	849	17	574
962	507	507	507	962
725	453	725	453	725
157	471	173	369	889
989	989	721	989	721
405	405	382	405	405
736	736	736	585	947
87	87	409	87	409
73	887	73	887	887
15	600	580	504	536
739	173	173	739	173
436	436	816	816	816
142	527	142	527	527
312	298	884	418	748
514	514	171	514	514
804	75	75	75	804
933	971	971	571	971
696	935	341	935	696
49	4	4	49	4
124	124	942	124	942
408	408	408	695	408
357	357	943	943	943
241	549	549	241	549
348	897	348	233	897
644	21	21	988	988
29	967	29	967	29
594	594	594	914	594
329	971	849	849	971
760	760	760	266	266
696	92	102	696	92
463	61	463	61	463
513	211	211	513	211
903	903	903	408	408
32	408	408	32	32
616	616	475	616	475
223	223	874	223	579
7	7	615	7	7
853	281	853	853	281
128	128	128	678	678
175	155	155	175	175
326	326	83	326	326
441	979	979	441	979
757	757	677	148	148
263	263	132	382	382
817	319	319	817	319
901	901	152	152	152
837	353	443	320	195
715	715	218	715	715
686	291	291	686	291
18	928	18	928	928
639	747	639	718	639
770	538	538	538	538
62	474	474	284	474
597	916	597	916	916
995	437	3	94	759
616	505	505	616	616
407	402	402	402	407
12	12	12	551	12
582	582	582	582	239
520	680	680	680	520
302	302	607	607	302
686	220	220	220	220
431	897	995	170	967
403	622	816	318	452
166	166	277	117	166
228	12	209	12	228
847	188	188	188	847
312	760	312	760	760
951	951	313	313	313
454	454	179	160	454
778	811	282	778	282
515	515	515	349	308
567	59	59	988	59
954	617	680	473	876
620	620	488	620	620
487	886	487	487	886
281	749	749	281	281
307	572	787	700	181
851	576	669	669	576
455	433	985	241	787
477	477	714	714	714
48	48	48	563	563
422	422	422	478	478
238	238	418	238	238
468	468	494	494	468
666	356	666	666	356
826	685	826	826	685
65	821	615	980	487
15	844	684	416	989
636	636	636	94	636
833	321	901	12	500
418	650	650	650	418
143	575	634	696	815
506	968	506	968	968
495	321	576	100	926
696	696	696	604	604
468	468	468	468	468
139	847	139	847	139
284	814	284	814	284
794	595	794	595	794
221	453	488	309	801
401	947	947	947	303
81	81	81	831	81
287	970	287	287	970
797	797	797	608	739
113	891	39	349	996
250	250	74	74	74
471	471	83	890	471
378	234	539	378	378
729	561	94	217	376
67	67	297	67	67
481	539	474	481	474
152	605	458	152	152
149	149	566	149	149
16	16	16	68	106
648	648	195	195	648
970	286	947	894	617
580	519	356	560	43
637	637	715	637	715
805	137	269	569	231
445	254	101	254	445
157	34	34	157	157
505	505	505	505	505
231	377	231	231	231
641	395	395	395	395
335	335	335	495	335
38	38	38	980	980
936	936	936	936	387
452	627	962	970	164
711	203	144	832	854
571	436	436	436	436
441	44	44	488	488
354	996	354	354	996
907	907	503	177	907
849	758	150	253	368
355	899	899	230	230
440	440	440	440	440
429	554	709	428	296
80	80	80	566	566
633	633	842	842	842
626	577	577	626	577
604	604	617	604	617
378	378	378	378	378
381	381	381	627	381
951	951	77	951	77
467	467	467	477	467
278	278	278	278	278
26	687	687	26	180
352	352	352	566	566
607	843	607	607	607
590	477	590	590	590
456	456	456	333	456
762	568	568	883	762
694	469	694	895	469
166	578	835	835	835
39	717	228	548	446
42	867	390	411	154
61	954	954	954	130
672	516	672	516	672
358	520	443	699	242
25	93	25	25	303
268	500	500	500	500
603	276	838	244	380
405	405	695	695	687
748	748	748	590	748
957	326	326	957	326
575	575	574	574	574
498	498	969	969	969
10	433	918	918	10
278	278	495	278	820
152	152	122	152	152
792	792	792	755	792
665	665	150	665	193
204	614	614	204	204
58	680	53	660	928
582	384	582	582	384
659	423	506	808	762
813	813	813	813	813
67	67	377	377	377
866	565	735	565	565
629	295	295	629	629
954	954	660	36	954
479	479	308	479	479
888	888	960	960	960
923	265	265	265	923
555	92	444	571	315
817	900	900	900	556
965	760	760	760	965
591	549	323	591	549
869	589	869	589	589
217	60	327	863	656
712	712	572	572	572
479	154	384	384	479
135	278	135	324	278
888	888	888	602	888
686	686	686	686	686
487	368	487	368	368
171	767	830	963	696
146	146	146	869	869
602	602	199	199	199
71	415	415	71	415
460	882	460	460	882
231	76	76	723	723
501	139	139	501	139
216	587	216	761	216
980	980	113	113	113
148	827	301	148	148
767	954	767	802	954
587	456	587	587	456
48	48	586	586	586
536	870	92	857	550
330	59	218	418	770
910	910	910	94	94
494	494	949	494	116
740	831	740	831	93
811	811	688	466	466
776	486	259	176	512
805	488	404	333	226
516	412	935	935	935
314	314	440	314	314
162	950	674	674	950
701	355	902	355	701
922	921	922	922	922
90	411	411	411	90
669	194	669	669	669
845	845	993	845	993
182	174	182	174	174
483	106	483	106	106
704	165	165	165	165
964	156	964	964	863
285	490	609	472	735
209	354	157	106	716
572	169	609	399	371
919	919	262	262	919
95	902	624	221	831
695	401	695	695	695
98	925	98	925	925
676	662	169	709	41
842	842	453	842	842
285	868	285	285	285
981	981	49	49	49
143	451	522	522	143
680	164	868	680	164
83	989	371	522	736
412	603	875	875	875
972	143	75	143	75
178	178	178	178	178
278	308	308	278	308
495	905	495	990	990
746	746	500	500	746
290	539	290	290	290
817	817	817	976	976
380	380	18	18	18
694	694	388	694	388
400	400	400	255	255
323	173	323	173	173
227	227	227	227	126
924	924	924	645	924
167	144	971	507	348
60	280	155	767	634
785	678	984	892	425
634	634	634	443	443
706	302	302	302	706
650	571	75	75	571
661	661	61	661	383
300	919	911	101	814
652	652	895	895	895
991	689	991	689	80
155	155	253	253	253
323	323	826	826	323
932	124	124	124	932
618	618	377	269	618
307	307	114	307	114
339	138	339	339	138
538	538	538	538	538
258	247	247	247	258
487	62	62	290	62
994	658	130	365	885
887	257	887	484	257
75	732	732	75	732
649	366	366	366	366
997	997	245	997	594
594	257	330	531	695
727	727	86	86	727
480	480	70	480	480
828	66	828	66	477
774	78	774	78	78
295	295	461	295	461
560	151	151	185	185
190	190	190	190	954
767	595	767	841	841
347	347	347	347	347
33	33	377	78	78
186	186	610	186	610
558	60	60	60	558
535	535	790	535	535
392	392	152	392	152
70	286	70	70	70
427	427	895	427	895
517	346	972	972	346
884	884	494	494	494
477	477	477	477	505
540	670	768	541	274
559	580	985	600	575
298	454	298	454	454
876	876	276	834	276
251	410	126	889	234
884	884	787	787	787
224	526	224	224	224
240	893	15	953	434
829	471	319	730	69
627	373	918	526	856
916	916	128	916	916
718	718	718	396	718
584	479	825	65	32
972	756	972	972	972
909	375	909	375	909
524	483	426	320	433
170	744	744	170	170
197	197	221	197	763
137	12	137	12	12
329	589	614	763	119
553	553	553	758	799
480	480	587	587	480
716	799	799	799	716
491	491	491	391	391
180	723	723	723	723
292	43	880	630	767
465	171	465	465	171
985	676	944	142	672
260	51	260	51	51
865	865	292	292	292
945	270	117	988	867
759	759	978	759	978
846	923	846	923	923
589	982	982	589	982
323	591	852	591	591
942	942	942	942	942
958	898	864	368	550
751	2	897	602	890
865	865	19	865	865
502	502	81	81	81
332	579	300	332	579
450	450	454	524	450
617	295	295	295	617
261	45	261	261	261
131	173	131	173	173
117	973	457	718	887
391	392	392	391	392
132	896	47	47	47
944	391	391	589	944
233	629	67	463	566
314	314	488	314	488
569	220	569	585	585
872	772	772	269	772
189	114	591	591	114
368	557	402	682	42
484	484	747	747	747
701	701	82	701	701
224	224	224	422	422
186	635	269	831	44
488	170	488	488	170
648	855	773	525	699
39	39	967	39	967
129	129	129	521	521
424	187	806	187	806
651	651	780	651	651
9	543	9	543	543
593	614	614	614	336
834	834	834	967	967
696	696	89	696	89
466	84	946	271	402
238	238	238	238	440
32	996	793	204	273
524	598	524	598	524
895	122	895	122	122
141	620	409	719	664
499	222	860	499	860
494	661	494	358	661
979	935	935	935	935
713	807	807	807	273
142	4	4	142	4
244	709	454	244	244
359	151	673	567	422
333	425	333	715	425
671	671	671	138	671
579	579	431	431	431
46	54	239	78	446
576	203	203	203	203
866	539	114	804	496
479	63	63	479	479
461	604	461	604	50
6	627	6	6	6
611	747	747	611	835
338	524	338	338	524
298	8	8	8	298
500	500	500	500	500
324	449	23	100	634
38	695	360	663	637
754	754	754	754	754
952	952	921	921	247
86	242	932	673	75
11	719	160	11	11
318	318	318	318	318
66	66	562	562	66
121	528	421	690	825
832	832	832	145	145
519	575	519	782	519
198	180	352	180	180
976	976	976	671	976
100	100	100	245	719
450	450	450	729	729
576	845	845	576	845
491	491	491	491	317
570	33	33	33	33
973	973	973	888	973
21	21	21	285	21
949	882	882	882	882
677	677	981	981	549
991	755	991	755	755
861	506	971	569	186
781	706	781	706	706
183	183	504	504	183
732	732	960	960	732
261	21	181	948	85
45	45	45	45	710
768	539	549	982	934
190	38	200	193	12
695	685	536	29	275
526	943	526	943	943
435	903	435	903	435
896	896	896	896	896
479	355	246	131	991
590	590	621	590	861
601	384	384	677	677
621	621	621	621	621
139	460	760	600	509
984	984	409	409	984
990	640	640	640	728
649	370	803	649	649
135	177	450	38	482
406	978	406	606	606
433	433	433	363	433
137	522	242	678	341
570	340	292	989	745
630	947	27	977	555
488	501	798	18	427
699	292	699	699	699
223	223	223	607	574
302	705	994	545	541
122	380	343	668	422
789	95	789	95	789
348	63	820	58	844
784	56	56	56	784
394	740	740	394	740
756	312	756	122	312
56	56	396	396	396
62	62	65	65	65
257	257	483	483	483
842	842	521	521	842
299	525	781	795	953
65	794	794	65	65
60	60	845	60	60
479	405	405	479	405
591	771	771	771	591
711	457	457	711	457
641	641	641	710	710
118	215	215	215	118
861	861	202	301	202
145	97	33	5	512
684	406	134	123	645
566	566	566	979	979
777	434	874	846	562
506	474	506	506	198
434	701	868	88	911
897	420	291	897	291
396	396	740	121	396
489	704	489	704	704
84	84	754	754	84
553	553	909	553	909
359	582	359	359	359
478	987	478	478	478
86	749	879	749	879
327	327	716	327	716
233	233	642	642	642
115	115	115	115	137
71	625	71	71	625
670	670	670	388	388
175	298	175	175	298
251	251	549	251	549
554	399	554	554	399
336	466	336	466	466
435	435	204	435	204
154	154	735	154	735
747	556	556	747	556
317	317	317	317	317
311	311	927	311	927
797	797	173	173	469
615	615	615	615	615
381	10	633	315	105
150	150	803	503	503
731	446	731	731	731
465	674	674	340	465
333	333	333	484	484
495	538	538	495	538
742	760	829	315	91
860	484	860	484	860
376	376	376	376	396
383	92	383	92	383
622	622	622	622	276
988	257	257	988	351
605	755	567	518	297
743	762	743	762	743
341	733	733	341	341
795	951	951	795	951
45	639	750	639	750
675	675	675	643	675
789	789	789	353	250
728	610	610	610	619
538	27	27	27	27
680	539	680	539	539
433	633	633	433	633
89	785	785	760	760
40	788	788	932	932
448	27	448	448	27
100	305	738	738	100
608	173	173	173	173
839	155	818	839	839
461	676	676	676	461
692	768	692	692	979
603	603	603	603	603
877	196	642	144	221
37	37	37	37	959
470	470	455	455	455
541	353	395	288	739
781	781	781	780	780
847	923	149	426	575
169	169	169	169	169
681	510	681	681	510
823	682	769	677	359
940	581	515	791	669
138	40	150	689	158
873	822	873	822	873
264	264	264	878	878
237	237	237	426	237
77	77	950	77	77
344	686	344	686	780
28	701	950	66	273
127	210	723	398	309
311	367	616	56	182
551	551	904	551	551
892	892	107	107	892
891	891	891	891	659
636	457	636	636	636
9	9	9	403	403
1000	67	67	1000	1000
723	688	723	688	688
844	444	161	219	657
376	590	30	273	981
747	316	365	747	316
194	955	955	194	194
313	313	313	313	150
993	993	993	311	993
719	858	719	719	719
781	497	497	563	781
397	397	397	398	398
201	201	440	541	201
674	143	143	493	143
253	253	253	699	253
726	88	552	630	291
579	426	579	579	426
147	147	583	583	583
242	469	947	344	229
290	290	290	290	354
534	27	137	859	904
492	215	632	40	797
818	818	818	219	818
818	113	818	132	132
125	125	125	125	251
46	46	46	597	597
420	420	420	45	45
159	85	527	401	692
495	625	476	495	495
682	952	764	116	306
108	619	108	619	515
496	161	496	161	161
247	247	247	247	902
548	548	407	407	407
489	489	4	4	4
123	4	203	4	203
22	22	144	798	144
128	731	43	303	858
576	576	576	416	576
591	591	591	830	591
553	808	553	129	129
352	352	352	352	358
862	893	790	636	432
100	22	22	362	100
855	648	259	455	126
223	223	223	802	223
112	550	353	353	550
640	361	640	361	361
633	246	246	633	633
352	352	828	352	828
447	447	447	968	447
20	187	20	20	187
408	408	624	624	419
548	69	589	589	589
520	520	423	770	770
363	672	363	363	605
790	790	661	790	661
160	10	111	10	10
760	12	788	592	283
65	684	719	787	13
377	377	804	377	927
836	836	178	918	918
563	200	563	200	200
21	21	575	21	575
897	651	897	445	651
374	374	932	932	374
338	802	338	530	802
817	44	44	44	128
461	461	370	370	461
205	205	979	979	205
298	657	430	657	298
295	839	130	295	130
439	327	927	348	494
434	600	600	600	343
180	582	582	582	180
918	918	359	359	968
1	1	1	1	20
47	47	47	772	47
378	299	378	299	378
812	847	32	940	163
825	825	397	397	397
90	90	751	90	90
920	664	920	774	920
948	948	710	846	948
897	746	897	746	746
949	364	949	949	949
929	659	659	56	659
641	641	281	70	70
569	569	385	569	569
524	612	612	612	524
600	600	597	600	577
698	698	698	698	658
507	733	733	733	733
65	591	259	579	876
58	368	58	67	368
97	287	287	97	287
762	762	762	762	762
907	823	575	575	823
695	424	961	424	424
485	485	485	485	485
812	812	812	840	812
754	280	280	754	469
502	121	846	785	898
415	263	263	263	263
589	496	589	496	276
848	479	860	972	433
68	846	68	224	846
435	753	753	418	435
309	257	309	257	257
166	764	686	16	985
651	213	213	213	213
686	804	470	847	391
850	288	288	850	848
91	647	647	91	91
95	95	95	95	163
903	190	903	190	903
413	413	413	222	413
754	65	363	633	659
512	908	908	908	908
734	724	319	319	734
282	235	282	235	235
258	261	258	258	261
200	200	633	305	200
613	325	613	613	613
648	648	648	487	648
223	952	433	179	314
627	627	422	422	422
48	155	340	361	355
720	720	571	571	720
152	966	152	966	966
514	645	942	645	942
714	830	43	926	606
203	76	203	76	76
976	976	40	976	40
811	931	811	931	931
94	929	929	94	929
48	48	696	48	10
119	513	187	513	513
369	745	369	745	745
218	219	218	218	662
318	278	490	361	977
219	139	658	282	175
475	330	640	475	640
96	404	145	716	559
547	515	547	547	547
598	492	492	598	598
40	490	616	490	490
432	432	805	432	432
843	280	843	843	280
87	937	87	937	937
678	990	149	990	990
637	559	688	140	516
261	499	823	359	953
690	690	67	690	67
970	970	365	365	970
238	672	672	238	238
340	320	686	207	897
984	984	984	984	656
900	900	900	625	625
715	715	715	715	715
711	872	872	57	57
228	901	901	228	901
869	558	502	848	490
25	25	456	25	456
905	905	11	509	905
649	411	411	411	411
277	277	987	277	277
964	964	964	964	655
381	693	381	381	693
155	796	155	351	796
346	346	22	346	22
322	556	785	785	785
709	472	398	709	398
908	188	188	188	188
519	674	519	519	674
681	681	681	681	162
880	880	880	658	658
58	540	58	540	58
406	262	262	262	262
489	489	489	960	489
722	94	920	788	679
192	513	812	37	304
895	256	779	388	857
180	210	180	180	180
192	192	286	286	192
978	158	424	978	424
160	160	302	302	302
179	533	956	636	79
368	230	230	368	368
92	477	467	706	109
698	520	310	111	54
493	480	995	410	376
982	919	919	493	982
255	270	255	255	796
918	265	265	918	918
833	47	833	833	833
767	665	767	767	665
802	807	807	52	807
824	383	865	675	915
234	847	234	847	234
348	223	223	449	348
425	425	425	425	975
252	252	252	119	119
924	924	975	975	745
392	689	392	689	689
912	713	713	713	912
130	130	130	450	894
652	160	160	772	772
405	850	405	405	405
344	22	502	344	502
897	722	722	897	443
512	512	512	512	229
804	464	884	884	464
688	688	74	688	74
959	5	707	707	959
19	19	925	19	19
420	927	914	420	420
482	482	482	482	859
311	311	311	54	54
700	174	284	66	411
652	652	652	652	652
926	853	905	116	220
518	776	91	91	776
679	4	4	4	241
700	160	353	10	475
625	335	258	58	377
118	118	138	118	118
137	446	402	446	137
422	422	611	611	422
925	634	634	925	365
509	532	532	532	509
634	970	528	5	226
974	392	824	824	392
166	791	166	166	487
84	358	84	84	84
998	578	377	74	700
361	811	496	811	811
104	104	232	669	232
693	661	565	565	693
276	867	592	293	799
609	609	831	517	517
969	246	691	181	198
474	794	474	794	794
223	473	473	473	223
975	349	452	232	215
589	376	296	589	376
231	231	231	577	231
279	279	279	279	279
779	894	944	470	264
984	89	490	267	346
750	350	350	750	350
852	852	929	554	852
237	999	741	292	27
771	947	771	380	771
714	97	22	704	107
185	122	185	122	122
613	229	613	229	613
630	630	207	796	207
930	930	146	146	930
807	807	720	807	807
736	769	769	769	736
575	569	769	392	251
627	697	389	256	229
580	557	557	557	557
508	508	508	508	631
275	684	275	275	327
665	132	132	132	568
319	319	319	335	319
700	700	669	700	669
894	894	247	894	247
675	323	323	323	323
107	692	692	127	127
471	324	966	784	63
687	687	687	687	667
614	614	614	569	569
658	550	550	550	550
133	302	133	302	302
669	640	640	640	640
516	516	706	516	624
750	546	433	161	962
629	820	820	105	105
806	806	65	806	444
238	913	238	913	238
116	822	116	116	116
918	727	918	727	918
972	972	972	13	972
801	508	903	903	903
739	739	228	739	739
534	19	534	534	534
740	874	391	8	314
484	484	484	488	484
378	378	986	216	986
682	646	646	695	682
288	128	288	189	288
607	540	958	129	293
924	641	924	924	740
123	560	560	281	560
919	919	422	919	919
494	494	494	480	494
302	142	302	142	302
454	520	520	454	520
602	602	147	531	602
917	790	790	917	790
565	607	565	607	607
135	467	135	135	467
152	820	820	820	152
509	509	509	724	509
268	665	268	181	181
749	829	239	56	651
133	897	897	897	133
942	735	942	942	735
593	232	190	352	690
440	440	440	388	440
854	854	854	549	549
629	466	466	466	466
494	217	217	494	494
217	643	391	483	378
702	702	702	758	990
169	169	294	294	294
893	595	57	396	336
730	730	402	730	730
766	766	43	766	766
849	251	949	564	768
725	725	561	725	943
745	469	469	745	745
199	199	577	199	199
431	358	578	578	578
537	505	760	165	900
506	218	218	506	218
675	675	792	675	792
723	512	750	421	898
68	68	17	68	17
398	413	395	969	926
394	505	505	505	394
428	428	570	570	428
516	362	362	516	362
842	862	842	862	653
463	395	463	463	463
202	968	24	271	652
433	433	75	93	75
379	647	335	785	789
307	638	638	638	638
679	679	679	773	679
867	460	460	460	867
737	498	137	988	201
276	459	225	263	317
477	808	477	477	477
805	805	805	105	805
281	896	863	44	886
800	718	742	365	544
760	78	729	871	456
121	121	131	131	131
211	754	754	211	754
84	865	84	865	865
109	446	743	607	1000
847	847	847	146	847
886	94	907	907	94
225	892	794	225	225
454	463	463	463	463
309	309	585	309	309
609	609	609	609	609
684	684	684	959	959
654	85	654	85	654
266	769	280	769	280
536	536	536	536	467
47	47	47	47	47
439	905	775	905	439
186	57	600	186	186
113	668	158	626	163
469	469	469	469	469
332	332	332	332	332
405	229	72	405	72
268	49	437	157	19
383	383	276	383	276
378	559	827	260	647
643	643	76	643	76
186	700	380	700	700
982	982	35	35	35
794	794	210	210	794
50	50	50	509	930
262	549	265	682	405
31	71	990	413	616
967	967	252	967	967
854	426	854	854	854
333	651	840	651	651
372	398	372	398	398
821	106	400	10	12
709	709	709	916	709
180	259	69	496	504
687	687	241	241	241
79	79	79	381	79
60	357	937	937	357
436	436	992	992	436
544	544	447	447	544
914	113	665	960	597
389	520	520	389	520
128	128	128	237	128
381	160	160	160	160
84	84	953	84	84
606	606	606	215	606
206	679	43	679	206
28	28	248	28	248
687	687	687	687	680
982	982	337	982	695
231	177	258	797	133
700	938	938	938	938
223	223	223	912	912
896	896	860	440	440
597	366	366	502	366
308	334	334	334	308
320	320	320	320	460
395	755	755	395	755
544	515	544	544	544
268	312	268	8	8
227	248	248	227	227
490	895	490	490	895
398	717	398	798	717
632	123	638	209	162
692	692	692	617	617
680	43	902	444	791
37	197	770	918	729
26	26	26	892	892
57	372	13	372	372
285	285	285	744	744
967	787	787	787	97
867	867	810	810	810
581	147	147	581	147
890	890	466	251	466
644	96	96	770	96
489	489	489	489	489
119	119	541	119	541
435	435	435	435	950
786	786	786	786	786
857	857	423	857	423
380	485	786	501	635
626	112	449	388	851
927	927	878	878	360
680	114	680	114	114
630	630	630	320	630
710	815	710	815	676
421	941	421	421	941
183	9	130	9	9
130	613	130	613	130
506	579	464	403	767
728	965	628	942	295
318	318	318	306	125
530	530	447	530	447
653	317	57	127	996
649	388	388	78	649
301	914	378	716	866
234	234	304	304	234
655	463	463	463	655
3	690	690	3	3
450	450	450	450	598
42	724	944	42	724
890	559	890	685	559
977	977	797	977	797
331	273	61	402	990
480	698	359	991	539
181	882	181	882	181
462	906	462	113	462
962	333	333	333	333
673	822	284	822	284
613	674	808	42	795
715	675	527	326	769
493	442	493	493	859
294	294	312	312	294
418	627	366	16	770
509	845	221	46	268
26	26	203	203	203
836	655	149	457	268
958	532	532	532	532
413	195	195	195	413
130	92	130	92	92
953	312	892	775	699
237	225	224	675	295
929	274	492	880	168
18	18	648	18	18
588	588	881	42	42
690	389	389	572	572
772	537	844	483	170
58	361	481	149	347
587	966	966	587	587
697	697	697	697	469
330	380	380	330	330
246	45	45	246	512
85	959	959	648	648
749	886	957	614	862
835	849	835	526	526
120	212	429	859	49
388	379	42	73	389
520	141	520	141	54
31	590	590	31	590
871	201	350	540	906
767	746	523	594	162
185	511	185	511	662
499	499	29	499	611
381	96	81	705	684
425	308	308	308	115
574	786	574	552	552
463	270	36	899	856
435	435	435	464	907
579	579	579	579	579
513	882	74	469	690
536	536	468	468	468
326	869	475	800	819
523	435	523	32	523
860	588	860	860	860
482	535	482	482	243
726	947	563	563	563
420	160	856	160	160
985	384	384	985	985
873	873	117	117	117
984	480	480	984	984
44	163	191	223	11
642	642	594	594	594
227	227	14	227	559
516	516	680	680	516
47	990	47	47	47
962	120	643	906	179
346	912	912	912	346
903	903	903	938	903
666	666	666	931	666
635	888	635	888	635
490	733	270	238	589
113	113	635	113	635
544	623	103	745	524
605	50	605	50	50
805	591	168	591	805
826	350	826	826	826
307	307	307	307	307
131	175	175	131	175
986	986	986	918	918
219	565	565	565	257
310	310	310	801	801
142	142	142	389	142
223	223	677	677	361
896	546	546	546	896
126	753	624	744	923
631	529	317	631	631
804	804	910	804	910
172	808	542	191	624
65	201	177	222	128
605	95	907	551	443
431	211	211	211	431
4	769	769	4	4
884	721	721	884	721
691	529	403	68	119
337	337	337	337	337
966	944	730	389	46
806	142	806	806	142
516	516	667	667	516
768	455	768	455	455
900	643	431	218	580
387	387	387	387	55
700	327	37	54	47
942	942	917	942	942
857	820	745	857	745
93	693	693	93	693
669	669	350	350	669
515	372	811	377	991
198	198	198	198	198
960	960	632	355	632
791	717	105	717	791
83	622	622	83	83
394	394	422	422	422
359	651	886	575	439
633	258	633	258	633
149	289	292	289	292
148	476	476	648	476
188	743	285	673	617
685	573	852	53	161
489	275	605	593	257
681	178	205	205	205
963	963	963	963	520
755	361	483	483	361
165	185	165	543	543
644	875	825	825	875
130	620	732	620	130
557	654	1000	649	906
480	480	715	645	480
9	9	474	9	474
601	276	276	989	276
94	94	94	464	94
589	989	179	989	989
572	196	572	572	196
758	758	758	758	758
390	390	113	113	390
289	730	510	730	289
780	784	48	261	637
452	262	262	262	262
725	596	725	145	596
48	702	48	48	702
344	344	285	344	285
910	574	574	574	910
70	82	82	82	70
920	920	315	48	315
624	624	624	624	781
692	692	437	437	692
713	978	978	328	978
618	834	10	722	473
679	75	679	679	75
267	267	486	267	486
377	44	44	44	44
400	507	507	507	507
717	717	904	904	717
338	439	439	338	338
744	744	602	744	602
939	833	833	939	183
309	309	309	292	672
530	14	530	530	530
564	534	534	564	564
671	671	671	671	162
709	709	452	709	709
31	31	993	993	31
488	693	58	227	595
646	179	646	594	179
91	91	267	164	91
752	426	426	752	426
883	883	514	883	883
153	153	153	153	223
757	772	757	772	772
272	492	745	747	365
185	242	185	584	185
801	801	885	885	801
32	32	313	535	32
821	821	823	823	821
718	921	400	921	400
796	365	365	987	987
329	850	850	399	329
843	272	272	843	843
66	719	592	66	719
300	964	809	173	472
722	234	722	722	234
97	913	918	631	933
870	115	646	733	234
921	921	921	474	474
514	193	239	595	586
268	327	260	260	260
573	576	576	576	573
17	604	700	522	543
604	520	342	342	520
946	946	815	815	946
975	784	784	52	975
145	145	145	145	164
855	273	242	222	637
342	342	342	904	342
359	86	359	359	359
178	219	445	861	713
700	99	99	700	99
356	83	83	356	83
996	595	595	996	595
1	248	1	248	248
519	649	925	519	925
906	615	615	615	615
121	226	226	226	226
448	878	270	781	827
963	182	182	963	963
762	632	900	632	632
902	230	720	776	781
47	47	764	158	764
92	92	809	92	809
885	349	349	349	349
906	717	717	717	717
290	290	812	399	399
513	513	513	513	513
408	301	301	301	408
475	217	217	475	475
292	514	292	514	292
758	758	279	758	763
609	609	609	105	105
297	297	776	297	776
298	830	699	528	303
949	949	949	949	949
241	241	241	241	115
577	577	577	422	422
861	917	130	392	665
219	377	377	219	171
502	259	259	723	502
877	266	306	348	2
695	694	797	584	676
633	302	364	861	829
190	687	687	687	687
431	206	206	206	431
333	339	339	333	333
820	820	249	820	820
9	9	614	614	980
894	894	917	917	894
226	463	569	61	636
53	601	758	187	966
315	315	315	932	315
704	145	145	704	778
895	377	377	37	37
607	470	470	470	607
229	607	229	607	651
92	203	92	783	203
370	798	370	370	798
712	856	413	734	448
565	140	515	202	751
526	760	266	669	439
535	371	641	873	611
474	642	474	474	864
995	410	772	410	772
579	579	884	579	884
141	278	169	169	278
331	529	203	203	203
675	191	241	653	404
74	74	291	291	92
719	688	889	894	573
431	68	68	431	431
795	664	795	795	795
462	462	237	788	237
589	14	78	589	589
620	685	911	78	387
894	96	454	999	611
407	344	407	344	344
781	781	441	441	441
984	726	83	245	367
95	516	516	516	95
339	339	339	110	339
491	821	151	485	203
596	855	596	457	596
960	183	960	183	960
80	690	80	80	690
793	793	706	706	706
115	115	971	971	115
724	383	724	724	255
531	531	531	531	531
998	339	502	265	523
98	98	825	341	98
375	113	872	872	375
239	239	337	239	337
112	629	112	629	302
623	623	304	304	623
736	367	367	544	544
863	863	863	863	904
326	326	244	244	908
616	52	200	52	616
707	521	816	281	670
903	866	866	903	903
861	893	241	56	592
225	872	225	225	732
371	416	350	350	416
944	944	562	944	944
535	535	535	535	535
523	563	563	523	563
273	339	273	339	273
676	676	676	603	676
857	450	450	450	450
795	836	324	324	836
430	352	430	476	352
979	693	693	530	530
86	997	93	662	384
495	713	495	713	495
273	963	963	941	273
897	897	897	897	897
363	674	423	46	534
693	54	54	54	693
947	947	947	785	370
9	161	569	324	840
471	895	37	37	895
172	456	559	314	985
76	425	601	601	425
547	547	434	547	434
577	507	577	511	511
101	661	581	344	413
625	625	916	916	916
448	448	448	336	336
537	440	617	546	368
751	751	370	751	751
79	601	601	601	601
628	35	35	35	954
688	174	688	359	359
246	900	298	298	298
950	722	722	141	141
379	195	114	499	117
976	227	976	227	452
654	664	982	789	150
378	378	369	378	369
928	236	928	928	928
818	818	940	940	818
275	526	790	924	202
184	658	658	658	72
179	668	179	179	668
199	425	520	199	425
130	474	130	474	474
938	938	178	178	938
390	808	143	390	143
42	42	969	42	42
783	783	783	988	783
40	40	174	40	174
813	463	780	893	456
288	288	649	288	649
623	643	623	623	643
217	220	220	217	220
302	302	854	587	587
125	702	702	702	702
872	644	872	644	872
356	356	438	438	274
454	454	454	863	863
208	208	208	208	208
761	489	761	489	761
560	160	68	68	160
50	50	38	661	38
389	949	389	949	303
647	902	902	647	902
927	637	927	927	590
180	401	187	180	180
458	554	554	458	458
209	38	38	38	209
173	173	12	173	12
274	250	839	889	643
736	736	736	282	736
922	432	432	432	922
252	472	886	662	300
511	328	511	328	511
132	26	132	132	26
710	710	482	482	710
150	689	380	380	689
219	219	920	920	219
469	469	427	427	848
688	688	688	378	378
382	217	394	382	394
7	815	848	182	225
845	567	732	788	815
840	840	840	472	840
692	385	385	385	692
477	290	125	774	72
311	220	220	311	311
79	113	113	844	844
646	236	236	646	236
964	246	246	964	246
871	454	871	454	871
521	521	521	296	521
745	745	707	707	745
307	307	420	420	307
590	589	590	589	589
75	645	421	421	421
903	486	529	424	31
73	260	298	834	243
157	361	157	361	800
846	597	76	887	90
109	957	957	109	957
28	862	458	107	683
715	715	816	816	816
929	592	592	592	888
259	374	374	259	374
168	970	569	222	377
655	655	637	637	637
902	163	163	902	902
150	148	150	148	148
385	385	385	23	385
199	521	436	408	740
364	742	742	364	742
883	883	883	900	900
234	824	255	792	323
161	34	34	34	34
332	332	332	332	332
353	353	353	353	353
337	920	751	708	963
885	885	885	885	885
150	150	150	150	274
846	846	846	846	846
26	26	976	976	26
39	718	275	275	39
941	941	708	941	708
866	117	117	866	702
450	714	450	450	450
682	549	549	549	682
534	458	534	534	534
823	747	823	823	747
976	976	741	741	741
829	617	617	617	829
531	800	384	800	800
950	950	950	607	607
773	343	463	343	463
90	799	90	799	90
571	400	2	2	571
881	881	881	881	96
918	507	528	528	528
943	342	943	943	342
211	211	730	211	730
245	245	565	565	245
27	7	19	713	303
244	244	244	426	244
954	39	627	817	990
268	952	804	952	952
952	952	952	109	109
59	59	59	59	59
486	990	836	319	73
440	949	421	949	440
432	424	237	432	424
934	447	447	447	934
86	248	248	483	483
888	875	11	875	888
212	943	212	212	943
294	294	144	294	144
872	872	145	145	145
743	337	337	743	337
428	978	978	428	978
986	247	425	882	901
339	339	339	695	339
328	328	465	465	328
874	106	874	106	153
297	942	275	711	211
729	722	722	722	729
101	101	101	519	101
84	492	989	989	84
906	67	906	67	67
738	595	589	767	163
981	331	331	981	981
204	704	323	323	204
447	243	243	447	243
797	797	797	751	330
306	306	306	187	306
620	620	220	620	620
943	390	390	390	390
139	139	139	158	158
657	657	657	974	657
833	833	833	62	833
282	764	764	282	282
976	976	264	976	955
420	48	48	62	48
390	390	390	390	390
549	698	697	953	367
571	894	894	894	571
431	431	431	623	431
691	358	411	793	284
596	106	843	122	986
969	969	969	969	645
324	543	31	324	324
906	74	906	229	229
538	939	538	100	100
453	453	267	453	453
818	299	113	113	299
361	361	361	446	361
775	768	58	768	775
11	872	921	774	971
77	645	77	77	645
23	770	770	23	23
98	330	98	98	330
522	291	936	863	564
841	948	948	948	841
52	109	572	621	765
848	848	690	690	66
678	678	579	678	702
638	296	638	638	92
110	110	259	259	110
415	834	415	834	415
389	356	620	620	389
303	623	762	972	128
825	791	188	119	24
627	130	627	130	130
290	428	378	181	364
429	552	2	429	429
308	345	308	345	481
134	134	493	493	134
205	961	579	521	912
532	700	387	420	313
613	307	613	800	307
956	956	956	839	839
381	422	381	422	422
559	523	418	523	559
597	597	380	380	597
64	493	634	426	91
960	505	505	960	5
637	79	637	669	637
699	126	699	699	126
788	475	710	788	788
198	567	198	198	567
147	375	615	156	929
820	426	426	426	426
685	804	80	697	274
578	502	502	502	578
167	167	83	167	83
596	489	672	988	776
490	847	490	713	847
820	311	974	193	912
582	822	622	298	376
785	59	229	392	689
919	78	78	78	78
328	500	937	937	328
385	368	439	137	892
412	985	412	985	412
25	942	858	863	900
996	904	399	922	491
26	534	534	534	26
585	217	217	217	217
143	694	694	143	143
81	872	529	288	742
966	966	966	966	677
327	327	327	173	327
959	959	959	431	959
614	889	918	614	614
78	54	78	239	239
476	327	454	987	630
555	716	716	716	555
543	521	543	543	521
922	922	237	922	350
26	26	317	317	317
982	924	588	756	819
334	662	662	334	662
565	565	247	247	247
314	372	848	543	219
665	326	665	326	665
831	630	630	630	630
297	351	42	322	498
939	383	383	383	939
125	227	125	125	125
208	208	471	471	837
73	886	686	973	169
824	737	737	711	711
835	835	67	835	835
125	125	492	492	492
768	83	54	83	54
766	766	969	969	766
501	358	208	343	875
820	308	308	308	820
330	980	694	550	737
415	57	57	415	415
498	820	498	498	498
170	170	23	23	23
543	951	951	951	245
819	611	436	611	611
779	779	871	871	871
333	333	435	333	446
121	209	209	40	121
694	694	708	708	694
899	345	537	608	390
727	727	229	530	229
923	923	359	923	923
964	802	324	336	601
847	847	847	847	948
624	624	37	37	37
130	322	322	322	130
985	985	985	989	985
304	931	931	931	931
322	609	322	609	322
623	760	760	474	760
1000	737	1000	737	1000
955	287	287	84	955
96	679	502	96	679
399	273	273	273	399
704	704	669	704	669
120	400	677	432	457
150	128	150	150	150
437	437	437	530	437
715	715	882	715	882
450	765	765	450	765
608	608	608	608	984
975	965	302	302	302
565	907	907	565	565
179	145	179	179	145
792	792	269	884	269
430	639	184	430	639
590	354	342	354	342
240	154	154	240	154
267	267	267	267	199
919	336	336	919	336
565	530	740	595	491
460	460	460	802	819
451	935	451	935	451
558	949	558	202	202
841	841	841	841	223
902	902	934	934	934
646	646	582	582	582
191	505	191	505	191
360	360	430	77	360
153	92	153	92	92
172	219	219	172	172
963	679	518	518	679
183	56	56	781	781
162	134	162	162	240
164	22	22	164	278
126	126	126	582	126
293	112	266	266	266
578	578	574	578	578
324	438	324	324	324
865	865	825	865	825
365	365	365	365	713
446	954	842	839	500
17	96	980	366	130
221	683	221	683	683
686	847	396	847	686
948	536	948	948	536
772	606	606	772	772
317	935	352	338	307
895	537	537	895	537
334	308	334	308	308
596	596	429	596	377
755	699	769	315	182
654	824	991	783	132
568	477	477	477	477
621	417	112	621	621
324	434	434	324	434
55	122	122	678	55
673	502	673	502	673
1	1	386	386	1
314	497	627	747	552
107	107	107	107	197
590	421	614	614	590
338	338	470	338	338
844	854	257	475	147
939	777	939	777	777
153	575	575	153	153
652	581	305	725	987
56	508	57	887	353
154	37	298	415	234
838	838	871	871	871
318	318	318	318	318
103	590	590	103	103
880	880	880	85	85
864	103	103	864	103
61	945	945	61	685
455	455	870	455	870
127	674	127	899	127
754	754	754	878	446
737	872	737	737	872
880	978	880	880	880
356	495	356	356	356
587	150	227	587	587
230	230	230	230	230
630	630	31	31	630
940	940	680	680	680
642	410	410	410	513
769	769	851	851	851
284	713	284	284	284
746	919	919	746	859
587	250	587	684	250
675	557	150	342	108
329	921	921	921	329
334	116	116	116	334
327	280	327	327	327
30	87	87	87	30
473	334	334	473	473
689	824	824	824	824
394	394	394	394	339
825	905	875	825	905
302	229	485	445	176
377	377	519	519	377
975	667	981	644	619
163	989	163	989	855
668	196	668	597	597
967	449	845	935	291
653	624	685	446	702
229	243	173	229	243
882	757	757	882	882
586	586	586	522	586
383	37	383	383	383
997	690	997	997	690
250	466	250	250	466
292	549	257	519	140
338	338	78	782	78
514	262	514	94	514
83	83	443	83	83
109	109	109	333	109
715	715	715	715	800
598	483	598	598	483
49	306	306	306	49
10	10	821	10	10
319	958	319	319	319
904	233	16	16	16
278	616	278	278	278
377	251	377	360	360
691	691	691	691	21
722	722	29	29	722
530	530	530	660	530
798	798	798	798	928
52	52	203	52	203
957	852	684	827	854
419	419	419	419	419
919	919	919	919	113
75	573	785	75	573
259	259	219	219	219
574	581	574	574	581
562	580	580	580	562
778	700	1	778	700
473	446	473	473	446
787	417	555	787	787
44	44	849	44	44
789	25	352	352	25
552	552	242	552	242
706	261	261	460	706
824	824	824	824	564
403	403	403	471	471
145	145	998	145	998
635	385	385	635	635
494	54	54	54	54
725	237	854	788	658
667	667	667	269	667
382	615	615	615	615
593	532	955	302	689
787	48	787	787	48
243	577	243	155	243
314	274	274	915	274
407	149	407	149	149
144	72	144	144	72
734	529	734	734	529
753	753	793	753	165
70	70	70	70	70
310	310	481	481	481
228	735	934	934	735
913	537	288	537	288
521	521	521	68	68
238	898	526	903	914
433	147	147	433	433
313	313	696	313	313
101	101	101	743	743
585	585	585	897	585
329	645	489	682	461
860	860	860	860	828
384	240	384	384	295
795	795	795	795	566
620	582	905	905	620
359	359	359	359	139
377	226	377	377	777
828	828	27	27	828
710	436	710	487	487
525	450	525	525	450
987	949	949	987	949
930	236	930	930	930
417	381	417	417	381
693	335	335	335	335
902	902	427	902	427
330	330	330	330	976
403	210	18	419	25
420	234	541	165	209
787	173	254	637	242
227	579	579	579	227
623	452	452	606	606
648	214	648	214	648
573	592	573	592	592
28	288	28	543	28
968	968	45	968	968
965	965	965	597	965
875	875	875	990	990
740	819	703	73	116
835	657	657	835	657
118	118	198	165	165
300	386	33	33	300
199	199	199	5	5
367	421	367	421	421
796	264	796	264	264
847	869	869	847	869
9	9	203	203	9
213	213	348	348	348
836	702	836	702	702
726	635	726	635	635
671	381	671	381	671
617	117	617	117	117
48	48	48	762	812
797	797	797	797	797
506	491	506	491	506
249	249	908	875	249
70	17	109	698	586
678	678	463	463	463
354	354	538	221	538
445	802	802	802	90
938	619	938	619	619
665	665	523	523	523
494	637	709	229	781
413	722	595	929	238
433	307	433	433	307
22	22	172	172	172
476	606	606	254	606
876	876	121	876	876
183	815	815	815	183
741	741	741	653	741
601	601	601	208	601
34	536	34	536	34
470	470	598	886	470
304	556	556	556	304
648	646	79	79	79
659	324	172	528	437
32	570	743	743	743
703	703	226	226	703
903	426	903	903	903
767	767	767	767	767
150	541	206	206	150
533	533	533	533	533
769	977	769	312	977
281	811	817	817	811
892	414	780	316	498
644	271	271	644	644
561	561	561	410	463
63	759	863	411	987
818	818	818	818	103
877	877	877	481	877
822	2	386	83	766
543	809	135	154	318
485	485	489	904	489
295	430	163	490	378
357	350	357	350	357
669	669	263	263	263
940	680	988	936	914
216	216	783	152	216
379	379	379	311	311
574	253	36	253	253
281	281	686	686	932
894	776	79	593	490
102	102	102	102	102
170	170	638	638	428
683	516	516	516	683
449	638	638	449	638
770	818	770	818	770
860	860	340	340	340
292	216	292	216	292
520	603	603	603	603
193	806	806	193	806
264	264	331	264	264
34	636	969	653	598
852	584	584	584	584
918	918	918	918	514
899	613	613	899	899
888	813	888	813	888
201	201	642	201	642
616	84	84	84	84
139	973	875	973	973
348	556	630	556	556
16	208	684	473	395
972	972	742	742	936
34	34	34	34	513
372	4	372	372	372
111	111	111	476	196
485	483	573	231	741
843	667	667	332	667
900	60	900	900	30
689	689	216	216	216
836	836	158	158	158
897	897	276	582	897
742	528	528	742	528
151	151	758	151	151
121	10	121	121	121
439	215	116	439	215
744	978	744	744	744
92	204	204	650	650
876	195	876	195	876
447	962	647	101	973
798	798	798	798	798
657	667	348	348	348
278	833	278	833	278
139	988	41	9	662
746	746	746	669	669
934	934	121	934	121
728	734	734	728	728
699	699	729	699	729
221	408	408	408	408
72	320	320	320	72
416	793	565	865	761
130	130	887	130	887
921	921	921	755	921
643	381	525	525	381
949	949	487	487	487
771	805	771	771	805
735	735	735	735	735
826	283	826	826	826
396	623	623	623	396
381	311	381	490	311
911	446	446	446	446
195	97	505	212	353
232	971	153	783	657
661	448	448	661	448
88	88	88	907	907
60	673	673	60	60
213	213	91	403	403
417	408	408	417	408
911	489	672	904	378
11	179	783	348	280
450	296	188	967	28
749	749	641	641	749
992	853	992	992	992
107	107	745	293	293
69	69	69	343	343
309	312	183	393	397
479	113	113	113	113
854	854	351	854	854
91	329	458	458	458
196	557	988	678	793
445	48	445	48	48
819	635	635	819	635
341	761	761	761	341
288	784	784	784	784
758	985	758	985	145
86	86	452	452	452
340	732	580	340	340
506	219	506	506	219
991	676	626	676	676
376	760	760	760	376
251	251	736	736	736
600	131	131	131	131
669	669	669	660	669
628	320	711	911	144
576	814	814	814	576
489	374	991	861	887
56	657	56	56	56
39	39	972	972	972
450	112	709	819	669
285	900	285	900	848
644	644	644	644	644
511	653	392	734	479
155	155	155	155	155
126	510	126	510	126
574	574	574	574	574
819	819	819	323	267
773	773	653	773	653
255	40	940	999	631
52	52	52	52	581
318	805	932	805	318
573	492	681	681	573
374	374	374	374	92
510	45	45	45	510
817	817	817	817	2
571	571	433	571	571
96	96	158	96	96
689	443	443	689	689
660	164	164	660	164
764	87	635	871	669
679	679	663	663	663
289	789	789	789	789
535	345	345	535	535
408	192	408	192	192
540	205	205	205	205
720	730	711	116	589
330	330	56	56	330
390	390	458	856	390
866	848	866	848	866
947	365	365	365	17
74	317	672	672	317
307	329	329	621	307
698	387	387	387	387
928	660	928	928	928
554	369	263	369	263
906	906	795	370	370
290	951	433	433	290
345	345	995	345	995
406	406	406	355	355
971	971	971	461	971
869	99	99	869	869
922	652	922	922	922
42	42	42	42	644
131	696	131	131	131
87	365	365	87	87
267	23	267	267	23
415	387	415	387	288
448	862	436	448	448
926	926	479	926	926
118	118	399	399	118
997	997	225	225	225
247	992	247	247	247
710	710	366	366	710
154	63	154	756	154
672	516	310	516	310
192	192	868	868	192
442	21	21	442	21
255	893	364	41	193
999	999	999	455	455
531	531	886	255	886
930	930	52	52	930
42	10	10	42	42
199	199	199	949	199
321	321	321	321	321
576	576	576	576	576
687	92	92	92	687
257	692	172	27	129
328	328	877	877	249
663	674	663	674	663
230	230	164	230	164
50	802	50	802	802
602	533	375	602	602
63	282	282	282	269
184	19	184	184	538
388	388	388	388	388
424	24	288	288	24
662	903	903	903	662
15	620	620	15	15
528	528	348	348	528
815	815	283	120	120
130	330	130	130	330
366	139	726	603	358
985	856	737	921	633
30	797	17	346	734
298	298	298	748	375
611	62	62	611	62
484	839	839	484	839
914	598	914	598	598
527	527	312	312	527
227	638	638	638	227
370	818	370	818	818
570	534	570	534	359
578	578	373	373	373
546	731	664	664	664
477	477	477	520	477
916	355	355	916	916
61	388	830	388	61
297	127	128	414	835
975	47	47	47	975
896	909	931	676	244
288	962	288	962	962
724	724	725	724	725
417	263	139	944	829
505	541	541	505	541
986	979	986	979	979
25	758	25	758	25
100	100	861	880	100
6	235	75	31	92
22	22	761	532	22
7	758	7	758	758
924	924	231	924	231
982	226	982	226	982
429	429	193	193	429
641	199	199	128	128
75	75	397	397	75
158	138	695	138	695
49	974	961	366	117
336	53	53	706	53
121	298	121	121	121
820	158	820	354	158
667	651	667	667	667
372	226	312	80	515
121	121	121	121	196
456	314	187	527	833
875	875	875	875	875
65	65	65	501	65
890	357	890	890	477
889	547	441	441	889
95	620	534	891	676
334	334	559	334	559
268	642	642	268	642
352	890	384	890	384
694	831	831	831	831
954	954	954	298	298
406	406	291	406	406
428	413	10	37	623
823	608	80	80	823
317	808	808	317	132
107	531	107	107	462
5	595	681	783	16
905	804	804	905	905
384	384	384	384	384
250	524	808	709	107
687	855	213	201	730
463	346	819	146	215
282	625	586	87	633
153	153	153	153	153
390	358	742	390	742
123	123	854	123	854
341	50	341	232	341
156	156	101	101	156
959	607	959	607	624
185	712	942	185	185
57	319	57	57	319
646	965	646	965	646
786	550	786	786	786
918	125	662	643	627
614	384	614	614	614
549	396	227	7	331
883	793	883	883	736
777	125	777	777	777
726	756	726	726	756
94	352	352	352	352
774	352	352	352	772
623	778	506	778	778
217	569	203	87	697
190	190	190	745	745
829	829	392	829	392
140	140	140	274	274
391	391	391	391	391
16	16	936	162	16
45	611	611	611	45
349	423	107	538	195
810	810	810	810	810
50	696	50	569	569
852	197	134	25	846
758	365	591	704	49
450	180	647	660	978
101	130	101	101	272
377	976	377	377	863
992	992	67	992	67
698	698	466	466	877
993	58	993	993	58
856	290	856	856	856
568	581	511	568	568
462	623	623	462	462
177	657	856	72	27
682	806	778	116	864
714	714	793	714	667
54	283	47	912	968
750	489	475	505	800
146	36	146	146	36
193	193	843	843	843
583	347	347	454	454
823	823	823	435	435
338	930	338	157	338
473	726	473	726	726
881	371	881	881	881
27	873	873	27	873
908	384	384	908	908
231	231	231	265	231
874	840	840	874	874
983	61	293	983	983
908	908	98	98	925
890	811	811	890	811
619	646	646	646	646
11	11	11	11	828
150	819	150	150	356
387	387	387	254	387
676	346	676	585	346
352	574	352	845	352
956	956	956	301	301
333	917	584	596	764
16	156	928	156	928
211	812	812	812	812
44	44	887	44	44
829	420	54	225	958
277	277	277	45	277
951	186	951	951	951
836	836	960	836	960
834	146	146	834	146
868	319	228	393	60
402	402	843	402	402
153	48	48	48	153
673	826	127	56	308
328	841	413	673	1
925	836	803	825	908
485	605	485	485	605
435	721	435	435	435
291	291	291	291	291
616	807	210	616	807
920	422	422	422	422
941	396	629	761	151
11	11	11	11	11
935	470	566	690	433
414	997	984	618	502
299	434	434	299	299
475	475	309	309	309
451	249	249	451	249
985	985	322	322	322
716	716	716	716	143
837	803	855	848	998
855	855	869	855	855
975	35	35	975	975
618	654	743	654	654
184	184	184	184	260
920	904	395	424	360
913	560	74	199	166
269	269	912	912	610
511	511	494	817	817
469	196	469	196	469
531	883	883	531	883
790	820	790	432	820
962	753	753	753	568
443	391	706	103	991
821	770	821	770	150
29	160	251	848	312
685	514	968	525	674
898	898	898	237	237
441	441	441	441	441
659	488	488	773	773
165	270	165	165	165
847	847	847	847	233
395	185	293	458	522
730	725	730	730	730
996	270	270	996	996
150	150	150	259	259
348	520	597	597	520
455	455	455	720	720
501	992	501	501	992
943	943	943	943	943
287	536	536	287	536
796	796	903	796	796
846	540	823	846	540
755	577	755	577	755
54	54	54	815	54
304	418	304	304	304
517	517	890	816	890
433	497	869	79	955
54	54	164	164	164
545	545	26	545	545
114	773	773	773	176
108	64	676	676	64
960	30	785	960	960
37	37	666	666	604
489	220	220	220	547
279	899	279	899	899
763	658	763	658	197
462	462	462	243	243
996	498	498	498	498
585	585	585	585	585
659	89	652	709	393
942	704	658	5	147
16	16	16	16	16
179	793	841	793	179
572	280	280	572	280
941	804	928	588	83
138	138	393	138	138
719	690	178	178	719
871	871	871	871	351
887	395	395	887	395
87	87	971	971	971
87	87	87	688	342
399	399	399	399	738
279	70	279	70	279
114	312	312	312	312
472	726	472	726	726
667	667	977	754	754
367	367	647	647	367
37	351	457	351	37
132	132	874	874	132
721	901	99	901	99
786	786	439	786	439
165	285	285	165	165
589	589	209	589	695
822	195	195	822	195
968	77	799	968	77
531	929	531	531	386
989	989	989	989	989
656	656	372	656	372
733	733	778	778	647
313	750	253	253	750
97	97	625	358	97
361	792	361	792	792
716	716	593	716	716
967	721	368	711	604
126	936	936	936	126
834	919	919	919	834
966	570	966	570	966
870	382	870	382	382
469	281	281	277	281
933	298	298	298	298
167	931	479	167	167
589	589	551	589	589
235	235	235	219	219
678	775	775	775	678
539	539	164	539	164
28	781	781	28	781
337	337	37	337	37
149	149	149	873	149
611	842	611	842	611
893	769	769	893	893
78	276	276	276	78
633	636	636	633	636
711	667	711	711	711
833	833	833	653	833
801	578	215	915	490
973	793	187	471	434
133	180	133	180	180
985	985	985	990	990
659	390	742	715	162
591	591	591	591	591
99	542	542	99	99
905	294	26	26	26
580	580	277	580	580
758	758	31	758	758
940	940	940	940	506
228	228	228	228	228
634	634	634	863	863
580	937	897	786	721
857	825	825	825	857
583	583	583	583	583
141	141	438	438	438
96	19	432	668	240
247	504	651	172	126
252	252	476	252	252
531	531	816	531	816
524	103	103	103	524
592	592	320	320	320
670	552	670	552	670
732	668	682	668	732
529	982	214	982	214
96	96	96	337	329
493	493	493	493	565
66	66	376	376	376
171	455	470	93	268
150	150	335	335	150
521	521	521	957	214
851	851	793	851	793
415	406	406	415	406
740	18	804	825	959
833	711	488	859	688
975	975	356	479	479
731	560	796	467	768
580	973	580	101	580
406	761	761	761	761
942	776	587	942	942
667	667	525	525	667
440	658	440	440	440
335	335	335	335	221
15	393	224	622	775
161	180	161	899	180
42	758	758	42	42
965	154	393	496	95
557	508	427	101	297
131	53	773	379	804
997	906	906	906	997
743	743	504	743	504
815	815	200	815	200
912	912	195	912	912
148	270	270	66	66
104	95	104	95	95
929	833	929	929	833
483	483	714	714	714
434	262	879	896	292
882	746	638	638	882
17	400	219	619	803
227	356	227	356	356
591	591	591	591	627
313	863	863	863	863
497	497	277	497	277
309	309	309	200	448
265	344	265	344	344
173	21	611	611	611
69	591	514	79	372
989	989	989	989	252
866	866	866	287	866
129	470	129	470	129
190	190	432	432	432
206	387	703	206	206
703	703	703	713	703
841	557	841	557	841
376	885	376	885	885
209	209	24	209	24
373	41	373	373	373
323	858	876	171	713
188	188	28	28	188
990	119	119	119	120
552	602	602	602	602
783	783	288	288	783
457	371	921	387	126
264	33	33	33	731
557	470	567	988	269
464	464	988	464	988
516	786	654	419	870
160	118	118	118	118
98	403	403	403	403
463	459	36	434	16
855	44	855	436	436
590	183	408	39	478
844	844	399	399	575
551	551	551	605	605
816	287	281	898	167
418	249	249	418	249
699	699	27	27	27
508	508	508	508	508
271	745	271	745	271
671	429	429	671	438
861	229	229	861	229
729	569	405	820	322
453	702	453	453	453
992	213	13	213	213
707	707	707	707	707
453	672	672	453	453
964	964	837	837	964
15	895	15	15	895
429	305	429	429	664
585	585	849	982	585
407	407	407	407	407
824	824	824	945	824
493	493	58	493	58
679	733	679	679	679
753	256	393	718	698
629	553	629	994	994
110	379	177	177	379
730	837	730	730	837
867	813	867	808	808
453	64	829	428	899
447	893	83	765	626
386	913	4	205	753
517	517	517	517	899
16	952	952	16	812
297	665	410	297	665
464	370	370	464	464
894	894	894	914	894
591	459	591	591	459
991	532	991	991	532
196	726	196	359	196
631	631	990	990	126
492	972	492	972	492
298	298	329	329	298
15	15	431	431	547
991	346	318	991	991
422	392	422	392	392
757	757	968	184	184
775	546	64	3	258
32	536	536	536	162
904	852	904	904	904
120	277	277	354	120
190	76	76	190	464
11	382	627	627	382
779	929	779	929	779
135	150	135	135	150
253	543	253	253	253
185	761	96	185	96
658	658	822	822	658
810	433	810	625	810
57	402	402	402	402
13	159	159	13	13
936	936	936	316	936
529	529	708	672	672
801	95	801	95	801
75	75	75	75	75
572	43	572	572	572
794	746	794	794	746
11	11	11	565	11
97	574	28	653	741
380	957	380	108	380
84	84	84	623	84
468	592	468	592	468
96	96	248	96	668
180	180	169	169	169
460	819	819	460	819
906	183	183	183	906
747	747	747	747	212
185	43	152	494	247
658	658	618	618	618
759	759	759	276	396
195	195	593	593	195
173	175	734	436	815
324	850	850	324	681
85	993	304	117	748
530	530	959	959	530
158	158	703	703	158
825	401	669	185	564
810	477	952	678	914
406	790	790	406	790
685	372	685	685	685
161	373	161	373	373
466	812	98	812	98
612	799	612	612	612
857	857	648	648	648
140	327	327	472	140
491	560	491	560	967
381	86	381	86	86
274	468	15	15	15
349	349	349	600	349
450	450	300	300	450
535	324	434	470	702
609	515	609	609	765
767	767	788	788	767
478	930	478	478	930
618	863	69	105	844
239	885	239	885	885
173	173	685	233	173
598	764	598	598	598
865	651	651	651	651
940	255	430	109	741
373	954	4	474	914
501	112	946	57	115
264	73	264	264	264
557	382	557	382	557
153	969	56	969	969
11	896	62	63	646
593	314	314	593	314
453	453	513	513	513
226	254	388	841	272
289	137	999	54	974
366	366	121	121	121
229	421	93	308	837
555	555	929	929	747
212	299	253	710	257
650	650	107	650	650
851	212	851	851	212
174	776	776	174	174
381	266	266	266	381
214	764	764	214	764
580	817	260	776	908
750	679	679	679	750
975	556	975	975	975
843	18	18	18	18
31	488	510	31	510
987	987	987	920	987
178	12	12	178	178
842	171	171	842	842
92	373	92	373	373
774	450	472	774	472
644	75	75	644	644
117	308	308	117	117
822	472	822	472	822
17	177	260	198	675
821	821	33	821	821
638	881	638	421	881
798	798	798	798	798
839	839	26	477	839
806	806	946	806	946
949	103	103	83	103
488	488	488	174	174
358	358	727	727	358
437	487	437	437	437
369	369	709	709	369
395	395	395	373	373
757	757	213	213	213
344	344	344	646	344
263	263	809	809	809
391	493	493	391	493
925	925	513	469	925
746	746	158	746	746
267	267	267	267	707
961	961	1	1	1
938	41	41	41	41
166	570	295	607	33
712	50	50	712	50
62	62	62	62	684
524	217	66	758	596
221	221	221	601	601
662	467	467	467	467
261	261	225	225	261
80	511	560	980	241
45	45	45	45	29
514	229	544	745	94
748	314	807	345	750
161	25	161	25	506
565	565	565	565	565
330	629	330	629	629
948	948	948	655	948
736	736	424	424	736
349	349	32	32	349
352	352	127	352	352
495	514	514	854	514
795	281	795	281	281
42	42	42	42	42
623	470	826	623	623
833	793	793	793	276
378	691	378	378	691
77	77	76	76	77
13	717	13	13	13
986	117	117	986	117
972	972	972	659	972
479	788	474	479	474
732	945	732	732	945
185	749	29	68	266
252	747	128	673	308
679	679	203	803	203
254	556	475	818	322
940	940	445	445	445
545	97	97	97	97
611	611	503	503	503
141	731	141	141	68
444	620	620	620	243
322	522	322	322	522
843	977	843	977	977
24	139	24	139	139
596	596	211	596	211
503	48	503	371	503
922	922	517	517	922
520	897	897	520	118
316	426	346	346	316
502	502	399	502	502
245	245	816	245	245
271	271	271	271	271
787	323	787	787	787
57	211	726	211	726
308	308	693	507	507
262	945	764	945	764
439	439	798	798	439
649	649	649	128	649
132	132	616	616	616
955	955	906	906	906
689	921	689	921	689
854	329	736	854	736
43	43	529	529	43
600	600	600	116	600
173	173	173	173	173
207	509	509	374	207
794	794	571	105	571
888	888	888	5	888
704	578	578	578	578
533	533	533	482	533
206	166	331	764	656
155	155	104	155	104
941	941	941	114	941
175	263	175	263	175
979	585	778	167	536
779	656	916	779	916
248	327	327	327	398
160	312	658	312	160
945	3	3	3	3
879	10	10	879	879
211	546	671	211	211
25	933	25	933	933
48	48	747	48	747
510	643	643	643	922
622	622	425	425	425
98	945	98	945	98
111	286	111	286	286
726	773	726	559	726
287	217	287	217	287
557	557	147	147	557
755	755	755	384	755
254	933	254	933	254
150	150	150	47	47
884	884	708	708	884
517	752	11	523	354
605	139	435	435	605
253	52	535	253	52
431	513	278	513	278
143	174	139	101	981
744	348	744	348	263
422	422	422	878	878
982	661	634	159	951
760	335	335	760	335
260	313	260	313	401
660	660	15	660	15
855	855	855	855	855
997	478	997	995	478
712	763	760	712	712
668	977	668	668	324
323	323	249	249	249
743	203	203	743	203
657	52	855	769	682
722	722	722	722	722
396	982	396	396	396
669	800	800	800	669
823	823	823	823	823
853	853	139	139	853
271	138	138	271	138
450	450	133	133	133
873	873	873	758	758
229	537	537	229	555
578	578	578	672	672
539	539	668	539	539
877	976	419	21	189
770	215	334	653	248
614	98	829	829	829
395	395	704	704	395
366	366	366	366	366
230	458	179	705	444
155	155	560	560	155
358	699	90	90	90
121	121	136	121	136
214	711	96	711	711
644	643	622	215	663
42	841	42	841	42
17	741	741	741	741
675	675	675	318	318
399	511	990	816	400
968	968	836	968	836
701	433	116	701	116
742	742	742	742	816
19	885	885	19	19
584	637	637	637	584
850	116	850	850	850
296	448	448	296	448
111	111	111	333	111
804	291	804	889	889
283	164	283	283	283
820	820	820	643	643
344	344	344	605	344
530	481	398	481	481
72	997	72	44	72
860	860	788	788	860
16	293	293	293	293
782	943	904	943	904
592	592	592	221	592
743	743	510	559	743
293	293	293	350	293
338	338	638	687	687
61	836	836	292	836
35	35	35	35	788
533	533	533	533	533
202	202	202	202	573
813	642	813	642	642
135	135	936	135	135
546	504	29	860	307
58	58	58	58	58
354	354	354	354	151
483	483	483	483	449
890	971	890	947	971
351	529	659	659	351
197	197	758	758	758
952	495	841	193	896
432	432	432	432	887
828	5	828	572	5
782	782	78	78	782
820	820	820	723	81
633	204	204	204	633
113	113	113	787	787
607	557	607	92	557
840	813	984	840	813
851	851	851	851	619
950	652	950	950	652
988	480	433	584	900
726	726	638	638	726
914	323	914	914	914
691	691	691	528	528
858	777	321	231	789
416	852	852	852	852
627	648	648	627	648
797	797	751	946	751
509	954	954	954	509
628	137	481	987	545
271	860	271	271	860
729	446	729	446	729
39	30	420	432	173
440	440	125	440	440
26	922	26	141	141
611	876	705	212	386
107	45	45	107	107
314	668	347	314	668
964	173	143	25	649
252	162	155	491	669
629	507	792	507	507
202	953	953	202	953
272	364	364	364	364
883	883	729	883	883
491	411	491	411	879
479	311	311	139	479
88	326	56	937	468
956	956	956	30	956
220	918	220	206	220
517	32	13	48	485
983	203	983	983	983
935	935	312	935	312
166	596	497	168	665
507	480	507	507	507
763	253	564	564	564
553	325	553	325	325
314	314	314	876	314
949	880	969	949	969
810	442	752	810	810
680	985	680	985	680
374	799	374	799	374
791	929	791	929	791
546	546	280	546	546
337	337	337	337	743
224	525	200	519	756
908	908	142	142	142
910	533	63	132	20
555	674	786	246	994
434	937	434	937	937
475	475	698	475	475
863	976	955	464	851
104	104	157	157	277
799	799	799	598	799
71	944	944	944	71
820	41	41	41	41
560	536	940	560	536
738	879	879	879	879
944	901	435	435	901
269	367	367	269	269
229	229	408	229	408
130	622	622	622	130
397	397	342	397	397
924	924	715	924	750
902	750	902	902	750
450	473	450	450	473
540	540	27	471	471
336	955	447	447	447
868	238	287	868	238
826	826	863	20	20
766	224	766	77	77
968	120	789	434	918
330	330	98	330	98
859	859	502	859	502
155	155	155	662	155
920	920	920	12	920
907	907	907	46	907
696	696	696	536	536
636	696	497	229	676
893	893	893	52	52
381	827	381	827	827
264	264	264	389	389
531	531	26	26	531
346	87	283	87	283
775	347	99	347	775
325	88	88	920	88
939	939	939	939	632
744	85	744	744	744
22	631	22	22	22
209	276	276	276	276
921	921	921	192	192
166	166	750	750	750
479	479	479	590	479
220	220	328	220	328
786	786	786	937	786
166	166	166	831	831
57	469	610	951	632
305	586	305	586	586
999	645	641	677	847
345	960	452	960	960
537	580	537	580	537
514	514	964	292	964
328	328	328	328	328
842	842	619	619	842
955	955	955	871	871
712	557	428	428	712
83	114	932	114	932
43	727	905	832	747
760	666	293	951	292
499	555	744	744	499
892	892	993	993	892
74	464	196	196	464
721	426	721	721	426
575	575	575	632	575
518	797	893	754	544
256	641	726	955	901
79	79	883	79	883
223	262	262	262	223
767	767	938	767	938
834	834	634	834	834
562	722	379	379	722
540	540	472	540	540
369	369	369	193	244
194	742	881	86	419
854	854	534	854	534
944	906	906	906	944
562	620	562	562	620
326	969	969	969	969
710	656	656	656	656
922	872	181	447	956
60	60	60	60	136
945	466	466	945	945
882	882	99	882	446
298	298	687	687	298
772	983	402	983	772
448	311	311	311	311
13	534	96	406	107
46	12	12	12	12
292	308	648	110	909
353	775	353	775	775
854	451	831	685	674
214	613	462	101	735
228	67	922	97	127
238	238	238	238	238
818	818	768	768	768
599	223	223	599	223
560	130	474	660	720
950	159	950	950	159
117	117	117	117	117
480	480	872	872	480
367	367	96	367	367
109	693	693	109	693
716	338	41	487	524
649	649	199	649	199
721	101	101	721	101
815	712	815	712	815
962	962	962	847	847
111	965	965	965	676
226	997	676	367	983
213	107	107	319	319
488	176	766	183	144
274	848	274	848	848
367	690	368	294	306
823	823	823	823	863
713	782	782	782	713
1000	913	490	1000	490
269	170	258	170	170
175	478	175	175	175
152	839	152	839	839
64	64	64	308	64
224	100	224	100	842
223	68	68	223	68
738	738	241	738	738
438	530	52	444	324
608	608	622	608	622
763	763	763	892	763
362	319	465	710	655
569	569	511	569	569
386	313	395	313	395
248	761	996	217	520
499	204	204	499	499
147	172	635	635	147
976	155	914	265	980
926	926	653	926	926
398	490	490	398	398
401	385	385	401	385
403	180	762	762	180
774	774	774	774	873
964	964	964	964	268
54	593	593	54	593
262	262	873	262	873
776	768	364	768	768
763	104	104	205	205
861	861	861	806	806
656	141	611	112	443
395	395	614	614	614
476	990	990	990	476
606	666	911	222	134
94	323	323	323	94
817	950	817	950	950
990	489	163	990	163
85	612	612	612	85
555	602	580	138	969
538	300	538	300	300
182	182	796	182	321
570	348	570	570	570
957	298	220	338	797
678	595	678	678	34
868	59	988	611	867
830	268	847	34	374
404	773	275	303	636
831	831	831	486	486
472	571	334	472	472
710	775	775	710	775
682	404	404	404	404
640	640	640	640	640
376	220	220	376	220
109	768	208	208	109
849	679	753	416	980
35	844	510	544	451
83	83	83	83	83
474	474	474	474	474
826	826	282	282	826
409	238	956	238	956
837	442	962	962	442
155	155	155	966	966
601	727	601	727	601
284	284	285	284	284
563	417	563	563	563
501	530	501	562	501
130	509	509	509	509
695	695	695	332	695
259	874	37	660	618
170	170	170	995	170
345	905	903	834	538
138	598	197	412	982
178	178	698	698	178
186	670	670	186	670
780	344	750	780	780
214	214	214	77	214
298	479	714	934	941
462	462	554	554	462
496	496	701	496	701
363	57	834	833	479
295	154	863	154	295
597	597	597	719	719
763	843	843	763	843
366	846	366	846	846
298	298	298	387	298
449	449	309	971	971
927	428	735	860	512
801	20	20	196	801
333	364	364	364	333
633	14	127	263	370
14	530	202	14	14
869	869	869	328	328
186	834	528	591	187
68	784	537	537	784
32	417	417	417	32
188	188	188	414	414
565	119	119	119	565
237	401	237	237	111
716	267	614	33	791
28	28	123	190	28
719	271	176	271	176
109	109	163	559	109
409	7	894	307	319
578	970	217	877	921
871	871	69	69	69
310	375	230	281	517
129	753	33	508	748
33	33	764	764	33
516	578	578	516	578
492	275	114	492	492
784	535	784	535	784
219	219	56	56	219
872	949	330	689	461
65	410	410	410	410
671	655	655	671	655
959	341	959	341	959
474	474	474	474	474
139	106	213	910	788
937	505	505	505	937
579	854	113	635	729
173	256	509	715	861
59	649	649	59	59
498	296	296	498	296
283	250	456	456	283
408	408	408	408	4
776	953	881	357	892
402	402	402	423	402
151	171	151	151	151
460	460	282	282	460
356	356	356	169	169
951	762	951	951	752
760	760	40	299	299
828	828	828	828	828
982	982	864	864	864
282	975	975	282	282
75	19	157	19	157
186	186	198	198	928
906	897	897	906	897
433	433	66	66	433
452	452	452	95	452
595	508	595	508	595
959	169	959	169	169
522	999	416	676	97
630	630	855	855	855
963	776	776	776	963
422	265	790	998	975
40	900	599	125	181
809	296	97	51	679
897	897	897	701	897
643	353	175	175	353
795	808	739	739	739
998	998	998	998	998
277	113	89	113	113
92	92	92	634	634
800	800	800	628	800
869	211	869	211	451
125	611	221	959	920
490	490	404	490	490
283	22	11	283	283
786	786	146	146	786
6	999	999	999	999
285	53	285	53	53
909	909	33	909	33
163	39	39	163	39
578	578	578	578	673
262	179	700	359	19
491	475	475	475	491
70	736	736	70	70
962	849	849	849	962
335	672	672	672	209
9	9	9	9	812
118	622	118	622	52
722	371	559	143	215
377	256	256	256	256
508	204	290	508	204
836	836	836	414	919
439	690	910	253	316
891	70	891	70	70
125	340	796	340	340
42	103	843	843	42
977	977	977	977	711
52	52	641	52	52
43	43	43	43	43
95	707	267	432	119
519	519	538	538	519
625	625	967	967	625
329	637	566	403	202
552	231	231	231	231
754	754	189	189	189
374	374	172	374	374
583	738	583	160	738
508	815	247	476	718
11	826	826	11	11
853	853	890	362	362
89	89	265	265	89
438	111	438	438	111
907	514	274	274	514
260	473	260	260	260
167	342	342	78	342
732	159	732	732	871
77	249	966	635	304
553	756	756	553	553
877	855	230	42	159
95	726	956	683	451
723	723	723	61	61
282	6	3	3	282
982	982	873	873	873
29	362	362	29	29
692	478	478	692	692
383	383	814	383	814
681	62	681	681	62
303	303	343	343	303
122	977	122	977	977
756	123	756	756	123
453	453	531	453	531
587	587	993	587	993
868	513	513	868	868
814	413	814	74	814
387	881	387	387	289
161	509	654	370	598
470	634	754	353	732
894	894	894	447	447
646	425	425	425	646
20	592	174	20	592
811	703	703	811	811
952	952	652	952	652
808	808	808	808	869
174	865	238	611	103
915	518	518	915	571
610	546	969	546	546
36	55	36	36	36
323	925	323	582	582
89	784	784	784	89
159	159	159	159	159
482	871	707	883	709
478	342	759	342	342
850	226	226	226	850
658	489	131	323	99
686	7	686	686	7
433	666	283	666	433
803	810	810	810	1
908	595	595	908	908
877	877	552	347	877
932	932	226	226	226
171	3	3	478	3
458	357	188	188	458
270	461	609	525	127
423	943	943	943	943
159	194	194	159	159
437	437	56	437	437
275	275	128	128	275
548	879	585	492	770
305	674	925	305	305
26	424	272	394	723
312	466	694	323	884
5	39	39	39	5
85	231	991	231	991
391	974	391	974	7
665	647	284	760	825
456	456	170	170	868
537	629	591	214	887
129	129	515	515	129
926	591	926	926	591
941	172	941	941	172
457	285	285	457	285
186	186	186	371	371
436	103	103	103	436
213	413	413	413	413
475	109	143	307	976
551	871	723	634	684
716	716	886	716	679
281	61	281	281	281
170	641	641	641	641
521	374	521	521	271
957	957	179	179	957
58	58	58	58	58
860	361	860	361	361
77	540	77	540	540
494	494	494	494	494
381	363	831	428	182
905	905	905	909	905
300	101	300	300	101
789	789	986	789	789
437	313	285	313	313
170	82	473	82	82
922	679	679	922	679
424	788	788	788	788
94	94	816	816	816
177	177	542	177	177
103	806	419	675	742
685	825	866	354	302
470	24	470	24	24
889	5	5	889	889
716	453	829	453	453
578	578	523	523	578
605	31	457	402	145
467	190	190	467	467
331	431	268	525	448
65	719	719	65	719
123	445	812	590	343
456	456	610	456	85
921	290	921	515	515
588	528	528	528	528
694	608	694	176	608
246	264	264	246	246
183	759	472	472	472
160	312	328	277	18
606	606	944	606	798
298	298	298	298	298
251	251	251	251	251
74	74	74	812	74
780	780	780	780	372
863	17	17	17	17
770	770	655	907	770
957	797	797	797	957
579	399	751	552	28
115	104	898	801	816
461	731	461	461	461
325	899	899	899	899
228	311	643	952	919
286	286	296	286	504
907	793	977	113	655
254	629	629	254	254
224	334	224	334	914
801	801	801	801	278
337	337	394	337	337
665	665	665	665	665
143	143	143	143	706
397	637	566	566	397
30	777	289	579	566
224	224	224	224	882
338	338	963	794	338
359	18	359	359	18
68	257	257	68	257
988	832	988	832	670
295	295	523	951	523
907	685	221	871	679
687	687	241	687	687
103	292	930	992	994
651	381	651	651	381
250	695	289	724	111
151	671	151	151	553
741	94	710	887	431
335	335	502	502	335
735	578	735	735	735
516	969	969	516	516
861	689	689	689	689
686	686	789	686	555
654	18	654	32	18
79	79	79	79	12
848	848	848	52	848
609	922	438	438	922
983	903	202	194	523
441	441	69	977	977
837	170	170	334	170
222	483	893	477	239
386	748	386	748	748
13	929	351	929	929
722	722	731	835	722
766	834	766	834	834
563	563	842	681	563
701	678	701	528	701
889	889	146	146	146
430	397	430	397	430
686	309	309	686	686
119	119	201	201	119
424	381	424	424	424
72	873	873	873	873
920	179	179	920	179
541	788	864	279	981
216	216	216	216	216
738	738	738	738	159
70	395	930	912	115
318	855	855	855	318
226	265	226	226	226
189	221	189	312	189
524	524	524	524	324
705	705	405	705	405
400	657	400	677	677
560	331	869	792	504
865	75	865	865	865
235	685	307	944	363
299	927	299	299	927
310	310	92	310	310
821	821	440	440	440
29	68	29	169	29
414	895	895	414	895
496	270	496	270	270
335	918	335	56	56
503	842	755	842	503
676	191	729	621	31
567	101	53	759	458
952	952	952	778	778
479	479	479	479	439
666	417	863	385	592
983	401	983	401	983
193	224	193	224	224
358	94	358	94	358
482	80	15	595	832
801	838	801	801	846
241	314	559	379	503
87	87	87	1000	1000
389	447	389	389	389
770	518	518	770	518
413	660	413	660	660
943	943	943	943	641
754	754	250	754	250
786	786	283	786	283
27	27	851	27	871
375	609	375	609	375
121	121	121	62	121
789	443	789	789	443
264	270	264	270	264
639	806	639	639	639
221	726	221	221	726
838	838	408	982	408
872	872	558	872	872
692	692	850	850	850
307	307	488	307	618
375	742	530	650	831
720	982	677	530	2
332	332	332	670	580
811	811	51	811	811
205	205	636	205	636
23	23	23	467	467
356	974	356	974	356
381	381	755	755	755
536	394	394	423	423
2	2	2	460	2
113	484	687	113	484
697	697	697	386	386
801	801	849	849	849
169	169	69	169	169
138	840	467	476	844
893	893	893	42	42
735	687	687	735	735
940	558	940	940	558
575	326	85	116	986
693	693	872	693	841
334	474	991	474	334
93	774	467	325	658
456	456	625	625	625
120	779	467	718	265
506	979	506	979	979
803	803	914	914	914
475	275	87	923	258
308	308	308	308	308
709	709	886	886	886
1	562	1	1	562
764	764	504	504	764
424	38	424	38	424
531	531	531	714	714
353	353	236	117	117
154	154	154	154	154
428	631	428	428	428
260	764	764	764	260
110	110	110	573	617
481	787	84	787	787
822	558	558	822	558
925	485	485	485	485
590	800	398	641	27
805	797	797	805	797
773	524	773	524	524
648	648	721	648	721
32	255	134	134	32
200	374	200	374	374
774	947	947	947	947
468	484	148	650	274
889	889	545	966	545
735	300	34	431	974
812	812	812	286	286
53	53	944	53	53
810	810	981	886	981
975	935	975	975	72
896	770	896	770	896
897	521	126	521	897
996	679	679	996	679
473	473	127	127	127
239	239	683	239	683
308	739	308	308	739
103	916	916	916	103
418	418	786	418	532
658	228	606	857	268
59	83	59	59	59
69	89	193	69	69
626	626	626	626	626
507	857	857	857	507
226	360	961	35	135
406	775	775	653	406
199	199	897	310	310
246	966	246	966	246
217	637	629	281	72
760	760	760	760	671
441	735	209	357	878
394	394	394	369	394
185	88	43	33	16
74	74	557	74	74
929	929	370	929	929
383	682	682	383	731
316	136	136	316	316
611	850	850	850	850
3	3	467	467	467
314	314	296	296	296
695	695	695	264	264
558	558	558	121	121
631	145	631	631	145
217	968	217	217	968
668	536	124	771	728
699	699	66	699	699
429	473	429	473	429
977	682	947	978	618
324	276	324	276	276
813	813	813	813	446
965	965	965	124	124
92	92	876	92	92
280	280	93	280	280
397	397	118	118	118
227	824	191	794	337
65	252	65	65	252
286	395	395	395	395
766	128	128	766	128
46	46	438	46	46
711	133	133	133	133
115	115	115	15	115
575	575	864	575	864
916	937	916	171	916
983	164	164	183	983
202	773	957	957	957
510	188	188	510	188
304	478	478	304	478
359	820	359	820	820
529	838	952	917	508
364	576	576	60	576
204	15	204	204	744
852	852	852	852	852
444	444	444	280	280
966	966	178	2	2
786	786	73	786	786
307	307	594	204	204
27	537	349	351	980
585	250	919	842	901
499	499	827	499	499
919	629	919	629	919
575	514	997	481	778
24	215	215	215	24
569	569	101	101	101
899	734	675	216	975
489	952	952	952	952
597	597	987	987	987
605	605	605	658	605
725	73	725	725	725
17	17	744	744	744
647	647	647	826	826
333	333	681	644	644
267	267	267	267	352
588	536	588	536	588
187	187	187	226	187
787	668	668	711	668
281	281	281	281	121
136	832	136	350	350
554	180	180	180	180
700	532	101	851	743
539	539	529	871	529
966	511	168	168	168
506	172	906	915	175
659	659	659	334	334
983	983	983	983	965
923	904	904	923	923
492	492	39	39	39
899	859	859	595	595
156	436	860	892	732
282	214	654	214	654
562	169	562	169	169
514	252	252	252	514
729	729	786	786	729
56	31	31	56	31
467	467	467	708	708
633	122	122	122	122
879	225	225	467	225
394	53	53	53	394
174	174	707	174	174
818	296	296	818	818
65	453	453	201	65
833	583	833	833	833
56	971	971	971	971
319	319	129	319	319
436	436	268	436	268
575	575	439	575	423
418	418	640	640	214
97	97	581	499	499
862	862	458	295	862
730	877	877	730	877
686	621	686	621	821
948	948	948	948	948
848	848	848	848	848
791	832	81	832	791
438	438	438	220	438
817	236	394	236	817
938	327	752	435	169
220	403	220	220	403
738	738	241	10	241
13	13	13	952	952
183	183	183	183	183
511	511	511	511	517
832	616	191	594	856
164	151	164	151	164
832	496	496	254	832
388	967	107	388	967
991	362	465	991	362
425	425	425	425	425
866	866	866	866	525
772	772	772	163	166
860	860	438	860	438
881	881	468	468	468
427	345	293	293	293
947	947	947	947	947
647	647	344	256	647
671	953	671	671	671
654	513	513	654	654
15	646	15	865	646
547	911	547	547	547
239	503	503	239	503
883	387	475	360	26
369	369	369	369	369
622	52	622	52	52
581	758	581	758	758
717	952	969	717	717
975	975	909	975	909
186	849	849	849	849
928	928	863	863	928
172	803	803	803	803
254	288	288	254	288
99	251	251	99	251
722	151	722	722	151
363	578	560	934	790
989	799	799	926	989
178	523	178	523	523
777	735	735	735	777
996	791	791	996	791
238	238	443	443	986
610	610	847	847	847
528	245	853	244	104
733	295	295	733	733
631	523	523	523	523
878	878	878	878	13
8	891	648	891	8
783	635	291	291	291
618	69	824	69	824
214	685	214	214	214
573	557	668	557	557
738	785	352	97	167
233	608	233	608	233
349	349	349	349	353
40	40	40	40	57
106	106	106	157	157
898	145	697	385	840
356	322	156	322	156
137	293	293	137	979
786	80	312	770	964
52	52	908	908	908
656	656	1	421	656
996	592	925	512	373
663	321	663	321	663
309	309	10	495	495
989	989	825	989	825
933	933	933	756	933
706	188	372	551	639
227	880	227	880	880
974	974	893	974	893
366	366	366	675	125
809	809	329	329	809
500	500	500	196	196
887	22	22	887	887
864	428	864	428	428
681	945	722	479	685
846	276	376	149	134
360	360	360	450	450
180	180	180	180	180
784	678	784	784	784
313	313	313	686	567
336	247	35	247	35
974	974	974	617	974
942	783	783	144	942
330	115	330	330	115
581	418	418	418	418
868	309	309	309	868
437	171	869	171	171
466	7	350	274	354
100	14	499	100	100
137	709	824	524	512
971	971	971	296	971
891	43	43	891	43
634	277	634	760	277
269	578	269	222	269
207	207	207	207	207
717	717	877	717	877
388	388	138	195	138
860	860	860	237	237
851	720	44	851	720
983	983	824	983	824
348	348	348	658	899
468	262	727	689	383
698	524	698	698	524
311	311	760	311	311
245	980	758	646	538
650	987	387	987	987
283	989	679	22	450
975	975	975	91	662
236	377	377	236	377
332	368	368	368	368
225	225	225	225	762
487	559	191	61	966
708	451	632	110	252
386	69	386	386	386
517	530	787	517	787
978	978	745	978	978
103	350	834	176	625
203	104	734	104	104
815	468	468	468	815
108	934	971	548	813
108	332	332	332	870
406	944	803	803	406
769	716	769	716	86
610	886	886	610	610
41	158	41	41	873
167	792	41	395	443
532	866	532	532	532
781	7	531	109	870
471	705	844	482	433
318	318	583	318	583
915	291	915	915	915
770	846	770	770	846
10	832	154	427	183
778	190	190	778	778
428	428	428	874	428
882	585	585	882	882
285	285	285	285	285
347	685	347	685	450
685	685	20	20	685
638	21	17	177	553
46	376	189	421	239
843	741	843	741	843
750	947	750	750	750
402	556	896	48	137
959	336	104	263	608
261	114	261	261	114
826	826	826	15	863
637	637	637	991	991
361	536	57	143	355
317	422	317	317	422
366	673	673	366	673
37	37	901	901	37
96	106	28	9	114
491	491	139	139	139
659	15	649	314	294
875	345	147	711	332
257	222	257	222	222
522	522	522	522	522
848	848	848	848	848
107	903	903	107	107
115	638	791	115	791
722	497	722	722	497
310	310	310	310	223
231	222	222	361	222
647	647	647	691	691
898	495	563	884	354
267	267	184	184	184
848	848	848	848	342
186	80	771	5	360
272	760	365	23	882
869	869	869	622	622
673	568	407	108	217
14	544	544	14	14
247	541	541	247	541
557	770	770	557	557
116	521	950	935	746
658	84	658	84	84
759	828	759	828	828
250	596	596	96	250
533	803	731	511	879
616	457	616	616	457
110	110	110	110	110
574	837	58	58	837
10	712	712	712	237
743	91	515	285	101
22	128	128	22	22
806	363	64	195	740
763	763	763	643	643
918	918	328	328	918
42	929	310	42	42
656	656	656	656	603
115	195	2	457	910
92	800	92	289	289
303	303	2	2	303
269	625	625	269	269
615	615	615	380	615
710	71	710	131	710
407	369	407	407	369
464	40	607	165	290
961	34	961	34	34
518	908	865	436	640
70	468	70	468	813
569	392	571	334	824
306	558	558	64	306
491	491	677	491	491
587	162	910	910	910
966	966	966	966	665
257	464	257	682	682
213	204	213	213	204
987	925	925	987	925
159	192	714	202	145
53	53	934	53	934
969	803	803	803	969
871	871	179	871	179
319	319	683	683	683
14	414	613	381	647
544	544	544	544	139
791	791	344	344	448
202	219	202	219	219
255	282	255	255	282
576	576	567	567	576
383	748	383	748	748
377	604	377	604	50
462	844	844	844	462
981	981	616	981	981
845	845	845	564	564
610	642	610	610	660
393	526	526	393	393
377	495	34	34	495
989	499	499	989	989
246	246	246	246	246
437	437	437	437	417
449	925	862	862	862
594	489	489	594	594
866	207	193	665	771
367	706	706	706	706
57	57	375	57	57
824	824	433	824	433
938	896	957	930	47
747	732	732	732	747
464	779	464	779	464
136	136	136	772	772
309	206	309	309	309
906	174	2	771	912
749	464	749	464	780
66	689	689	275	66
434	434	434	111	111
99	266	266	266	99
667	667	667	300	667
225	164	164	164	225
290	11	36	479	208
543	543	535	535	535
353	353	353	353	441
239	239	846	846	846
417	417	417	417	417
995	920	45	484	393
286	286	225	333	225
846	462	725	725	846
822	472	822	472	317
103	357	103	357	103
67	97	919	919	97
435	42	296	812	23
258	905	279	279	905
974	613	974	613	613
889	232	232	232	232
280	122	280	280	122
587	848	236	48	287
792	144	711	213	772
248	243	248	243	248
62	778	62	62	62
435	398	435	435	435
780	288	288	288	780
998	998	596	596	596
620	620	413	620	620
553	512	342	512	512
473	473	473	505	473
922	146	146	146	922
485	107	819	525	152
110	294	294	294	294
635	946	635	635	946
225	863	670	275	991
849	604	849	849	604
833	833	833	833	522
599	377	377	377	599
531	531	60	531	60
762	738	762	738	738
396	573	573	396	736
214	593	539	319	128
957	995	226	662	603
211	222	211	211	222
289	393	747	747	747
211	185	185	211	211
919	919	919	13	13
361	361	604	361	361
399	309	651	764	78
981	230	36	380	735
820	820	822	353	820
843	871	843	843	843
463	463	463	335	335
750	909	909	909	750
297	844	297	297	297
207	876	876	876	876
423	376	423	2	2
150	150	150	150	150
162	162	567	567	162
662	662	190	662	956
544	624	624	544	373
749	893	893	893	893
773	393	581	43	319
140	140	335	140	52
542	964	586	738	536
436	261	436	436	436
964	787	480	616	687
621	89	399	894	832
13	791	13	791	618
554	560	560	705	560
299	299	512	512	421
616	616	616	900	616
981	294	294	547	547
709	192	182	237	459
691	691	691	103	103
574	105	574	574	105
272	984	272	725	984
302	521	302	962	521
593	419	419	419	128
247	247	247	247	247
281	122	15	122	281
662	771	771	662	771
541	573	541	998	573
415	989	989	989	415
47	47	47	138	138
405	830	405	405	830
442	442	442	442	442
361	66	190	530	597
914	77	914	914	77
559	559	559	796	796
139	587	587	139	587
87	575	575	165	87
245	380	380	380	380
811	665	665	665	811
790	790	126	790	126
248	248	229	248	248
803	157	157	157	157
730	773	773	730	730
49	76	49	76	306
210	290	210	210	210
509	635	635	635	509
543	543	452	543	452
326	326	326	326	326
619	858	565	599	436
219	46	219	219	46
232	232	435	435	232
880	317	317	880	317
135	557	557	135	557
301	301	936	41	41
998	19	19	19	998
460	220	220	220	460
404	404	600	404	404
618	659	618	618	618
994	839	994	563	839
32	28	558	481	349
766	896	127	766	896
270	270	270	354	270
673	198	673	198	673
232	232	480	480	232
810	810	39	64	810
257	257	257	257	257
601	601	601	601	457
626	961	961	961	626
74	260	346	445	962
918	468	918	918	918
345	640	235	640	345
752	760	752	752	752
823	225	225	823	851
33	620	241	677	535
740	215	215	740	218
268	268	580	190	580
86	86	86	86	417
490	808	808	490	486
424	424	214	424	214
144	144	144	144	287
788	788	52	788	788
151	151	663	663	151
744	694	744	694	622
489	489	489	387	387
627	627	814	627	814
622	622	622	833	32
844	994	994	994	844
325	325	267	325	838
693	515	693	515	693
381	539	792	110	749
916	916	916	677	916
847	847	847	847	847
444	444	353	353	444
36	202	202	934	202
281	444	54	281	54
285	285	285	56	56
992	992	992	992	858
611	613	328	111	371
911	911	870	870	911
960	742	960	742	268
282	529	282	282	282
371	828	371	828	371
460	844	684	1	330
877	877	869	869	608
623	20	12	12	623
963	239	632	632	963
67	275	672	144	82
927	927	127	127	927
287	287	175	175	175
434	549	549	434	434
324	158	875	718	785
64	795	883	29	322
773	773	773	589	589
769	367	735	167	427
252	252	252	951	951
494	494	494	742	494
153	161	153	153	153
797	315	797	315	315
230	933	933	933	230
524	464	464	464	524
762	762	762	762	622
369	785	785	666	785
459	532	459	532	459
927	812	812	927	812
495	495	495	495	907
742	742	742	198	742
337	191	337	191	337
865	735	735	735	735
161	161	161	133	133
872	331	520	203	102
535	535	621	621	621
540	532	532	532	540
473	473	689	473	689
823	757	950	355	678
510	898	898	898	510
676	676	216	216	418
489	489	816	489	489
431	746	746	746	431
239	239	239	239	239
823	823	161	823	161
135	135	285	135	135
212	195	195	195	195
532	532	532	532	895
661	991	946	731	790
510	510	510	436	510
616	371	371	616	616
313	313	313	3	313
166	717	831	778	185
103	900	199	103	900
255	343	828	255	828
183	801	687	531	206
632	110	632	632	110
512	732	732	732	732
216	735	216	735	216
566	879	215	551	314
639	831	689	211	694
204	204	204	204	136
922	195	195	195	159
85	384	85	85	85
129	697	697	697	129
541	541	991	541	991
914	61	914	914	805
153	822	822	153	153
954	954	954	954	954
26	26	26	26	26
915	577	908	96	800
47	462	47	462	47
144	494	662	797	775
956	956	934	934	934
335	232	232	335	232
379	339	415	99	120
547	547	547	424	424
811	811	950	811	950
144	859	361	570	505
172	172	172	172	172
508	170	230	230	508
729	729	943	943	729
272	624	272	624	373
537	206	206	537	69
8	784	8	812	8
364	78	364	364	364
394	955	279	956	119
431	904	926	632	822
567	567	567	771	567
893	44	201	44	201
498	853	498	853	498
116	116	116	637	116
126	298	838	126	126
527	527	527	109	527
545	545	545	879	545
189	409	189	189	409
991	249	602	917	355
911	196	911	911	911
830	957	859	688	707
922	922	922	922	922
432	834	834	834	432
726	674	530	632	584
166	32	798	359	861
455	51	455	455	455
61	61	55	55	55
242	339	242	339	242
15	15	240	240	15
513	513	290	290	450
188	188	188	188	188
177	127	127	177	127
233	976	377	709	472
606	606	606	606	606
721	194	721	194	194
678	825	173	691	668
370	687	427	475	439
377	377	377	72	72
934	700	765	104	250
217	271	617	617	271
111	597	111	597	597
874	174	174	174	174
824	731	731	824	731
274	263	274	263	263
754	168	168	754	168
850	850	93	318	318
344	907	741	964	445
902	902	902	979	979
221	221	58	58	221
335	260	861	335	861
231	382	382	382	231
636	65	636	65	636
839	342	175	839	175
572	496	560	87	950
629	868	629	868	629
441	329	441	329	329
889	689	689	980	889
341	312	312	341	312
139	139	139	75	874
922	30	946	946	922
602	602	602	861	602
637	637	359	637	359
975	561	975	975	435
28	279	335	426	147
277	277	162	277	162
942	277	649	983	572
400	34	34	34	400
413	413	725	725	488
339	945	945	945	339
185	185	768	837	185
345	345	687	345	687
22	935	22	935	22
1	1	1	1	550
751	325	325	751	532
656	656	153	656	213
955	955	673	955	955
639	639	639	987	987
590	48	847	188	936
748	23	748	117	117
236	236	768	768	768
520	781	781	781	520
779	779	779	120	541
559	138	138	559	53
220	220	423	24	24
738	434	738	738	738
891	22	22	22	891
951	519	519	648	519
319	319	319	861	319
762	762	517	762	517
462	462	394	394	462
346	185	346	185	346
384	82	384	68	82
930	962	962	930	884
91	667	680	91	680
957	807	957	136	136
386	268	268	268	386
663	495	495	663	495
559	369	31	781	393
794	555	794	376	794
224	224	126	248	224
753	423	427	427	753
171	694	717	227	400
535	578	578	535	578
963	887	887	887	963
457	95	95	457	457
105	105	105	449	449
635	612	612	635	612
936	252	936	936	936
435	383	64	3	797
777	777	777	888	888
853	514	257	799	217
937	129	681	993	447
775	286	286	775	775
342	34	906	34	906
830	830	830	360	550
97	171	523	523	171
921	64	64	64	529
690	690	562	562	562
932	434	932	434	434
724	724	711	51	51
403	274	403	274	403
939	141	796	470	620
466	38	88	88	466
216	216	247	247	247
608	124	608	608	124
886	206	897	843	811
383	266	383	383	347
116	121	339	116	339
299	979	299	979	979
810	258	258	810	466
318	774	774	774	307
599	741	339	599	741
422	397	397	422	397
70	70	70	462	462
549	327	549	327	327
633	633	633	392	392
680	680	911	911	680
94	78	78	78	94
621	537	621	621	537
285	285	489	285	489
518	518	287	287	287
545	945	945	545	945
810	810	810	810	810
552	552	473	552	473
527	527	190	527	527
523	666	523	523	523
295	295	684	295	684
976	413	31	923	175
163	87	509	163	509
171	863	171	863	863
878	967	967	878	878
745	634	704	382	584
751	751	751	599	751
550	550	276	276	276
976	976	680	976	680
282	469	282	282	282
228	228	787	787	787
642	642	349	349	642
582	476	848	488	524
346	546	509	535	541
151	42	42	151	42
929	36	36	929	36
926	926	87	87	926
912	46	712	912	46
91	682	489	437	7
383	383	383	383	383
747	350	747	150	350
970	847	266	513	580
245	245	319	319	319
985	302	985	439	302
511	511	64	511	64
294	386	294	294	386
906	272	609	150	298
1000	867	6	417	465
747	234	747	747	234
642	642	785	785	849
4	900	900	4	4
585	456	289	521	1000
607	449	817	607	449
945	945	446	945	945
657	657	916	657	657
907	886	69	468	851
899	899	766	766	766
625	604	604	625	604
515	646	515	515	515
787	711	765	865	30
433	333	333	433	433
608	544	143	608	544
820	182	820	820	820
799	799	799	981	799
386	77	690	391	115
363	928	658	281	961
351	660	351	660	660
283	834	90	283	834
478	478	478	478	478
184	184	184	684	184
982	982	982	417	417
595	595	595	93	93
592	159	592	159	837
936	852	936	936	936
362	562	362	939	362
641	641	641	297	641
117	117	413	117	413
431	431	431	400	431
130	130	604	130	130
741	741	134	134	741
376	613	376	677	376
273	912	912	912	912
533	475	475	475	475
249	402	575	968	773
452	452	452	452	904
367	295	367	367	367
698	698	589	589	698
938	771	967	193	822
827	827	827	827	779
953	953	953	430	275
642	642	652	642	407
448	292	292	292	448
23	549	721	891	451
46	46	178	428	46
208	257	208	257	208
339	792	792	792	792
837	837	837	837	837
742	889	742	889	742
558	3	3	558	3
889	326	411	901	867
226	526	526	226	526
815	721	240	721	815
247	377	377	247	454
71	275	275	275	275
53	53	211	53	211
458	403	458	458	403
987	987	202	202	987
644	4	4	644	558
11	845	11	845	11
841	841	841	841	841
325	386	170	325	325
429	429	429	429	999
731	925	807	498	675
819	721	878	148	761
814	779	813	934	175
449	559	449	449	449
822	822	822	759	822
402	356	402	356	356
909	720	785	195	819
101	101	773	101	773
805	338	338	338	338
741	741	353	353	353
540	278	77	278	278
95	522	95	642	642
884	884	223	958	223
340	183	340	340	340
58	487	58	487	58
927	781	781	781	927
337	72	72	337	72
359	359	359	511	511
173	173	173	173	310
519	519	519	895	519
538	971	538	971	538
229	228	229	228	228
151	475	151	151	622
754	313	754	313	754
683	183	183	183	183
756	756	756	756	756
258	806	258	187	258
965	708	965	708	708
655	392	159	841	306
77	638	486	795	245
787	152	559	787	559
500	613	551	551	500
220	510	601	510	601
103	103	103	103	103
194	200	76	488	410
59	813	328	467	650
645	680	410	136	916
857	895	895	857	857
67	964	964	67	67
103	218	218	218	103
939	882	235	696	719
455	455	455	259	259
116	606	606	606	116
209	397	209	937	397
867	213	213	271	271
282	282	282	957	282
272	272	641	641	753
122	122	572	572	572
180	180	899	899	180
613	860	639	827	778
508	1	368	357	179
757	757	290	290	74
760	686	2	938	158
557	179	752	662	903
773	153	889	555	867
718	374	787	787	718
233	623	233	233	233
340	669	669	669	340
474	474	237	236	237
659	659	659	833	833
538	888	888	888	888
785	285	710	869	843
830	42	42	42	830
999	742	15	999	742
583	538	583	583	162
552	182	14	443	825
207	207	50	131	50
640	111	180	14	728
647	647	669	647	669
820	418	389	664	765
171	171	171	721	11
317	422	422	407	317
313	313	313	674	674
75	695	20	695	695
230	969	230	230	230
940	965	994	1000	667
90	74	74	755	755
973	116	973	116	973
439	439	439	439	408
205	170	170	205	205
798	631	798	798	798
986	542	939	542	939
66	869	888	888	869
460	519	460	519	460
270	848	270	848	848
489	284	489	242	242
64	64	64	64	64
969	151	944	298	620
195	528	195	891	528
878	558	383	383	383
331	416	272	331	331
758	433	758	758	433
391	51	391	51	51
391	391	406	391	391
639	886	602	449	489
466	444	466	444	805
737	773	773	773	233
207	850	324	116	892
802	802	106	106	802
640	917	917	443	443
977	218	977	977	977
975	975	972	975	975
713	713	713	713	594
30	30	893	893	134
849	143	874	349	658
164	436	164	436	436
625	951	461	819	776
270	21	810	279	487
79	277	277	79	619
927	186	179	244	439
535	303	447	447	303
674	674	463	820	674
5	5	826	5	826
456	688	707	688	688
201	442	442	201	442
928	163	163	163	163
447	447	447	910	447
760	890	623	688	582
496	1	664	701	656
221	484	594	799	679
383	932	932	383	383
45	280	280	280	280
609	923	888	923	923
267	634	634	53	53
908	908	908	908	908
461	726	461	740	740
387	66	319	280	954
958	965	958	965	593
907	631	907	631	907
687	687	151	879	151
643	27	903	580	833
745	654	745	745	745
304	190	190	190	304
763	162	162	162	763
652	306	306	652	306
835	835	586	586	835
485	569	569	485	569
659	659	659	659	659
546	935	797	302	807
432	432	95	432	432
194	539	194	194	194
445	823	98	98	823
340	802	809	340	802
891	50	50	891	590
4	74	609	4	609
248	248	459	459	459
222	222	579	222	222
472	108	472	63	108
389	716	716	716	389
358	660	358	560	660
541	906	644	107	607
950	775	950	258	258
616	298	760	760	760
713	420	905	713	420
810	810	810	810	810
410	666	666	542	410
541	541	541	541	583
68	279	279	68	279
863	578	578	578	578
748	15	15	15	748
158	158	158	648	648
862	796	796	862	862
82	82	273	82	82
267	267	616	267	267
458	359	359	359	359
178	178	324	500	324
979	899	648	535	625
679	679	679	679	333
22	22	39	39	22
704	370	719	15	549
709	674	674	709	180
303	303	303	870	303
844	844	706	844	706
538	387	278	891	452
118	61	118	61	118
237	237	237	761	761
692	289	692	692	289
606	606	605	605	605
723	539	539	723	539
842	752	356	754	273
118	118	118	589	118
804	596	804	804	596
398	398	284	284	398
253	253	419	419	419
347	329	438	438	438
828	828	828	828	828
361	276	541	870	647
711	531	531	531	711
918	350	169	350	350
396	572	396	358	358
154	280	280	538	280
163	598	567	305	208
81	81	291	192	192
181	853	853	853	181
675	267	675	267	544
472	409	409	409	746
110	239	925	580	344
920	579	579	579	920
90	703	703	90	90
545	545	14	545	14
985	288	357	972	943
866	58	866	58	866
838	838	838	838	440
366	366	366	763	763
206	312	159	251	129
511	25	511	25	757
940	674	202	364	992
149	352	995	556	872
614	614	614	614	614
140	138	761	837	779
479	479	479	101	479
274	274	432	274	274
343	90	343	90	343
512	512	285	512	512
707	406	666	806	737
457	260	38	38	457
516	516	941	516	656
763	763	730	763	497
308	570	308	570	308
170	170	403	403	403
893	893	704	704	704
765	664	765	811	811
812	806	812	299	806
195	195	304	304	304
367	241	533	866	995
778	778	504	778	778
391	391	391	766	766
574	74	74	574	74
725	484	725	484	484
997	997	153	159	159
389	389	649	389	389
172	697	223	772	458
630	753	630	753	630
973	630	973	630	134
141	460	141	141	932
129	286	681	681	129
929	929	929	664	664
775	761	385	530	919
830	830	148	716	716
530	395	973	535	588
471	914	770	914	471
616	711	62	624	543
105	250	776	187	985
304	773	393	814	166
493	493	420	420	493
423	423	113	423	113
156	156	531	156	156
271	271	446	738	446
353	763	44	203	441
213	653	659	659	653
517	517	130	130	517
603	673	459	210	37
217	217	145	217	175
474	866	474	866	309
940	258	940	258	258
717	904	904	717	904
320	426	131	860	177
639	342	342	639	639
228	228	318	318	318
411	184	184	184	184
938	940	938	938	938
354	448	739	478	382
671	671	832	592	832
533	533	861	861	861
819	819	80	7	819
942	942	395	395	855
661	359	661	661	661
516	493	879	493	493
322	981	322	981	322
114	175	540	175	175
663	628	105	751	845
618	618	362	618	618
823	823	823	628	628
854	472	472	854	854
966	443	443	966	966
974	224	974	974	974
630	629	630	540	540
674	155	947	55	247
630	224	923	453	373
157	157	387	157	387
853	853	853	853	548
357	357	357	357	426
559	881	111	372	454
893	893	34	34	893
629	347	347	629	286
723	723	511	6	723
83	631	83	83	83
695	88	797	769	75
521	94	759	759	94
853	371	853	853	853
607	334	334	607	334
556	909	416	793	159
215	739	215	739	215
708	708	727	708	727
688	357	357	56	56
282	282	282	176	282
912	277	912	277	277
164	223	818	818	818
484	484	882	882	484
695	886	695	936	886
116	116	116	853	853
360	990	990	990	534
315	409	315	315	409
565	565	565	45	45
691	308	107	56	815
204	204	637	909	909
442	442	442	442	193
520	996	426	762	610
246	258	246	258	6
326	626	326	626	626
113	305	467	214	303
516	516	516	674	516
289	289	289	289	289
847	93	523	353	459
952	130	130	130	130
857	857	857	857	407
915	390	217	205	469
951	444	951	444	273
540	242	168	242	540
37	2	2	2	2
496	335	979	605	561
910	801	801	801	643
681	137	425	879	105
998	998	286	286	998
873	873	873	998	998
953	653	953	653	653
948	948	948	534	534
542	819	819	819	819
520	520	438	438	438
392	279	216	440	205
190	767	767	190	190
265	805	805	805	265
444	444	943	943	444
285	228	166	841	21
747	996	866	689	162
691	227	444	89	68
442	328	225	527	485
364	381	364	445	381
200	455	192	455	200
531	531	487	487	531
309	791	923	123	668
957	687	957	687	958
803	803	803	244	244
24	737	24	24	24
526	83	83	526	83
982	982	413	982	150
396	664	664	664	664
643	643	643	801	801
270	270	931	931	270
109	109	109	109	350
736	916	289	497	489
51	116	116	51	51
104	104	104	317	317
495	63	63	63	495
768	152	152	366	768
153	342	659	937	941
176	860	176	860	560
509	509	247	247	247
953	953	400	953	953
50	294	294	50	50
317	981	317	981	981
170	170	170	170	170
839	83	812	43	518
376	774	678	805	904
436	436	72	72	436
557	670	670	670	557
302	302	431	249	302
35	606	606	621	606
360	290	360	290	290
536	106	536	536	274
308	308	391	391	308
80	767	80	80	80
339	708	516	155	951
858	954	187	187	954
740	323	81	485	38
795	891	74	867	400
921	502	894	101	349
343	343	563	343	343
143	75	143	143	75
307	928	284	928	284
459	459	976	976	278
960	402	960	402	960
265	565	265	265	565
871	479	484	776	392
483	483	635	635	483
433	433	85	433	85
607	670	607	113	113
439	123	276	276	439
100	100	788	788	100
615	615	615	62	615
659	454	659	942	454
400	868	994	400	400
851	32	199	66	83
714	477	477	67	67
48	48	48	48	48
381	150	150	150	381
265	94	94	94	94
748	860	860	748	860
747	806	716	242	90
131	131	131	131	601
198	198	198	914	914
947	947	198	947	198
22	595	22	22	22
299	299	322	322	299
738	928	928	738	928
598	873	114	642	393
201	373	373	705	373
148	31	952	641	755
754	263	263	263	263
356	400	475	646	307
947	578	578	578	947
822	919	822	822	822
724	724	789	724	789
630	740	740	443	630
411	346	110	271	512
976	976	976	382	976
89	89	281	281	89
521	918	747	486	575
195	103	103	103	926
903	293	915	967	170
794	794	794	794	335
981	981	981	218	981
141	583	141	141	141
115	319	818	597	298
81	426	11	458	498
120	391	120	120	391
614	614	614	614	580
568	95	271	568	568
306	306	968	968	334
744	744	912	744	912
510	510	595	942	510
561	561	561	330	561
50	333	333	333	50
642	924	642	719	642
709	865	378	3	320
383	494	948	948	494
395	661	661	571	661
254	279	251	338	536
667	667	102	667	667
662	14	14	662	973
619	460	619	301	301
442	442	23	442	23
169	977	977	977	353
154	788	788	439	439
578	578	578	249	578
923	148	923	923	148
365	365	365	111	365
5	5	198	198	5
306	179	306	306	306
16	995	995	995	995
637	209	882	354	470
932	160	669	29	168
809	979	979	809	809
567	870	564	149	792
819	611	802	802	611
65	964	964	662	662
245	374	879	992	660
388	388	100	100	100
988	273	411	846	628
681	409	162	409	681
113	482	113	482	789
38	412	38	38	412
683	683	683	683	26
808	808	808	808	443
498	969	498	969	498
595	754	595	595	595
681	681	882	882	681
24	24	24	41	24
882	882	443	882	443
205	790	772	584	593
924	638	924	924	924
175	175	631	175	175
602	602	119	119	602
327	327	88	88	327
85	85	291	85	291
420	420	420	872	420
417	417	951	951	951
919	124	919	919	919
236	660	660	236	236
505	524	524	524	524
279	862	279	279	862
287	287	245	287	287
239	239	239	981	981
271	30	271	271	30
472	312	815	472	312
851	40	77	851	77
945	945	292	87	87
145	81	81	81	81
626	319	532	391	43
374	151	677	751	957
618	505	618	618	618
102	83	757	102	102
971	837	837	837	837
242	692	247	837	512
527	872	113	98	250
602	602	602	705	602
509	165	857	202	793
551	551	149	149	149
688	434	653	434	434
858	411	858	411	858
726	673	915	419	319
711	711	71	711	711
138	805	805	138	805
522	974	974	522	974
112	112	112	824	824
174	784	174	174	784
965	965	965	580	965
720	970	720	970	720
58	314	267	369	609
285	863	257	941	960
187	187	325	325	325
239	164	239	629	239
304	881	304	881	304
830	709	142	211	101
78	366	514	276	409
7	7	217	7	7
241	205	205	205	205
932	932	655	655	932
177	592	592	592	177
290	290	290	868	290
887	791	584	887	584
86	781	781	86	781
525	843	525	953	953
832	832	832	832	832
766	766	98	98	309
124	124	124	124	124
207	484	859	503	558
976	911	976	911	976
599	670	415	660	396
915	887	413	887	915
733	287	733	733	733
757	506	757	757	839
683	683	758	683	683
899	233	899	233	437
573	257	573	257	974
810	587	995	596	605
375	375	560	375	375
867	646	830	611	178
966	60	595	430	828
57	57	57	378	378
151	868	868	868	348
403	984	984	984	984
353	184	353	353	184
111	647	647	111	111
107	16	389	378	176
309	932	571	675	889
258	258	979	979	258
464	331	503	464	331
486	123	123	486	123
196	196	990	196	196
173	892	594	36	597
789	789	526	260	526
497	469	404	35	233
421	806	672	368	653
632	632	632	358	358
388	388	635	635	388
239	821	264	262	435
980	733	733	980	980
562	177	904	167	459
638	638	444	444	638
168	906	102	167	852
323	784	99	323	99
716	329	329	716	329
208	212	208	208	212
948	974	948	974	974
735	735	735	735	735
625	625	625	625	625
861	861	861	285	861
50	50	895	50	50
487	475	487	475	475
708	708	643	643	643
369	450	749	450	369
374	374	374	374	374
534	114	917	37	761
331	356	331	331	356
556	450	450	450	556
269	461	402	181	465
959	876	876	959	959
209	209	362	362	362
528	528	528	303	528
99	765	413	716	846
96	229	96	96	96
860	625	625	222	860
70	97	70	70	70
299	299	299	853	464
56	56	56	56	173
735	66	735	735	66
787	787	435	435	787
631	631	840	631	631
912	912	456	912	456
621	621	621	945	945
613	443	613	613	613
760	493	793	740	603
791	965	791	965	965
748	748	287	287	204
966	783	783	966	783
281	832	832	281	281
370	370	370	374	370
783	676	783	676	803
650	650	781	781	781
235	522	522	522	235
244	244	244	65	65
790	616	616	790	790
449	52	721	475	907
860	730	730	730	730
886	834	520	379	838
905	681	186	123	29
795	795	917	795	917
212	545	743	545	212
575	35	35	106	35
512	682	508	79	456
855	750	379	485	765
963	607	607	963	607
381	381	381	381	381
430	13	13	461	461
935	656	656	935	935
469	267	260	17	919
982	56	252	625	948
859	506	506	506	506
273	704	704	704	704
166	166	941	166	166
919	41	919	919	41
506	506	506	552	541
224	224	224	868	224
800	800	661	661	800
252	815	252	252	815
629	317	982	629	317
832	652	757	778	250
408	486	218	218	486
661	661	580	661	661
493	493	155	155	493
312	287	312	312	623
826	826	241	241	826
933	163	301	362	394
273	407	904	904	273
608	30	30	30	30
516	47	869	256	382
904	904	624	904	904
43	605	43	605	321
71	894	689	689	894
282	876	445	282	282
529	183	96	96	529
428	993	569	213	397
291	291	291	291	273
806	356	258	258	356
530	742	742	742	317
999	801	89	411	180
741	741	741	741	690
212	212	212	516	323
539	539	764	539	539
851	67	29	29	851
215	215	215	215	215
583	583	583	642	583
791	791	37	791	791
117	161	902	344	922
429	957	95	95	429
795	169	769	199	81
523	835	976	976	976
441	441	441	496	441
346	308	78	78	308
606	44	753	671	378
160	160	954	954	160
583	270	221	221	270
802	802	802	802	802
946	16	16	946	412
115	115	115	60	190
311	871	444	10	48
297	674	43	752	871
413	31	31	31	413
656	952	656	656	688
445	749	749	749	749
103	103	445	445	103
634	634	836	836	836
7	410	7	7	410
386	459	386	386	459
858	327	327	327	858
35	425	35	219	219
730	223	647	935	362
771	870	856	280	162
801	726	526	599	568
541	979	321	541	979
933	532	532	933	933
329	329	329	575	329
825	547	547	825	402
179	179	680	680	680
512	167	167	167	167
794	794	482	482	482
259	259	259	973	973
102	994	994	994	994
955	250	681	577	256
91	855	855	855	91
453	634	329	891	52
378	378	824	824	824
866	866	757	757	866
852	852	938	938	852
73	805	675	73	73
515	837	273	650	792
515	908	515	515	908
496	496	617	617	496
915	915	915	915	915
848	848	848	366	366
369	558	369	369	369
12	397	12	12	12
641	637	123	641	641
856	428	722	838	383
635	635	635	734	734
723	723	616	616	616
973	973	973	904	904
936	84	459	986	630
303	906	866	976	679
583	583	583	583	583
189	263	189	189	263
308	932	932	308	932
44	363	909	542	534
425	202	425	202	425
297	271	928	297	271
782	162	782	782	162
13	13	262	262	262
461	315	315	315	461
485	109	329	553	679
161	161	760	760	760
654	629	629	654	654
177	638	69	336	238
579	579	27	27	27
58	593	137	137	137
756	208	614	65	709
395	395	842	395	842
949	115	949	115	115
825	738	825	825	738
373	983	983	373	983
138	119	884	138	884
229	809	809	809	229
289	392	392	289	289
35	227	227	227	227
776	58	58	776	776
327	26	26	26	26
377	377	778	778	401
728	581	429	581	728
559	256	192	130	45
106	106	106	106	106
259	469	62	62	259
722	434	208	558	20
397	591	591	591	591
913	197	605	605	605
354	51	51	51	51
397	397	397	778	778
808	696	808	808	696
316	316	362	316	362
433	391	433	433	433
971	666	28	315	45
138	138	138	138	138
256	509	426	499	990
532	853	532	532	321
190	695	190	695	190
853	965	191	409	652
434	434	434	434	962
598	598	212	598	598
802	61	854	802	61
347	347	324	324	324
874	874	536	874	536
809	809	809	809	793
663	681	663	663	628
494	949	949	949	91
537	609	204	738	910
879	214	879	879	879
952	593	593	952	593
561	561	239	239	239
841	604	234	604	234
990	88	281	281	990
263	263	263	263	266
848	961	344	555	860
483	707	483	483	483
229	70	504	863	77
918	918	918	918	108
276	276	853	853	853
296	793	398	613	31
560	560	688	688	560
197	507	4	507	4
614	146	614	146	146
704	425	948	936	698
635	226	730	64	306
657	657	780	780	780
302	864	771	302	864
959	670	670	670	670
163	163	163	68	68
648	396	648	648	396
514	514	307	940	514
270	186	270	186	186
141	796	141	796	141
791	733	733	791	791
802	807	802	807	807
453	823	823	823	453
458	458	458	458	458
640	172	172	172	172
659	849	849	849	849
587	409	409	177	587
169	65	394	331	476
997	997	837	997	997
251	251	661	251	661
634	883	467	634	883
741	741	741	989	776
688	130	113	5	371
891	262	891	891	262
203	458	458	203	203
8	476	8	476	8
608	608	938	938	938
394	635	635	635	635
438	823	318	318	438
803	803	430	430	803
973	805	805	409	409
32	32	173	32	724
104	299	104	299	104
643	560	860	927	997
567	125	567	567	125
669	7	669	669	669
504	447	143	143	504
363	363	170	363	363
874	469	997	895	662
779	293	779	34	293
626	626	539	626	539
578	173	578	173	173
268	787	787	787	787
473	473	473	133	473
652	413	652	652	652
27	293	406	104	93
739	962	974	684	291
633	349	349	349	633
62	525	876	783	711
424	230	424	230	167
483	696	696	483	696
11	288	744	328	456
714	510	891	891	891
736	736	736	736	736
26	312	312	312	312
586	586	323	323	323
937	937	937	623	937
893	314	314	314	314
197	737	197	197	737
108	579	108	108	579
9	744	42	744	744
146	78	488	245	240
698	698	698	206	206
591	203	203	591	203
476	984	476	984	400
479	409	479	409	609
142	292	307	333	330
478	478	551	551	551
629	884	241	571	867
664	4	791	417	92
755	755	755	125	125
194	502	198	266	824
957	159	190	707	93
155	240	240	240	155
925	925	925	733	925
663	409	409	409	409
602	602	602	602	602
211	603	903	875	848
443	41	803	571	730
554	936	554	554	554
489	489	538	489	912
581	404	222	195	557
661	475	661	475	661
610	610	509	509	509
587	223	587	223	587
521	521	521	531	531
393	147	678	274	370
150	678	379	131	508
612	646	612	423	646
143	954	143	107	107
902	405	896	902	405
460	545	761	134	107
613	613	613	613	613
396	832	895	895	396
268	402	257	747	918
608	457	457	457	608
836	529	199	258	424
130	885	885	130	885
691	691	115	115	115
236	137	236	137	236
40	676	40	676	676
753	850	180	843	7
187	746	746	187	187
153	153	643	91	91
420	678	420	678	678
595	605	605	605	736
626	626	162	162	162
510	980	628	245	625
43	624	158	635	631
775	775	538	538	538
982	404	999	488	618
71	503	362	734	728
734	110	110	734	734
655	179	79	727	339
918	894	894	257	918
815	733	451	139	602
163	627	163	981	627
706	844	844	844	844
243	243	243	835	196
598	128	598	128	598
306	948	199	22	770
380	380	777	777	380
667	362	927	180	128
298	102	102	508	508
745	769	745	769	769
878	995	878	995	878
535	665	359	178	375
355	277	740	436	347
200	200	186	186	200
215	612	215	612	612
339	965	339	339	965
61	878	61	878	163
620	319	620	313	313
406	406	406	365	744
496	344	344	344	344
628	583	583	583	583
983	821	983	983	821
392	268	392	392	268
652	204	824	351	800
544	544	544	792	544
292	919	292	292	292
36	36	449	449	36
433	375	475	210	195
490	898	443	490	898
101	427	101	101	101
607	607	607	105	186
27	630	630	27	757
252	262	262	252	252
917	484	484	917	545
216	154	216	216	154
723	723	723	374	374
503	182	503	948	948
709	321	709	321	709
266	275	266	275	266
560	13	389	451	852
887	38	336	99	465
123	712	123	123	123
40	40	271	271	271
977	683	683	977	683
695	695	113	695	695
314	603	617	704	898
938	764	321	965	645
622	622	887	382	622
781	421	421	421	781
887	887	619	794	887
136	696	914	136	696
272	451	272	451	451
476	498	565	476	565
829	829	706	706	706
375	65	65	65	375
321	566	321	97	321
966	966	807	966	966
827	55	827	827	827
497	910	560	329	834
93	597	93	597	705
11	459	231	435	452
404	163	163	163	404
953	953	61	61	612
959	769	539	959	959
944	850	850	150	150
718	70	70	718	718
824	953	953	953	953
757	757	277	757	277
920	784	919	784	784
303	620	288	303	303
81	81	81	110	846
525	791	791	791	525
196	601	196	601	601
766	321	321	321	321
610	659	630	665	859
845	818	845	998	818
800	580	474	580	474
733	733	733	733	795
236	322	236	824	322
466	753	466	466	753
122	46	46	122	46
319	319	319	319	319
456	456	456	456	166
222	741	222	741	741
254	254	133	254	426
314	271	271	271	314
201	982	203	203	982
202	708	708	202	202
980	116	116	116	116
492	953	839	839	953
897	700	280	402	728
77	604	77	604	77
917	241	843	918	417
372	898	372	372	898
610	610	610	771	610
808	808	808	716	808
487	550	3	215	49
451	810	969	751	565
941	585	585	585	585
542	1000	100	816	92
880	880	880	880	880
137	865	137	137	451
545	295	545	295	545
832	333	333	914	832
268	802	709	436	685
740	740	740	740	158
874	162	162	162	874
353	664	390	379	423
540	540	655	655	540
608	608	608	268	608
536	536	135	130	536
586	416	344	90	641
610	421	21	986	284
342	342	452	342	452
233	233	492	233	233
266	650	650	650	650
65	65	514	514	65
397	334	397	334	397
803	626	909	626	909
450	504	450	504	831
603	603	975	603	975
239	529	239	529	239
832	670	670	670	670
39	601	39	679	601
947	947	947	947	399
673	778	543	938	384
472	847	847	847	472
828	382	257	412	357
151	634	516	161	529
345	580	580	265	580
297	297	297	941	297
380	419	683	612	665
951	564	564	960	960
322	609	609	322	609
764	198	305	604	259
306	705	440	404	918
504	824	468	946	169
881	487	647	881	487
943	401	943	943	401
573	573	755	874	874
576	906	906	906	906
74	97	97	97	74
17	3	17	3	711
905	364	962	802	848
611	611	618	618	611
151	799	151	877	877
666	666	420	666	666
496	910	432	422	582
635	635	159	635	635
537	518	537	518	518
737	737	120	737	737
930	930	402	402	402
933	933	132	132	132
50	50	50	374	374
43	490	847	847	43
222	619	222	259	619
155	155	155	155	155
274	869	428	238	483
36	36	36	180	180
998	998	807	998	919
824	824	824	112	112
417	39	517	784	695
270	270	270	358	270
860	860	860	244	860
117	127	50	723	693
858	389	389	858	389
339	339	339	339	795
163	192	163	192	192
585	14	496	54	195
318	731	731	278	318
483	140	140	722	140
812	812	812	812	469
256	862	256	256	256
339	339	339	339	991
280	280	280	646	646
892	579	892	579	579
97	452	97	452	452
415	733	756	868	68
973	690	412	56	438
102	954	954	102	954
622	696	622	622	622
87	87	868	87	87
896	567	897	726	779
48	48	708	708	708
196	587	964	587	587
450	450	717	450	450
674	178	674	178	674
486	63	62	588	166
777	638	638	638	638
791	873	791	791	873
528	528	56	56	528
934	851	989	529	433
736	736	212	212	212
986	180	267	209	85
185	185	185	858	185
504	504	504	543	504
282	916	115	916	282
402	916	473	343	729
134	72	589	133	806
240	908	757	804	249
157	157	919	157	919
497	521	521	497	472
348	890	890	348	890
707	890	82	82	707
716	716	484	590	716
759	51	759	759	759
283	751	751	283	751
406	326	406	326	326
725	725	725	725	285
974	442	988	988	988
626	694	626	694	626
801	954	997	549	289
682	682	682	948	948
462	990	990	990	462
584	914	99	495	946
953	229	953	229	229
522	905	522	522	905
747	495	747	495	747
521	521	734	734	521
970	582	582	970	582
585	960	960	989	585
589	423	90	714	617
72	72	602	72	72
460	762	460	680	460
641	621	254	254	621
716	716	969	969	969
692	29	29	29	29
374	320	374	374	320
936	932	286	932	286
489	228	228	228	228
138	138	593	593	968
940	940	594	594	594
778	829	829	829	778
488	209	568	679	695
55	102	55	102	102
599	28	286	670	112
556	293	345	585	353
628	294	628	628	294
835	835	835	742	742
807	807	807	738	807
999	999	843	843	843
929	374	374	929	374
399	293	399	293	399
435	369	369	369	471
696	507	696	507	696
417	28	304	88	208
815	219	633	728	245
426	858	426	858	858
851	851	851	851	851
683	683	683	683	683
248	248	248	248	248
391	239	766	239	766
270	270	366	656	270
661	661	253	661	266
596	596	976	596	596
885	553	438	200	972
888	335	914	755	497
368	368	425	415	368
33	419	70	209	234
622	622	504	504	622
115	737	885	395	164
55	753	108	108	55
730	730	521	521	730
379	841	841	841	379
898	898	446	446	898
467	467	504	583	504
658	667	213	591	384
397	371	712	951	897
112	942	112	942	302
243	585	243	585	585
93	433	620	941	452
980	980	123	123	980
618	618	618	745	852
528	447	528	528	243
721	894	113	456	605
145	719	719	719	145
401	401	378	430	401
604	597	597	597	788
788	788	788	788	528
488	488	757	757	488
359	286	359	359	310
332	332	754	754	754
372	372	982	756	372
340	138	340	340	340
82	794	877	877	877
398	639	398	664	664
479	479	479	479	479
196	196	196	794	794
578	578	578	578	266
251	111	111	251	111
242	759	242	242	242
585	451	822	605	301
599	421	599	421	58
91	651	461	243	329
795	637	637	637	795
971	971	971	778	729
89	89	89	89	89
167	911	911	911	911
345	261	261	261	261
883	883	883	317	970
566	5	555	555	566
84	198	198	198	198
101	861	129	948	261
910	743	743	42	42
803	803	973	973	803
286	286	286	286	286
4	39	800	39	800
689	349	802	216	329
804	426	44	148	717
104	754	754	754	754
689	440	689	440	689
676	861	861	676	676
878	697	690	424	74
808	387	808	808	808
965	917	965	917	917
786	786	786	722	722
416	660	660	203	660
618	618	618	618	618
746	746	746	198	746
876	919	919	876	919
28	469	543	373	98
655	894	655	655	615
921	921	590	921	590
205	463	463	205	948
489	54	847	489	489
566	975	975	975	975
87	449	674	625	156
112	99	112	99	112
540	962	540	962	540
503	503	252	503	503
701	348	143	23	536
93	201	212	928	89
125	522	125	522	125
181	181	940	391	181
666	666	666	666	666
208	208	208	208	130
587	279	587	279	442
43	43	87	43	87
636	401	898	137	800
146	472	146	472	472
84	128	84	37	84
820	820	63	63	63
144	343	144	144	343
157	628	628	858	157
444	444	444	788	268
953	953	953	356	356
451	627	559	559	627
558	558	558	716	716
862	862	862	862	862
905	905	905	905	650
613	613	613	454	454
46	759	759	46	46
881	15	881	15	881
141	141	672	672	672
574	574	670	574	670
176	176	176	176	176
788	300	300	788	788
898	898	898	898	923
683	754	683	754	683
759	396	37	396	37
516	516	516	566	516
864	485	485	485	485
750	463	750	750	750
673	673	477	477	673
374	820	274	290	914
772	870	772	870	870
989	989	164	989	92
266	723	266	266	266
343	827	343	888	827
959	905	959	909	959
516	516	87	87	87
662	749	749	749	662
627	7	734	757	9
929	247	247	929	420
151	151	174	826	174
372	658	143	661	927
241	241	454	454	241
28	28	369	28	43
209	209	820	820	820
973	622	895	895	895
217	561	561	85	85
573	816	573	525	816
268	144	144	144	144
718	688	688	688	718
995	102	973	329	166
132	765	749	132	765
793	279	964	940	472
802	197	526	214	841
475	989	992	100	161
39	802	802	802	802
686	137	85	686	686
775	287	412	659	735
290	290	290	429	429
55	45	45	45	55
600	168	168	600	600
853	853	853	50	50
511	48	523	918	294
980	65	75	221	108
365	940	365	940	365
727	693	727	693	30
396	193	396	262	396
124	21	21	124	124
891	868	748	115	271
120	668	120	120	120
83	164	164	462	164
802	802	357	357	802
650	619	3	619	3
796	650	796	796	875
119	71	119	119	119
513	970	570	332	259
646	646	646	258	258
119	447	170	616	228
84	112	112	648	84
758	758	194	758	758
768	743	519	742	347
504	765	765	318	765
717	717	893	717	717
466	466	466	108	466
886	886	886	713	886
998	439	998	998	998
234	365	951	602	520
37	37	801	801	801
543	247	788	125	635
21	21	315	21	21
118	118	287	118	118
379	379	379	379	693
138	237	138	237	237
460	460	458	458	460
322	112	602	251	635
596	156	156	596	596
695	683	854	610	331
876	876	876	549	876
391	145	608	558	573
221	221	988	988	221
878	517	878	517	53
556	891	556	891	891
802	364	85	901	551
642	642	417	417	642
157	157	911	911	911
666	621	666	621	666
41	985	41	36	985
911	911	911	911	911
103	923	478	103	103
997	997	997	125	997
712	675	675	349	349
152	171	726	290	610
509	509	509	22	22
873	246	246	246	246
407	6	887	769	105
328	80	328	328	328
385	460	21	21	21
315	295	633	662	867
586	586	586	586	350
501	864	501	864	501
842	842	842	842	842
715	283	176	476	978
399	464	399	399	464
75	75	75	75	212
120	120	120	375	375
842	842	672	842	672
338	227	338	338	338
408	778	408	778	408
152	152	442	442	442
675	675	675	712	675
124	124	124	42	42
775	198	163	51	840
833	215	215	215	833
796	614	931	332	451
249	249	349	249	349
876	876	876	876	430
41	41	815	41	67
401	830	401	401	830
98	98	98	98	98
110	882	882	110	110
407	429	308	385	899
731	305	147	82	777
6	6	6	6	6
720	720	720	720	668
711	429	429	429	711
94	94	94	206	206
413	514	413	413	413
390	536	536	536	867
435	880	350	903	630
656	221	656	656	656
632	632	846	632	846
792	705	792	792	792
571	805	156	156	156
766	600	364	866	296
994	227	994	994	227
316	316	316	328	328
555	1000	1000	714	555
652	652	652	716	716
607	607	749	607	753
726	726	726	726	726
285	285	130	285	285
427	241	427	241	241
399	399	399	399	135
460	339	770	339	339
43	359	359	43	359
123	902	767	686	488
665	665	665	941	665
69	243	243	69	69
576	292	481	930	972
377	400	396	396	377
700	700	362	700	700
666	717	681	788	20
169	169	169	39	39
743	256	743	256	256
34	861	34	34	861
51	51	51	51	51
927	397	927	927	397
476	989	476	476	989
14	14	606	14	606
208	208	736	736	736
319	996	319	319	782
50	565	96	57	478
15	509	509	374	374
681	250	681	250	250
619	715	4	619	4
998	331	22	353	820
663	591	591	591	663
147	147	147	147	340
706	748	748	902	706
626	564	447	714	651
164	164	626	164	626
405	88	405	88	618
456	135	212	999	178
418	936	683	418	683
690	690	589	589	690
139	312	622	875	633
501	501	53	53	501
467	143	467	143	524
282	205	307	349	230
415	790	415	790	415
723	722	723	723	722
331	331	331	349	349
228	228	453	453	453
636	636	636	636	458
358	941	358	941	941
211	211	550	715	550
809	809	809	809	809
374	36	506	755	461
198	198	198	241	198
185	185	185	835	835
535	535	968	535	968
307	744	307	115	307
69	522	461	461	69
302	18	18	18	302
285	905	55	229	385
833	848	376	105	132
325	384	232	384	325
614	408	408	711	408
568	30	568	568	568
405	405	693	405	732
872	872	650	37	650
594	594	594	673	863
667	497	789	667	789
185	185	43	314	185
64	64	64	56	56
500	500	299	789	789
502	502	555	502	502
74	335	74	74	74
582	61	444	582	582
372	372	372	294	294
512	512	849	849	849
111	815	815	815	815
562	597	562	562	562
541	182	182	303	182
893	603	438	893	603
403	364	799	563	953
176	176	815	815	176
626	626	626	425	425
55	133	55	55	55
154	154	209	209	154
44	713	44	44	713
899	330	899	110	110
538	538	892	538	512
758	159	851	413	436
806	31	31	427	31
598	735	735	598	598
727	910	490	734	913
833	883	883	883	833
63	63	955	63	955
160	595	160	595	160
86	86	86	313	86
23	448	324	451	553
409	409	409	409	409
393	393	249	905	905
121	327	121	327	121
63	134	435	134	63
229	454	454	454	229
13	549	13	172	172
802	802	647	802	802
753	753	957	957	753
625	125	23	106	815
963	113	270	290	912
324	509	324	509	803
891	891	891	277	277
402	459	937	571	822
842	842	178	842	842
362	362	437	362	362
516	360	516	516	360
600	493	493	600	493
877	240	379	141	907
663	373	165	965	318
535	535	594	594	535
384	384	384	384	634
12	12	12	12	214
702	175	38	288	471
174	174	174	209	174
107	52	220	460	721
638	638	638	638	638
573	573	384	574	574
200	200	200	66	66
97	333	97	333	97
444	95	95	95	867
998	181	998	998	998
529	816	773	745	763
277	752	752	752	752
530	977	751	530	530
927	988	88	88	988
462	697	510	378	175
963	237	976	576	560
830	45	45	830	104
294	250	294	294	294
58	58	229	229	901
639	639	639	874	639
34	98	98	34	921
977	977	187	977	187
744	662	187	744	187
574	150	574	609	150
618	618	618	618	618
891	986	582	362	275
36	36	48	48	589
902	902	216	216	578
505	82	82	82	461
262	262	14	14	262
960	960	960	960	960
989	424	899	493	371
352	352	319	352	319
656	656	656	193	497
652	652	724	652	724
958	997	997	958	94
386	386	815	386	516
768	768	768	982	768
504	504	504	504	504
534	534	896	534	896
414	670	670	304	414
827	70	70	70	70
761	172	554	409	443
637	798	637	798	637
582	621	976	71	741
461	461	866	7	7
677	219	219	219	677
240	240	240	240	41
793	793	793	212	212
684	684	684	14	14
155	155	12	155	12
635	635	635	649	649
501	44	438	987	279
111	831	432	622	682
409	330	341	600	612
40	40	877	40	784
571	571	571	571	571
973	217	337	909	445
403	403	403	403	598
713	713	713	839	839
548	49	49	49	49
649	649	75	75	75
245	245	967	245	967
165	270	770	382	908
100	56	100	56	374
82	866	866	82	82
12	563	563	563	563
401	213	724	207	88
154	309	626	981	526
899	57	899	899	57
858	858	154	550	858
925	925	23	23	23
615	615	992	992	615
856	695	695	856	856
501	501	52	501	831
733	733	733	438	438
856	549	549	549	549
530	511	511	530	720
687	127	687	687	127
335	335	443	443	335
958	134	958	958	958
6	886	505	417	687
299	463	299	299	463
560	560	171	171	560
284	750	284	284	750
622	622	622	113	622
524	967	392	58	78
954	348	348	954	954
218	218	660	218	218
518	518	117	117	117
812	991	991	753	753
260	260	70	568	568
528	528	528	108	108
605	605	605	605	605
713	713	713	506	506
550	693	693	693	693
649	248	248	649	649
75	294	75	211	75
761	584	761	584	761
935	935	672	935	935
223	248	754	562	819
649	649	286	649	286
99	99	99	595	595
440	440	588	588	440
59	905	342	372	27
373	286	462	2	571
722	187	722	187	722
436	291	566	566	436
794	835	712	835	794
483	332	399	770	230
494	804	11	669	83
100	216	216	100	100
177	177	177	177	177
99	107	107	107	99
866	866	866	866	82
490	490	105	490	105
639	640	640	640	640
336	903	336	630	903
663	135	663	135	802
396	396	434	434	396
926	926	926	528	926
486	486	45	486	45
802	802	802	556	556
476	476	72	476	72
954	583	954	583	583
52	84	262	566	187
26	938	26	26	26
211	669	769	211	669
972	98	972	972	98
612	590	612	590	612
139	139	464	139	464
677	677	677	496	496
516	516	748	516	516
780	780	780	780	533
230	654	230	230	654
305	305	305	119	119
210	729	408	483	697
933	390	184	184	390
60	105	60	105	105
113	113	113	113	113
762	31	38	519	639
990	589	338	466	552
102	102	817	817	817
166	166	264	264	264
517	517	517	517	517
425	425	425	425	425
745	745	842	745	745
953	442	964	169	852
542	619	138	763	198
951	951	525	951	951
584	410	410	584	410
97	366	693	636	365
364	364	364	364	364
236	3	236	236	236
349	592	349	349	349
263	263	263	695	263
480	211	5	480	5
302	302	302	302	777
618	904	618	943	618
553	233	74	74	74
223	223	166	223	166
125	538	538	125	538
789	789	789	871	871
476	716	304	911	117
476	435	476	476	476
311	311	311	5	311
709	709	709	923	709
90	90	90	69	69
803	18	803	18	803
17	17	17	793	793
303	107	303	107	107
415	415	573	415	908
702	702	695	702	543
679	94	433	6	202
595	700	700	700	595
837	837	976	976	837
154	721	721	721	721
98	98	98	413	98
725	790	725	406	790
717	893	717	893	893
153	153	834	153	153
531	549	549	150	531
233	442	442	442	233
118	528	528	118	118
799	799	799	799	175
127	293	304	531	136
411	909	714	212	20
547	547	547	547	918
148	148	148	148	213
325	325	325	749	154
155	384	155	384	155
775	932	775	932	775
472	17	17	17	472
335	913	926	335	335
267	398	267	267	267
414	762	414	679	414
519	519	415	415	415
314	314	967	97	97
16	98	98	710	16
912	715	912	912	912
54	673	673	54	388
478	478	373	791	373
405	797	405	969	969
570	570	570	570	49
376	23	603	291	563
102	772	864	772	772
117	605	117	117	117
355	527	527	355	355
5	781	55	55	781
901	55	55	55	901
662	662	691	691	662
471	37	692	676	611
936	853	885	936	885
821	529	821	821	821
352	642	378	499	271
253	950	777	272	739
216	216	216	216	43
875	158	158	158	875
519	946	519	815	519
801	760	760	556	556
641	849	930	767	280
946	946	987	527	987
297	297	297	48	48
308	177	177	308	308
244	215	215	215	244
790	908	908	790	790
664	292	869	348	827
800	100	313	818	250
313	281	313	281	281
928	561	928	928	928
833	833	833	764	833
659	659	665	665	659
810	451	451	451	451
100	824	824	824	100
270	722	434	553	481
693	59	59	441	59
725	725	993	725	993
15	545	545	545	15
636	467	636	636	467
933	933	20	269	269
447	252	106	847	236
355	355	62	355	62
334	334	71	334	71
347	313	199	313	347
650	445	541	106	706
943	861	861	943	943
426	988	237	583	56
296	569	361	314	198
362	521	781	521	781
796	796	796	796	796
996	996	996	996	996
400	701	400	400	701
880	432	880	432	411
370	326	681	700	77
800	800	944	711	800
91	91	297	931	931
316	20	198	942	120
779	779	144	144	779
518	684	684	684	684
662	174	789	693	489
321	321	321	811	811
701	701	872	701	701
50	808	808	808	282
892	892	459	892	892
499	499	499	705	499
943	137	769	806	332
36	352	624	779	725
848	125	848	125	740
803	858	858	858	803
516	409	409	409	516
660	144	285	285	285
3	121	121	3	121
711	711	284	284	284
750	750	750	750	386
932	816	932	446	816
977	675	326	326	977
669	268	464	464	464
513	513	11	11	11
974	195	195	195	195
561	623	623	561	561
635	844	635	844	473
592	592	855	855	592
957	946	946	957	946
480	480	480	314	314
545	296	296	296	545
250	250	64	64	64
798	621	621	320	798
806	806	764	764	764
910	910	809	910	910
272	785	785	272	785
241	415	241	415	415
7	208	417	661	803
720	898	227	381	378
945	411	945	411	945
444	785	944	543	268
559	936	809	559	809
261	261	261	974	950
997	304	997	997	304
926	539	332	575	844
313	863	863	99	863
820	820	820	820	12
741	178	695	741	178
942	724	942	724	724
237	954	86	9	733
600	600	432	432	600
425	730	716	229	943
209	135	184	693	512
835	615	615	835	533
365	712	365	365	365
517	738	738	517	872
517	517	517	681	681
510	200	445	510	445
411	74	74	74	213
240	756	450	915	769
64	489	573	991	952
945	945	945	945	203
807	284	284	844	807
933	447	75	255	113
985	985	985	337	985
869	749	869	749	749
626	943	943	943	943
130	23	130	23	130
193	193	193	990	193
523	204	204	523	523
521	146	118	118	118
150	89	241	278	503
805	805	71	71	805
436	436	436	167	167
680	79	524	79	524
921	39	460	378	234
943	300	300	943	300
189	189	189	168	621
241	155	87	155	155
843	864	864	864	864
91	796	796	91	796
568	568	568	624	103
664	153	908	2	949
311	371	371	311	371
734	60	734	734	55
244	404	244	404	244
617	617	617	19	19
147	526	526	526	301
281	281	111	281	690
791	980	980	791	500
536	536	536	536	62
704	704	941	941	358
964	262	537	898	611
557	88	557	557	557
850	850	379	850	379
391	784	784	844	844
883	77	883	264	883
215	215	215	939	939
550	44	44	44	550
47	561	985	47	47
363	733	263	363	733
965	965	365	365	365
772	730	817	772	817
775	798	798	775	775
766	506	409	982	633
568	704	704	704	568
121	328	121	328	121
484	484	766	484	203
329	738	864	184	308
6	176	6	876	6
855	260	15	711	776
609	221	609	221	609
406	406	406	123	123
954	689	954	114	954
784	331	331	331	784
727	727	147	727	147
825	329	13	413	624
691	605	691	605	605
713	180	956	529	990
842	276	842	842	964
43	959	43	959	277
367	410	923	386	468
151	933	151	933	933
201	201	926	201	926
582	561	97	983	125
419	309	374	893	534
827	827	827	283	827
675	573	732	601	1000
428	428	32	428	32
833	221	716	828	700
288	909	688	909	288
361	215	614	261	684
462	462	462	262	462
371	658	955	392	1000
262	262	972	972	262
730	730	505	730	505
558	310	231	558	231
316	316	316	316	316
829	966	263	966	966
158	158	158	789	158
967	967	936	936	967
844	813	813	813	289
480	856	856	480	480
421	56	421	56	56
179	179	179	179	521
232	631	631	556	232
722	806	480	602	916
860	889	249	447	85
491	491	926	926	491
554	968	554	59	59
16	16	896	896	896
876	381	124	860	447
556	556	540	556	540
547	547	546	546	547
267	267	278	278	267
600	600	658	600	658
291	567	865	865	865
778	721	721	778	721
277	315	315	315	315
323	990	323	323	990
628	628	628	628	628
383	383	698	383	698
765	32	32	32	32
101	101	881	881	959
457	457	287	641	457
342	342	825	342	825
840	793	875	997	142
386	386	386	386	21
982	184	982	184	184
607	607	614	607	607
838	838	838	835	835
542	85	554	554	85
70	943	438	405	638
341	90	90	90	90
236	93	93	236	93
417	407	407	407	407
137	137	137	137	36
469	318	318	469	469
726	726	726	18	18
186	713	713	186	713
876	56	56	703	703
542	542	964	596	542
228	228	228	662	662
203	203	203	754	754
377	377	897	897	377
785	646	785	646	785
635	212	191	350	564
948	16	948	16	16
827	768	157	809	998
651	651	226	226	651
759	443	759	443	443
113	602	113	756	602
701	782	782	782	363
908	692	908	713	713
724	724	232	232	205
511	109	109	109	109
75	566	566	75	75
885	275	275	155	275
121	580	40	121	40
340	832	340	340	832
972	439	439	559	439
51	661	661	296	51
793	504	388	504	504
636	636	613	960	960
631	4	242	19	819
790	790	22	790	790
809	934	455	455	809
210	752	752	752	752
83	91	992	992	91
256	256	256	256	256
709	322	322	322	709
395	395	395	705	705
312	312	977	914	977
398	398	888	398	398
895	775	895	895	607
996	699	699	996	376
72	72	72	263	72
958	101	140	937	558
349	648	334	281	275
331	371	440	765	310
362	453	362	362	362
924	159	882	951	784
866	225	225	545	545
236	861	236	236	861
925	925	268	268	268
320	456	320	456	320
244	244	170	244	170
420	420	650	420	650
673	673	303	303	673
264	829	264	264	829
598	598	598	770	770
500	605	605	500	500
958	687	958	958	958
528	881	881	881	528
47	680	47	47	680
693	330	330	693	330
37	37	180	37	97
659	448	659	448	659
757	333	420	374	844
473	473	473	473	473
471	283	874	434	880
362	362	362	975	798
234	468	468	234	468
15	205	15	64	205
777	957	957	957	777
42	14	14	104	104
442	442	989	989	442
182	421	72	703	52
357	151	151	151	357
919	555	555	919	555
610	610	92	92	610
904	904	904	459	459
153	153	153	153	134
62	102	86	313	933
140	965	965	965	965
736	536	885	95	266
40	779	40	40	779
409	409	601	601	409
316	373	373	941	373
324	550	671	610	38
249	249	468	249	249
51	51	898	898	918
700	700	700	700	271
484	484	695	484	484
836	345	63	183	808
267	305	321	339	355
498	58	498	58	498
119	733	119	725	725
742	742	216	216	216
524	739	812	998	890
505	505	472	505	472
72	225	72	225	225
343	343	343	343	343
25	816	726	512	690
591	591	591	591	591
783	185	709	141	39
247	247	879	954	879
523	523	523	18	18
472	463	463	472	519
266	530	530	653	530
864	452	844	864	452
724	198	973	198	724
925	566	566	566	727
687	687	144	687	144
397	552	181	181	181
448	561	448	184	448
236	236	926	236	926
923	923	923	923	972
722	141	141	722	141
829	730	730	759	759
801	966	74	966	966
327	877	598	568	604
534	724	215	73	173
192	192	192	630	192
769	265	769	769	265
670	34	582	965	845
825	789	879	710	388
428	512	512	512	512
232	635	753	635	753
916	519	916	519	916
502	502	535	535	535
49	502	502	147	49
449	94	50	94	50
260	260	115	115	115
276	888	276	276	1
756	353	298	88	491
514	456	514	514	514
360	10	581	10	581
395	395	639	395	395
827	827	827	827	827
894	524	524	524	894
558	985	243	870	369
477	477	662	662	662
436	436	800	800	800
638	290	933	117	890
233	977	977	233	233
649	470	470	470	470
515	569	906	906	906
900	900	900	900	186
228	667	904	257	359
859	472	603	815	732
148	363	886	857	340
79	79	859	859	79
728	597	597	187	728
144	144	644	144	644
704	36	704	36	704
906	385	154	906	154
916	327	327	916	45
2	2	2	2	154
788	687	687	788	788
312	312	888	888	888
961	878	987	961	987
522	522	124	124	788
641	270	682	612	241
937	439	439	439	439
92	964	92	816	816
120	120	646	646	120
727	522	522	522	522
45	45	438	45	45
155	4	949	850	42
861	276	861	509	861
258	562	258	258	619
12	12	12	12	684
110	751	751	751	110
287	289	592	70	633
809	158	524	121	231
990	714	714	714	990
382	659	923	881	66
17	157	472	17	472
790	992	25	25	790
414	429	429	414	429
841	841	841	841	841
861	861	861	688	861
582	48	48	582	582
138	614	371	130	160
247	247	101	101	101
381	381	381	381	778
737	585	737	585	737
925	925	19	925	19
55	588	507	55	588
891	891	891	494	891
672	850	690	525	971
746	912	996	133	977
986	735	735	735	986
974	679	44	232	678
166	145	166	339	339
44	44	146	44	44
426	426	153	56	426
816	994	994	816	994
663	623	663	192	623
60	953	309	281	275
630	311	311	12	311
315	315	315	631	631
323	323	323	86	922
961	439	283	283	961
563	990	648	109	844
642	459	642	459	642
117	789	789	29	789
144	355	144	144	144
871	871	871	871	871
379	379	304	511	304
141	141	610	141	141
632	632	346	346	346
736	934	32	946	45
841	841	264	264	264
187	210	814	684	60
160	707	160	707	707
511	231	231	511	231
79	151	298	126	589
163	163	163	163	206
765	654	468	765	765
710	579	412	225	104
951	951	827	951	951
927	567	927	927	927
337	816	337	337	427
530	530	974	530	530
295	646	383	38	287
899	531	390	408	215
680	201	730	918	858
257	285	257	435	435
333	333	333	954	333
423	852	225	275	568
21	21	958	21	21
834	856	834	148	834
934	934	206	852	934
187	366	187	187	187
902	886	158	886	886
431	431	805	805	805
570	570	570	155	142
627	499	499	499	499
306	882	882	462	882
348	16	435	348	348
250	275	296	275	275
846	846	647	617	846
723	669	669	595	669
134	134	953	134	953
700	317	755	709	573
90	875	90	90	770
789	789	216	128	789
516	516	516	7	7
963	452	369	932	46
854	692	675	946	539
430	107	430	430	430
533	533	144	144	533
696	696	988	988	696
910	775	606	131	669
51	51	51	586	586
573	870	573	870	870
875	875	352	115	875
126	126	538	126	538
195	195	970	970	216
330	494	494	330	494
265	884	599	574	636
755	679	755	679	679
228	245	245	228	245
398	398	146	146	398
987	802	976	384	780
348	412	923	909	882
893	893	893	105	893
473	473	473	703	715
929	188	188	596	188
271	703	844	905	294
607	607	677	607	607
436	436	405	405	436
381	381	145	463	463
70	70	833	833	70
460	460	868	868	868
385	225	225	225	385
139	715	139	715	139
603	603	603	603	847
473	473	872	473	872
912	912	912	912	912
895	895	551	895	895
136	136	136	136	136
388	734	734	942	388
124	124	124	124	3
74	962	346	962	74
422	381	995	381	422
76	587	587	587	587
489	545	545	545	545
140	893	534	847	839
554	554	554	554	554
311	542	311	805	311
71	336	855	733	887
13	13	789	13	13
806	667	349	757	494
71	71	857	857	857
187	604	187	187	187
553	268	301	133	936
58	370	58	58	237
803	803	172	172	803
711	711	107	107	711
225	225	319	325	319
30	910	793	349	41
708	171	541	320	64
116	630	630	116	630
612	1000	1000	612	612
277	642	642	277	277
835	835	999	999	835
771	349	554	830	882
475	475	475	413	475
862	862	486	862	486
896	896	782	896	782
607	607	607	607	281
495	495	495	495	495
979	979	130	979	130
789	649	649	3	3
177	800	102	312	565
726	726	726	718	718
235	235	713	713	235
390	390	966	966	390
766	293	766	766	766
791	413	791	791	413
9	495	132	158	440
486	486	999	486	999
230	230	230	230	402
4	18	480	648	186
604	604	604	604	604
716	249	337	208	703
595	995	995	595	629
574	439	182	979	813
229	229	145	145	229
143	143	773	773	143
901	901	901	901	901
689	351	8	351	351
569	17	17	569	17
845	845	190	845	845
264	477	276	604	172
348	348	348	9	9
292	741	292	292	292
697	697	683	697	683
732	777	971	971	777
523	136	551	746	947
898	898	931	898	898
645	645	645	627	627
101	474	101	101	474
491	259	259	259	259
945	804	914	689	339
85	85	67	85	67
96	579	96	96	579
718	718	718	718	687
786	561	786	786	645
398	920	398	398	920
230	688	637	699	185
625	205	625	91	205
176	176	525	176	525
1000	59	324	440	908
668	79	668	668	79
548	878	878	757	878
618	199	618	199	528
272	272	256	586	272
418	418	995	418	995
907	907	920	907	907
523	792	311	792	311
401	401	705	401	705
833	937	833	833	833
49	787	49	787	49
49	49	406	49	49
166	166	953	953	953
214	731	731	731	731
312	365	913	405	7
351	211	997	639	459
702	702	702	702	724
854	854	854	854	854
137	137	137	137	187
886	627	886	886	886
91	417	535	417	535
387	437	772	387	387
458	984	984	984	458
548	548	255	255	255
852	852	253	935	935
80	419	979	798	593
681	978	681	978	978
286	91	190	528	48
171	317	317	479	479
308	526	308	526	526
284	680	177	680	177
564	564	291	564	564
747	531	531	747	747
667	667	667	570	570
845	736	739	739	736
3	756	756	3	756
805	805	805	687	687
988	82	988	82	988
930	621	930	930	930
875	477	914	231	214
595	595	578	257	595
818	720	720	818	818
752	752	752	471	752
873	714	423	366	941
514	514	514	514	471
566	781	566	781	781
452	452	452	170	452
385	751	385	751	751
116	521	116	116	521
369	632	626	227	429
921	921	921	761	761
804	503	503	804	804
558	558	90	558	90
63	334	63	334	334
563	563	563	487	487
107	107	615	107	615
626	10	10	626	10
133	604	133	308	133
867	66	867	867	66
518	588	91	588	518
360	360	360	360	360
42	42	875	42	875
651	651	651	930	651
195	195	596	596	195
908	919	82	919	908
746	922	298	298	922
911	688	877	574	284
775	441	480	96	396
336	327	327	327	336
464	546	926	173	578
557	557	557	557	249
351	813	427	824	238
248	248	248	746	248
644	34	435	644	435
394	394	350	394	394
944	130	130	840	130
502	958	567	212	423
417	417	417	417	417
648	73	648	648	73
47	796	796	47	47
870	632	870	870	653
70	886	479	788	18
200	200	200	777	777
207	207	207	804	207
737	737	381	66	66
481	912	492	17	336
642	776	342	642	776
670	40	670	40	40
497	857	488	488	488
848	410	848	410	410
528	771	148	554	493
294	631	353	350	568
847	271	271	607	607
502	585	585	831	585
44	658	44	44	658
487	606	606	606	487
10	10	270	10	270
868	113	868	113	868
382	382	382	465	382
741	741	741	741	414
769	769	590	590	769
423	423	423	304	423
311	311	956	311	747
67	766	766	67	766
297	932	297	932	297
707	778	717	707	707
818	761	761	761	818
686	502	980	315	597
209	182	169	51	459
316	987	764	677	158
144	144	144	188	188
297	686	884	884	686
203	711	203	711	711
562	562	294	294	240
340	340	87	135	340
597	597	597	304	597
722	695	216	739	887
424	373	373	424	424
41	41	41	41	327
963	362	362	362	362
139	592	46	623	224
401	401	401	460	460
150	449	377	876	663
363	363	363	363	363
381	273	3	3	381
365	457	382	457	457
296	160	160	160	296
482	652	652	482	482
302	302	41	41	94
485	97	1000	389	573
420	912	928	238	425
962	962	962	962	895
290	695	111	353	665
389	95	663	814	595
1000	1000	101	101	101
203	203	614	614	280
548	548	293	548	548
872	872	563	563	563
683	683	691	683	683
557	659	645	605	366
70	306	334	658	450
62	785	785	785	62
452	4	452	452	452
825	825	123	123	123
544	776	776	776	776
430	221	739	661	793
270	270	787	787	270
910	48	910	608	608
736	647	647	736	736
931	931	157	157	931
4	4	403	4	4
694	694	968	694	492
428	428	749	749	428
833	337	285	376	378
976	503	128	404	139
792	959	587	587	792
427	783	384	789	114
19	236	60	19	236
420	681	941	465	189
178	178	53	53	178
438	467	467	438	467
302	292	895	666	650
678	678	678	678	678
998	508	565	998	565
99	99	99	99	705
154	160	355	503	135
1	754	838	920	355
748	653	653	748	653
235	577	235	235	235
762	386	22	175	450
631	569	69	880	211
38	38	38	36	38
488	275	488	219	488
109	334	334	274	334
945	287	232	734	783
679	951	951	951	679
405	257	405	257	257
63	776	776	776	63
135	415	364	415	415
225	315	315	225	225
254	958	958	958	254
959	707	959	707	707
68	68	599	68	599
178	948	852	527	928
747	747	747	747	994
989	989	989	989	710
814	428	814	814	814
377	374	374	374	377
555	990	110	939	235
632	632	632	662	789
938	820	938	675	820
837	907	966	837	966
342	931	6	560	990
292	906	922	986	777
716	944	244	524	848
305	664	664	664	305
396	396	396	188	396
244	151	151	244	318
157	397	397	397	397
95	925	925	925	95
583	583	583	583	540
895	589	589	895	895
681	681	809	681	809
25	25	25	394	25
403	84	325	431	602
825	468	623	468	468
157	620	700	700	157
876	443	737	464	807
465	423	19	423	465
335	122	55	643	788
953	539	539	953	539
812	230	812	812	230
60	423	871	488	568
300	753	300	300	753
237	645	510	51	97
171	709	616	171	709
682	682	162	162	682
737	883	883	883	737
693	572	693	572	392
398	216	39	216	216
285	28	20	695	737
111	99	111	111	269
957	957	957	957	957
684	737	684	684	737
344	344	402	402	402
304	437	957	370	544
938	97	97	97	938
736	326	736	389	389
789	591	331	371	401
953	953	953	543	953
352	902	602	352	352
852	641	598	151	729
715	362	788	432	990
26	167	167	26	293
298	150	782	393	211
881	679	822	386	751
106	254	254	254	165
377	622	622	859	377
773	429	773	429	773
559	559	622	797	622
591	202	591	554	202
341	855	213	213	341
247	522	247	247	522
109	349	349	349	754
477	477	573	573	573
954	193	954	954	193
373	439	373	373	373
172	914	265	360	143
512	512	41	512	512
785	785	513	785	785
102	467	467	819	102
774	982	982	774	774
681	681	593	593	681
362	911	362	362	911
523	195	13	115	950
455	397	494	538	28
662	73	302	73	302
96	749	749	96	96
635	583	693	973	770
356	249	356	356	249
815	828	828	828	815
79	656	79	79	656
300	999	300	999	999
838	838	838	838	838
866	866	199	199	199
119	358	193	265	886
562	852	261	562	562
812	240	240	483	240
100	648	984	249	45
572	964	401	723	292
717	717	645	645	717
989	128	128	264	264
957	957	957	957	764
313	476	313	167	313
731	297	778	297	731
1	131	1	131	131
327	158	158	158	158
55	369	538	369	55
658	793	149	658	149
916	97	574	615	313
547	80	80	547	547
790	817	817	817	790
344	118	469	75	157
249	968	249	968	249
765	765	765	388	138
270	843	979	642	23
743	961	961	961	743
505	323	588	224	31
422	422	422	422	422
440	440	440	787	440
45	45	45	45	335
712	237	119	845	384
686	966	35	808	683
836	266	836	836	836
389	268	389	389	389
670	373	670	373	373
605	185	109	185	605
52	768	52	768	768
641	391	391	641	391
188	898	532	932	660
827	812	654	654	827
952	952	286	952	286
310	461	461	461	310
68	495	68	495	495
565	450	450	298	298
353	57	353	57	57
393	527	393	393	393
19	19	988	988	19
236	812	236	812	812
242	242	242	242	148
641	641	641	965	965
712	321	712	712	321
405	293	816	586	335
855	234	796	234	234
994	682	994	994	994
637	637	456	520	520
505	505	275	275	275
920	920	515	515	515
952	952	952	760	951
875	875	875	380	875
26	26	281	281	281
160	616	160	160	616
823	205	823	823	823
559	624	131	410	649
557	557	591	591	807
601	601	440	440	601
86	891	891	891	86
352	812	459	407	957
772	293	655	655	772
742	185	444	742	742
324	324	713	87	87
861	861	119	27	119
587	356	977	855	414
191	823	823	823	807
660	912	207	871	422
952	952	952	764	952
51	51	51	51	452
116	126	116	126	116
163	25	163	25	25
960	319	319	970	960
756	756	149	149	149
540	224	432	275	686
237	701	673	673	701
118	718	704	644	298
869	350	468	30	445
875	875	271	271	271
756	756	756	849	756
129	129	166	657	657
938	938	362	938	938
906	794	341	341	341
306	936	306	681	306
672	173	672	173	173
803	803	120	803	803
171	338	103	727	252
494	263	494	748	263
208	652	477	208	477
80	80	80	952	209
708	539	708	708	708
876	20	876	876	20
622	190	622	622	190
679	471	856	471	679
815	935	815	815	815
686	486	486	839	686
852	217	780	405	340
111	714	930	466	622
587	690	910	587	587
855	473	627	627	473
598	598	598	598	989
255	672	735	574	75
489	489	489	923	489
136	59	59	59	59
704	704	704	704	293
49	49	49	49	49
19	9	867	9	9
703	703	703	271	703
383	383	577	577	916
686	686	686	686	686
339	740	339	339	740
737	737	697	737	697
121	5	239	335	907
520	633	337	132	788
251	362	251	251	362
44	25	25	25	44
491	87	803	747	143
259	737	259	737	737
644	307	307	307	307
820	820	672	672	820
22	795	795	655	795
934	14	633	934	633
200	102	200	102	102
32	32	886	428	32
276	444	444	4	276
825	825	825	814	825
952	105	952	217	105
34	34	34	509	34
193	737	193	193	193
87	87	87	87	87
969	529	529	969	969
661	563	563	522	522
472	237	395	775	498
510	510	838	838	510
990	990	263	263	365
339	566	339	339	566
13	601	601	601	241
137	137	25	137	137
297	366	761	771	749
525	525	525	548	525
735	997	997	735	997
621	914	621	136	914
162	162	162	810	810
172	296	296	296	172
623	272	623	623	272
5	102	844	855	830
913	913	111	913	913
871	592	435	382	513
171	171	171	246	171
812	941	812	941	853
760	523	760	760	760
573	128	573	128	272
690	132	366	596	462
888	667	888	888	575
26	23	26	26	23
718	267	766	121	612
66	729	729	66	729
575	876	575	575	575
642	868	868	642	868
93	826	297	826	826
646	220	220	220	646
663	569	663	994	663
346	759	151	759	151
174	977	977	977	174
799	479	799	479	479
264	620	620	620	620
472	47	472	47	47
808	808	808	808	580
523	157	523	157	523
431	75	94	143	851
727	176	727	727	74
355	115	511	531	729
106	233	233	233	233
626	998	375	640	8
878	878	657	988	657
613	805	613	613	239
85	856	961	798	993
873	873	873	924	387
255	255	255	255	255
507	809	809	809	507
373	295	149	614	923
770	815	815	770	810
983	70	91	684	359
845	625	625	845	845
471	392	392	205	471
903	903	182	903	298
438	706	858	958	137
105	702	105	909	105
490	388	490	388	388
793	793	793	350	793
952	952	790	790	150
144	144	835	144	835
659	572	659	572	572
502	502	765	75	75
979	929	185	621	601
641	641	641	641	641
162	954	162	162	162
525	786	786	525	165
63	63	220	63	220
238	129	129	238	129
107	107	107	119	119
74	181	156	751	491
848	141	116	98	455
399	425	70	940	514
148	427	180	234	336
526	55	716	55	526
396	630	426	974	829
760	670	828	828	760
368	368	368	411	368
945	945	481	481	481
872	301	301	83	83
207	213	213	449	207
495	807	367	135	332
427	579	427	868	427
353	128	281	353	281
860	860	860	66	860
333	333	612	612	612
550	914	914	914	914
400	534	536	534	400
183	892	892	183	892
526	291	526	526	291
738	738	703	169	738
252	279	725	279	252
10	286	585	568	924
520	281	281	520	520
66	988	66	503	988
488	651	488	651	488
701	587	701	555	587
68	71	470	470	71
998	998	906	642	642
531	531	531	531	290
774	774	774	946	946
85	85	117	117	117
551	551	245	551	551
823	426	528	839	887
568	502	502	502	568
425	591	425	591	425
200	200	200	200	703
586	243	243	243	586
973	973	973	685	973
650	140	650	964	140
751	751	659	751	659
332	332	332	508	508
349	644	349	747	747
796	802	796	796	802
555	555	310	555	310
264	401	250	264	250
186	788	481	692	241
369	369	369	192	369
116	667	116	881	667
141	141	141	141	741
848	95	848	848	95
777	777	182	924	182
667	307	307	667	667
734	734	734	287	734
80	587	266	318	902
85	85	857	85	85
1000	592	1000	592	1000
225	305	225	305	305
572	576	576	572	572
251	690	690	251	690
237	789	237	237	969
501	355	945	257	508
745	244	696	244	244
238	238	927	238	238
781	781	381	781	381
929	929	723	929	929
835	835	835	107	835
237	450	17	638	369
718	718	564	993	564
408	194	408	194	408
954	954	616	954	68
894	348	356	601	267
428	428	428	359	428
57	815	57	815	57
503	846	855	577	932
813	708	448	940	223
85	85	518	85	282
908	343	908	343	908
41	444	41	538	41
247	127	355	127	247
77	404	6	404	6
922	922	664	922	664
488	266	266	266	266
592	203	740	740	203
9	9	480	480	9
918	392	769	954	317
401	831	401	401	401
222	580	612	864	104
739	126	226	537	992
896	679	853	350	296
595	657	819	27	424
241	930	261	682	706
36	36	40	36	36
606	606	721	721	721
651	457	46	246	384
816	759	759	816	816
622	622	622	629	622
126	852	852	852	852
805	271	805	740	740
313	15	313	15	313
145	145	974	660	145
663	591	663	376	376
595	677	697	12	364
996	996	996	996	996
855	656	25	25	855
50	692	50	692	50
398	619	398	398	398
50	279	50	309	50
578	898	578	578	578
290	495	495	495	290
920	418	467	728	708
845	845	161	845	845
535	535	252	252	252
759	759	759	533	80
546	815	546	546	546
614	834	614	456	834
264	293	264	979	293
94	538	808	815	594
939	939	444	444	444
322	328	512	923	469
375	375	375	975	375
274	406	274	274	274
328	123	995	261	129
235	613	613	235	235
44	471	471	44	825
267	143	514	514	143
998	348	348	348	348
995	536	111	521	707
195	309	485	265	866
364	364	364	364	364
676	897	676	676	897
118	853	118	355	853
366	841	366	366	841
308	308	308	308	95
841	841	841	841	249
615	925	584	605	671
219	219	219	647	647
19	19	371	19	371
225	438	290	290	290
189	189	189	189	189
433	88	433	433	88
905	61	61	905	905
294	906	294	294	912
110	390	605	304	603
546	546	417	546	417
981	981	461	603	981
639	658	639	639	639
405	405	405	405	405
803	803	803	803	803
200	219	200	219	530
152	5	152	152	152
270	270	1000	968	270
736	880	469	609	15
845	550	1	501	561
272	172	272	272	659
736	947	736	736	736
650	650	281	281	650
22	23	23	23	506
888	948	741	888	948
109	109	766	766	109
100	100	100	80	100
199	373	373	373	373
979	289	289	979	979
829	732	829	829	732
12	291	792	496	112
290	174	123	452	333
559	392	559	392	559
923	16	345	990	128
274	96	583	602	623
758	527	527	77	527
744	2	4	744	4
179	770	770	452	452
981	981	981	568	981
992	992	992	704	992
576	181	402	593	296
563	563	821	821	563
965	274	965	965	965
765	765	765	765	979
631	328	594	930	493
210	594	210	210	124
737	136	630	246	875
96	976	96	976	976
375	375	764	764	901
888	525	520	442	895
302	302	302	302	302
140	63	1000	140	63
73	788	129	788	73
542	435	435	542	435
935	755	935	935	935
212	303	303	212	418
298	298	976	298	607
213	954	213	954	954
122	122	122	122	980
327	71	166	413	967
291	289	563	289	289
95	803	54	416	811
625	625	625	152	625
637	741	655	521	658
415	415	979	979	781
234	31	234	31	234
607	51	607	171	607
401	561	496	812	605
447	541	178	541	178
513	156	775	378	634
230	230	230	111	230
326	326	795	795	795
381	233	132	888	466
10	532	83	83	83
239	826	826	826	239
851	695	851	851	851
575	575	485	485	485
222	925	925	925	222
821	821	10	821	821
968	832	832	832	832
213	581	213	213	213
438	438	82	438	82
188	508	706	388	211
570	99	388	743	451
233	335	233	335	66
871	871	575	575	228
738	359	505	198	610
662	662	863	662	662
528	528	528	528	504
251	251	251	251	601
602	53	280	602	53
731	731	925	731	925
157	157	157	287	157
199	87	87	940	940
909	909	909	37	37
173	504	173	504	173
583	294	583	210	583
350	350	74	350	350
227	333	803	76	999
726	172	726	172	172
233	233	233	233	233
843	338	843	843	745
750	222	222	750	222
615	127	127	127	127
484	791	791	791	484
88	264	489	885	785
749	749	749	403	403
791	81	830	791	81
718	718	718	493	493
969	1000	1000	985	1000
586	586	586	586	457
666	949	666	666	666
340	340	947	947	236
700	877	489	839	227
662	366	900	824	758
570	901	901	901	570
631	856	719	67	473
992	294	992	733	992
185	185	458	441	458
362	165	130	103	114
761	251	761	761	761
637	637	282	282	744
897	499	766	499	897
852	420	420	852	420
416	67	11	631	302
838	522	914	759	814
919	481	919	481	481
591	925	591	640	640
537	537	284	537	537
980	82	575	575	980
271	923	271	271	271
103	627	103	103	63
522	522	522	424	424
491	857	857	431	491
617	495	617	495	617
262	126	275	111	756
35	35	35	998	998
96	718	96	580	718
922	648	327	737	432
891	891	233	233	233
893	893	893	893	491
532	225	456	834	382
627	627	627	347	369
419	438	438	419	733
275	275	275	867	275
667	667	667	362	873
171	171	876	171	261
994	887	803	887	887
612	132	612	132	457
130	837	837	130	837
888	383	286	426	969
261	851	442	693	169
540	140	140	540	140
300	352	352	300	300
359	359	333	359	333
855	110	698	698	855
979	979	980	899	980
709	362	148	55	481
303	308	351	308	303
890	550	550	170	890
484	832	484	484	484
816	816	816	816	816
655	655	655	655	655
267	267	267	267	90
378	525	115	124	543
163	163	163	1000	163
756	712	443	980	931
190	290	190	190	190
443	443	443	443	443
446	446	680	680	680
483	757	757	757	483
952	972	137	753	928
882	882	832	832	882
674	459	674	459	674
36	680	36	986	680
562	562	562	562	149
24	768	768	24	768
578	578	807	578	807
594	594	594	497	257
988	475	988	475	988
857	857	584	584	584
705	76	796	705	705
873	783	873	783	783
564	875	875	875	384
152	172	428	428	152
684	511	572	6	917
39	633	633	633	39
140	140	140	261	934
861	996	861	861	996
300	661	300	300	300
982	617	982	982	982
668	713	521	521	713
91	608	91	91	608
280	280	69	280	69
316	868	72	299	645
611	611	611	908	908
757	654	757	654	757
196	196	945	428	945
476	476	304	476	476
332	332	72	72	332
27	881	674	117	924
352	12	352	878	878
820	981	981	727	820
18	450	450	450	450
969	537	879	379	452
452	181	396	181	396
149	979	444	906	597
944	271	521	271	271
857	449	847	71	471
436	661	661	661	436
95	95	95	95	95
818	75	210	55	893
438	438	438	301	438
561	878	561	561	561
85	533	968	85	968
294	27	294	301	301
883	883	37	883	37
860	291	957	705	629
696	169	696	633	169
40	40	131	40	40
702	594	805	96	378
82	140	82	140	140
242	173	173	36	36
958	121	779	863	330
284	492	451	224	570
249	489	489	489	249
547	409	547	409	547
748	748	748	691	748
156	568	156	156	156
58	153	964	224	517
999	181	181	999	181
528	528	528	528	989
781	618	781	781	687
230	430	230	230	230
378	761	781	69	706
41	41	41	614	614
783	573	783	783	783
968	269	703	132	600
877	888	703	992	397
110	110	110	71	110
353	502	927	56	602
450	450	450	748	450
452	766	766	455	455
463	964	964	964	964
488	509	509	509	38
48	274	48	274	274
738	571	571	571	738
286	286	286	155	286
241	241	241	57	57
424	931	424	931	424
459	391	459	391	723
909	909	909	520	909
116	626	116	743	743
542	504	542	504	504
339	339	988	988	339
296	347	296	929	929
840	840	861	840	840
88	108	191	924	626
248	779	439	397	723
589	589	731	731	731
344	899	344	899	899
649	970	649	970	649
37	762	37	762	762
13	13	676	565	676
847	847	478	847	478
830	374	830	830	830
304	58	304	58	304
535	190	512	535	512
704	211	583	881	767
314	875	133	621	149
187	105	511	250	995
671	903	951	671	951
985	474	162	985	985
143	308	308	308	143
305	671	671	305	305
455	945	455	455	945
151	151	937	151	151
803	803	738	738	738
104	104	852	852	104
637	637	637	648	637
545	545	397	777	777
425	425	225	425	225
5	65	5	65	5
308	232	308	308	232
29	453	29	29	453
707	47	707	508	707
802	190	190	190	190
459	948	948	948	508
520	425	520	520	425
284	284	594	284	284
284	578	333	284	333
864	864	864	192	505
527	56	56	56	56
899	470	470	899	619
89	35	89	926	35
785	257	95	456	484
671	570	570	671	570
886	886	404	404	404
810	810	71	810	71
873	965	873	965	965
864	604	866	864	864
205	7	7	205	205
386	386	663	386	386
571	205	205	571	205
695	541	541	695	541
688	555	995	14	444
809	897	163	163	163
289	324	324	289	289
8	8	8	8	8
929	839	501	264	616
541	459	541	541	459
639	274	639	639	1000
259	416	88	687	975
491	435	491	435	491
668	668	668	358	358
464	524	524	464	524
889	783	452	510	478
475	558	514	814	971
434	434	669	434	434
783	86	86	783	783
448	163	621	53	980
286	167	167	167	167
273	369	478	548	378
115	871	871	760	871
408	408	408	439	408
129	129	882	129	882
388	532	532	403	403
961	670	358	777	320
213	138	332	373	852
797	797	180	180	180
863	374	863	374	863
801	769	536	28	817
387	90	623	90	90
178	135	135	135	135
337	337	629	337	629
906	884	578	906	578
430	762	290	430	762
330	900	275	275	275
634	634	634	703	703
868	868	855	855	855
317	317	317	317	930
449	743	686	686	743
174	976	976	174	898
438	438	428	428	428
433	416	416	416	416
291	291	766	766	766
536	235	235	752	235
140	944	75	810	767
644	644	569	644	569
72	72	72	975	72
213	213	591	213	591
213	768	534	768	768
416	860	817	416	817
295	295	295	120	295
695	599	695	455	599
74	74	82	74	618
287	287	287	287	47
24	297	24	24	24
693	693	693	693	66
580	447	641	639	671
684	943	86	299	871
249	530	530	530	249
168	796	203	203	796
26	26	888	351	888
766	443	725	478	480
278	634	637	492	37
457	457	457	503	457
744	744	744	285	285
947	947	30	947	947
83	887	887	887	83
561	574	42	42	42
273	930	892	431	263
615	615	605	615	615
912	222	912	108	222
579	692	692	579	579
607	607	709	709	607
639	59	59	59	639
473	803	68	473	68
65	404	65	404	65
383	581	710	183	715
712	650	132	712	132
935	310	935	935	310
639	776	639	639	776
814	290	210	38	306
840	840	279	279	384
806	640	640	806	640
312	312	312	487	312
507	507	507	507	507
521	930	521	930	930
187	890	187	470	470
274	461	274	461	445
246	594	791	727	973
780	780	780	780	499
718	718	992	718	718
129	129	568	568	438
216	67	216	216	67
602	980	924	980	924
235	711	656	27	528
599	662	516	500	740
105	105	375	105	105
524	524	524	524	735
733	340	575	59	884
161	161	161	172	921
58	708	25	933	989
263	489	489	263	489
709	650	650	650	650
308	382	672	190	818
99	99	550	99	99
545	630	545	422	422
224	238	142	572	336
691	691	691	393	691
431	757	431	757	757
509	509	509	509	509
390	2	2	981	2
871	200	353	365	193
838	658	51	165	241
161	432	69	149	62
394	125	240	14	435
815	815	616	475	475
70	70	366	607	607
76	404	213	449	207
237	770	770	770	770
596	538	538	538	699
424	822	822	424	961
253	253	72	72	72
543	483	483	543	55
688	364	345	76	391
497	497	544	544	497
746	355	746	746	355
963	349	416	750	333
855	855	964	855	588
767	475	9	475	767
635	635	11	635	635
812	92	812	812	92
598	684	598	598	598
643	126	804	289	535
627	986	627	986	627
256	607	129	624	473
538	325	732	325	732
682	682	682	682	383
933	933	260	933	933
975	472	472	472	975
895	895	915	915	895
805	224	224	805	224
951	209	951	209	209
311	311	311	838	311
52	211	792	261	417
918	689	689	918	689
768	914	869	394	173
749	498	498	498	749
852	249	288	864	715
29	29	29	754	29
56	686	686	686	56
292	274	292	292	274
376	993	376	211	211
619	40	40	619	619
154	442	154	154	442
97	636	636	97	97
70	70	70	346	346
304	304	304	747	747
937	518	601	357	57
327	887	327	887	327
849	849	935	935	271
892	892	892	857	892
168	29	170	278	910
566	425	712	502	496
756	380	756	380	380
847	731	847	731	731
25	496	496	496	25
751	317	317	751	751
864	761	844	761	864
21	792	114	21	792
78	78	78	78	78
149	374	374	149	149
959	348	999	47	510
562	562	562	562	562
235	367	235	367	367
382	506	336	808	236
160	160	220	220	365
615	999	615	999	615
953	748	259	748	259
663	544	544	663	663
943	889	226	684	774
133	502	133	133	502
414	908	414	564	908
191	360	191	191	142
470	470	808	470	808
328	328	147	328	147
640	640	640	61	640
837	96	837	837	96
611	932	932	932	932
860	832	943	42	671
308	213	519	519	519
704	197	827	197	197
841	154	154	841	841
768	768	768	523	686
941	941	941	613	613
306	209	209	209	581
115	774	510	505	298
23	422	82	422	422
778	315	315	315	315
615	615	330	615	330
544	466	466	466	424
571	571	175	571	571
348	949	949	949	949
56	56	276	276	56
800	800	152	800	152
482	482	482	482	970
301	301	623	623	623
1	398	398	1	398
546	71	877	348	993
173	152	173	152	173
322	237	545	589	559
993	993	993	265	993
33	380	380	380	380
368	183	58	94	930
91	91	91	132	132
901	901	130	130	901
38	37	17	918	817
808	590	808	808	808
864	828	864	828	828
830	830	283	830	283
100	187	100	924	100
941	158	627	125	910
949	949	354	354	354
185	861	185	185	185
561	138	966	561	966
407	453	51	93	4
573	72	307	573	307
730	360	360	730	730
50	50	470	470	516
810	810	851	9	810
261	89	857	736	856
531	536	531	536	536
32	407	32	32	32
350	350	423	423	350
705	51	707	301	138
374	450	374	450	450
717	664	664	717	717
555	120	555	555	120
954	954	385	954	954
322	322	57	57	57
30	541	217	929	888
874	409	409	409	874
461	88	158	88	158
408	90	408	408	408
167	167	167	167	167
139	843	985	47	471
555	441	441	441	555
843	843	843	843	843
608	859	594	793	477
152	750	152	335	750
795	444	795	444	795
90	126	126	90	126
733	733	382	556	733
372	369	369	372	369
113	867	324	324	867
65	383	65	383	65
381	939	735	110	556
85	85	85	85	576
688	657	954	657	688
835	184	835	835	835
469	469	987	987	78
832	902	902	902	408
820	573	820	13	820
620	111	73	786	603
335	335	335	949	335
749	749	483	953	749
729	729	729	501	211
247	471	471	247	247
581	581	419	419	419
412	799	975	3	24
401	203	401	401	998
32	203	185	988	432
44	248	617	302	24
234	234	438	234	438
396	396	712	712	396
503	786	503	503	786
797	942	797	392	797
729	729	739	729	932
468	687	240	240	687
573	573	942	942	942
275	601	601	275	601
22	207	717	697	777
741	741	669	669	462
722	50	50	722	722
447	447	447	447	769
142	910	319	910	910
203	930	930	203	203
926	2	2	926	926
955	955	955	955	84
272	802	818	455	572
378	899	378	899	378
325	844	325	264	325
592	742	742	742	742
550	537	945	907	491
367	367	367	775	324
773	748	334	114	151
376	376	376	533	501
577	577	577	617	617
514	514	434	514	514
893	893	974	893	974
898	523	523	221	221
172	172	991	991	991
822	822	822	719	822
740	931	740	931	740
744	951	754	744	754
68	140	140	68	140
740	740	614	740	614
59	59	59	59	390
318	68	205	468	425
309	41	309	813	41
163	103	30	419	31
961	661	961	661	661
845	845	938	262	262
875	875	875	875	875
681	791	681	681	681
957	347	957	528	347
139	307	307	139	139
482	763	482	482	763
278	278	970	278	278
643	640	26	238	437
946	695	807	467	218
965	965	965	965	965
369	369	783	783	783
485	485	329	485	329
541	451	511	357	590
2	2	729	729	729
918	918	918	533	533
251	251	793	793	251
264	889	889	264	264
129	623	623	623	623
311	234	969	900	575
707	552	707	707	552
919	310	354	354	310
921	29	921	29	921
577	397	577	577	397
216	376	725	53	652
907	737	737	519	907
539	90	13	743	644
750	719	265	750	265
626	626	873	873	873
492	503	492	503	224
601	865	865	865	690
540	731	743	318	891
52	559	529	353	1
129	615	129	615	129
902	327	53	902	327
683	683	189	683	189
717	717	717	717	663
524	524	647	647	647
414	414	414	360	414
861	658	658	658	861
398	628	628	398	398
584	620	59	389	520
569	666	569	666	666
52	52	498	498	498
672	909	204	204	204
974	974	701	701	974
401	500	346	677	75
398	28	389	389	28
891	168	891	936	891
334	27	334	334	263
429	444	429	444	444
99	920	944	468	990
746	182	182	182	182
367	829	367	367	367
680	680	680	680	627
86	149	644	644	149
781	781	781	913	913
719	6	245	251	169
120	840	840	840	120
713	713	503	503	299
566	135	951	907	892
789	764	789	764	789
153	326	153	153	856
480	480	500	500	480
126	794	862	794	862
30	446	30	30	30
116	682	116	682	682
155	575	786	93	519
708	708	708	708	728
682	841	718	755	139
672	312	408	584	919
277	357	706	935	729
125	519	125	519	519
8	8	624	8	8
623	623	839	839	839
452	113	643	790	715
508	508	508	508	508
736	198	198	44	736
10	279	494	204	806
696	696	696	561	561
102	102	102	514	288
167	801	578	801	167
897	897	757	757	757
991	184	530	412	786
135	360	360	360	135
400	816	573	45	391
708	708	728	637	728
851	851	851	851	851
518	815	614	441	414
992	279	992	992	992
763	992	423	645	539
588	588	591	591	591
456	713	527	686	157
413	571	413	571	571
808	808	950	808	950
686	686	686	686	712
962	317	146	690	628
791	791	530	509	530
478	825	825	523	478
799	225	799	799	240
616	619	619	616	619
384	375	375	384	375
712	629	629	263	712
465	939	311	545	514
286	308	159	351	741
560	478	560	478	478
168	590	168	168	168
691	691	691	476	691
89	892	89	89	89
755	483	744	928	664
835	102	721	102	721
707	315	623	385	293
681	603	681	981	603
648	648	763	763	207
661	661	38	38	38
725	56	725	56	733
222	679	679	679	599
339	665	785	339	785
981	975	727	740	156
849	83	83	83	849
826	826	826	210	210
91	91	91	91	974
751	390	390	556	751
140	39	39	140	140
461	105	366	892	969
567	567	831	831	567
448	51	448	448	448
272	119	119	272	272
200	636	636	636	200
515	742	473	122	56
447	284	284	284	284
387	575	533	387	575
223	223	223	223	294
738	473	473	473	473
873	873	873	873	457
431	700	40	825	186
354	354	354	847	519
78	972	972	78	799
430	287	178	100	37
506	506	506	506	506
630	382	322	322	322
833	833	833	833	930
739	601	713	739	601
264	623	264	264	393
553	553	553	553	37
805	805	805	890	890
266	266	66	66	266
230	84	230	230	230
321	321	407	321	676
193	193	741	741	193
472	553	84	84	472
819	137	302	171	572
107	194	715	928	561
499	499	499	516	516
350	350	719	350	350
670	670	454	670	670
750	750	750	270	732
948	292	752	219	528
606	704	154	716	133
791	118	118	791	118
122	306	122	122	122
178	122	122	178	178
110	744	744	744	522
694	399	399	399	694
801	953	801	953	953
269	269	259	259	259
470	395	395	395	470
601	532	532	532	601
305	333	867	913	651
602	602	602	864	602
155	887	350	887	887
169	540	685	685	685
672	672	223	672	223
72	200	23	501	143
314	940	940	772	772
882	882	882	234	234
773	726	594	545	360
125	125	695	695	695
521	169	521	169	169
946	483	946	483	483
187	721	187	187	187
163	163	163	163	92
101	702	702	101	702
937	764	937	764	221
806	419	481	974	407
933	458	933	933	458
766	500	274	74	928
183	173	496	441	239
717	769	769	769	717
477	477	351	477	351
676	928	460	815	392
575	339	343	942	379
721	721	721	721	30
503	614	737	737	614
143	143	143	353	143
629	620	620	620	629
203	203	647	203	203
227	796	796	227	227
553	950	950	553	950
42	120	286	792	22
165	588	588	588	588
583	849	849	849	849
81	557	557	81	557
452	794	452	794	853
906	906	874	874	874
276	231	786	541	804
105	105	615	740	740
136	136	733	733	136
37	37	37	37	648
900	639	900	937	639
240	240	762	240	762
13	736	736	736	13
611	7	938	931	764
915	915	915	915	395
466	466	466	466	626
503	327	327	503	503
225	138	138	225	471
189	12	189	189	189
713	713	713	851	851
361	689	608	595	566
559	977	559	977	977
108	108	655	655	655
889	213	756	938	884
241	241	241	241	241
152	212	210	850	877
523	523	752	412	523
342	386	417	105	117
91	91	91	91	91
386	386	329	329	329
138	284	348	649	155
435	393	393	393	435
783	251	783	783	783
107	6	6	107	107
773	361	361	361	773
292	292	274	974	274
975	975	229	229	975
507	13	13	507	13
435	756	231	435	231
667	667	667	667	667
371	760	866	154	12
634	329	52	329	329
71	650	230	77	497
54	602	54	602	602
402	584	195	584	402
641	641	871	871	871
496	496	496	153	153
658	571	915	571	658
447	146	461	461	447
502	5	5	502	5
841	842	842	352	352
505	505	505	33	33
609	120	120	355	609
258	405	704	441	954
539	137	78	666	353
939	939	242	905	939
819	724	188	724	724
947	458	947	458	947
612	50	612	612	50
673	217	673	217	673
41	940	684	401	963
181	181	181	181	181
586	129	586	586	586
847	847	847	873	559
506	936	265	265	506
776	808	617	808	617
244	648	239	488	202
988	320	320	320	988
955	995	645	635	722
910	29	29	29	910
839	695	839	579	695
323	323	145	323	323
613	223	112	635	275
211	987	701	343	484
864	370	370	864	864
476	476	351	108	476
762	426	436	762	762
794	772	743	339	183
852	721	721	721	852
211	211	211	904	904
351	351	351	351	351
871	127	127	127	871
892	737	471	737	737
108	108	518	108	518
294	572	232	572	294
654	927	654	654	927
55	887	55	887	583
108	108	150	108	108
683	991	991	160	160
785	550	21	21	785
58	58	64	58	58
564	308	308	308	308
586	586	120	586	586
517	517	992	517	517
446	48	48	446	48
849	315	849	315	849
429	820	429	820	820
988	894	894	894	894
768	768	263	219	768
436	423	436	436	436
899	758	758	758	899
933	734	734	734	933
918	840	918	918	13
559	653	559	559	505
439	499	359	499	439
288	288	288	20	20
403	134	122	792	195
136	136	20	64	136
505	23	412	703	685
926	926	21	21	445
394	25	394	25	25
431	181	129	461	99
44	853	44	853	44
857	32	32	857	857
746	746	692	746	746
471	895	471	895	331
555	139	139	139	555
687	53	260	21	213
431	885	431	885	885
607	607	911	911	607
398	953	559	953	953
668	325	587	700	792
601	601	354	354	354
776	368	321	723	211
580	580	621	621	580
427	253	879	632	385
292	292	321	321	292
934	893	893	934	934
920	757	95	726	839
478	478	511	37	37
73	733	389	73	389
140	140	140	840	840
861	146	146	146	861
528	308	528	528	528
275	485	275	275	275
708	708	625	708	625
118	118	782	782	782
418	629	163	68	981
123	864	864	123	864
596	222	222	596	227
389	389	389	101	101
967	560	384	515	703
528	526	528	528	978
367	367	367	964	367
441	441	441	441	312
962	627	667	962	962
104	104	438	104	104
296	271	271	296	296
203	394	394	394	394
712	115	115	712	712
227	39	39	39	39
556	233	819	486	188
195	195	195	263	420
223	378	400	767	563
442	442	442	853	442
317	317	236	317	246
237	237	391	74	237
593	716	716	716	716
597	980	597	869	980
554	554	393	554	554
553	553	553	553	553
151	535	105	300	609
274	451	482	875	193
847	111	847	111	111
352	75	303	258	483
288	44	646	254	978
121	45	172	45	121
853	583	853	583	853
944	847	222	689	81
148	148	737	148	148
482	810	437	437	482
555	555	555	555	624
503	720	106	524	9
408	424	925	408	424
885	360	462	977	554
694	723	543	945	540
177	618	481	481	177
501	67	67	67	323
18	170	145	486	100
503	945	761	761	761
592	592	436	436	120
561	561	561	650	650
614	716	666	666	614
137	137	137	137	137
996	940	940	940	940
291	839	419	874	798
154	511	731	581	779
201	201	488	488	201
56	560	56	56	56
295	746	746	746	295
902	902	855	902	902
198	198	455	455	455
242	547	547	242	547
393	384	384	384	393
626	598	598	626	626
782	474	459	354	174
644	530	644	644	644
702	508	702	702	508
795	677	202	202	795
181	181	713	713	48
360	653	466	653	653
505	505	556	556	505
816	95	816	95	391
736	684	909	684	909
73	3	205	486	705
862	862	862	423	355
461	461	692	461	461
758	166	758	758	758
974	622	974	974	622
191	191	774	191	191
834	177	834	177	834
773	375	673	673	773
662	109	109	109	662
384	368	100	100	100
581	752	752	970	970
459	459	459	459	459
109	911	911	967	911
818	754	754	754	754
7	94	7	94	7
484	484	564	529	529
359	41	41	41	500
502	365	502	502	709
529	476	112	112	112
105	455	646	325	24
255	209	209	209	209
303	882	303	882	491
859	859	859	179	179
782	782	896	4	782
397	397	397	397	397
136	136	736	428	136
128	210	535	440	794
426	426	426	426	638
719	518	518	719	719
901	901	387	337	901
687	533	61	533	533
301	84	301	84	301
357	978	882	185	18
617	529	117	529	617
761	997	358	761	997
799	799	275	968	799
18	18	372	372	18
807	807	807	844	807
424	424	604	604	604
520	158	511	668	962
972	256	699	33	85
829	731	731	829	731
969	831	969	969	969
167	167	242	167	167
558	989	814	754	885
68	68	68	118	68
723	723	101	101	39
46	682	682	682	46
534	534	45	45	534
722	945	945	722	992
725	24	429	352	464
822	779	779	822	822
356	356	356	524	356
145	145	145	533	145
241	667	241	839	667
576	576	575	575	576
146	146	292	146	292
204	686	308	124	986
710	849	321	211	37
747	443	76	936	995
790	790	790	790	726
376	653	376	653	502
282	282	483	282	282
262	908	489	461	775
285	869	316	303	425
66	349	349	349	349
846	516	218	47	913
830	830	830	830	830
146	840	479	456	29
291	620	291	49	620
150	291	291	291	131
794	999	794	794	794
798	238	238	238	238
268	242	770	63	848
520	520	520	541	541
661	565	921	921	565
116	116	335	116	116
568	568	584	584	584
648	534	534	453	534
813	813	998	974	974
618	618	397	618	397
772	772	316	316	772
174	69	174	174	69
231	231	231	519	231
511	625	511	511	984
858	858	54	54	54
680	231	677	680	231
321	610	487	484	880
189	527	189	189	189
364	818	965	364	818
209	639	451	639	451
165	141	141	351	141
735	33	33	562	562
426	508	508	508	426
276	276	168	276	177
252	842	842	252	252
571	130	211	498	752
265	434	691	251	398
76	76	265	76	76
292	292	292	292	356
727	181	727	181	181
536	536	253	156	253
505	479	505	479	479
807	764	314	514	575
333	667	761	676	728
610	610	610	303	610
927	486	486	701	701
33	524	513	573	685
665	503	503	665	503
786	786	671	671	671
345	46	345	345	345
120	362	120	362	362
40	774	974	817	159
61	61	327	61	327
858	466	592	592	592
335	23	335	481	23
771	771	621	771	771
979	486	979	979	979
740	235	453	344	802
874	199	874	874	199
816	816	816	816	816
694	323	323	694	694
697	697	56	697	56
615	680	259	259	259
193	193	193	772	228
725	725	725	725	725
593	593	593	487	593
257	350	603	788	71
295	295	295	318	295
273	447	447	447	273
726	726	726	726	726
347	347	347	867	867
708	728	728	196	196
607	764	764	764	607
216	216	216	385	216
557	171	557	171	171
800	804	221	740	117
723	723	86	86	86
782	280	369	394	380
401	647	401	401	401
64	64	103	64	103
498	840	409	719	977
267	267	267	267	215
515	515	380	515	515
544	544	267	267	110
290	692	290	290	445
595	595	410	410	410
236	236	587	236	236
384	23	384	23	384
319	560	470	159	836
511	511	680	511	511
653	502	502	502	502
662	362	362	662	662
148	929	89	366	773
618	431	431	283	431
283	283	225	283	225
627	627	627	627	720
66	12	762	184	272
933	608	608	608	933
202	841	202	202	841
610	939	939	610	981
317	731	317	731	317
923	923	544	544	923
132	312	132	132	132
443	112	443	112	443
311	994	994	994	311
540	687	842	326	466
531	124	633	633	633
581	968	968	581	968
738	39	738	39	39
602	602	602	602	602
923	187	187	923	187
22	22	342	717	342
891	957	957	957	957
43	247	158	43	43
590	141	590	590	141
583	111	111	583	111
793	793	72	793	72
185	700	234	175	992
110	110	98	98	98
535	680	795	855	952
721	970	970	970	970
106	106	106	441	441
583	683	563	683	583
191	784	263	413	998
270	731	270	270	270
212	405	212	212	405
522	422	975	281	913
985	985	731	731	731
753	851	380	174	565
302	248	555	221	522
44	234	44	44	234
132	945	230	554	534
662	579	685	685	579
55	374	118	697	622
61	573	925	440	803
428	428	428	428	619
973	973	973	156	85
208	208	208	513	315
275	275	758	758	758
761	390	648	210	396
391	802	453	802	802
450	498	498	621	621
817	817	817	817	40
34	352	352	34	352
21	572	21	21	873
561	561	561	674	561
692	358	358	603	603
640	699	699	699	699
121	238	305	305	305
280	301	301	301	280
857	857	956	857	956
900	900	332	900	332
640	936	936	640	936
780	832	714	581	619
17	783	876	84	724
378	250	378	250	250
432	177	177	432	432
137	849	467	629	418
353	825	969	471	979
105	359	105	974	974
238	803	255	42	592
593	689	759	960	174
690	993	627	627	993
672	288	965	976	472
476	476	476	476	476
242	494	242	494	242
680	305	680	680	305
597	74	74	74	597
764	764	764	764	764
564	409	409	564	564
841	841	841	686	686
232	644	232	16	16
814	800	800	800	800
3	506	3	804	804
857	763	621	763	763
556	326	326	326	321
675	683	683	675	683
829	887	887	887	655
535	535	386	535	386
192	688	599	266	669
367	294	951	876	436
660	182	660	182	279
854	746	710	746	710
875	875	875	875	997
698	219	219	219	219
751	75	751	751	751
782	329	580	329	782
413	24	24	24	413
209	209	772	772	772
112	956	150	904	553
436	590	590	590	590
728	970	728	970	970
82	303	82	82	186
56	56	56	153	56
504	617	617	617	830
676	356	183	485	420
938	938	938	938	259
1000	1000	1000	783	783
630	528	255	241	373
139	342	342	139	342
979	994	979	979	979
997	402	709	832	730
262	321	836	930	335
713	82	486	871	581
85	618	618	618	85
486	353	486	669	669
203	203	203	203	203
983	983	983	983	983
353	570	353	55	570
390	390	777	57	390
853	853	425	853	425
240	922	922	922	240
627	758	627	627	758
794	712	220	746	122
441	227	489	947	716
296	641	296	296	296
527	527	527	527	928
508	508	508	515	508
457	268	268	268	268
311	269	269	311	269
314	347	621	131	741
318	883	883	883	318
837	837	837	858	837
113	812	253	957	702
96	968	813	316	805
835	835	835	835	835
630	949	630	630	949
579	310	100	245	52
411	411	912	21	411
503	503	66	66	66
11	183	237	183	183
548	66	735	548	66
982	647	71	71	647
593	480	803	535	759
873	873	873	873	873
209	781	740	953	601
191	799	257	191	191
946	645	645	946	645
404	67	404	67	532
462	462	207	207	207
536	953	587	536	587
355	355	355	355	355
464	464	464	1	1
872	113	872	113	113
461	461	661	461	661
572	283	919	925	34
114	114	114	114	234
635	635	635	647	635
856	257	442	948	732
268	608	722	128	116
374	374	250	374	250
871	871	55	55	55
392	968	806	944	666
762	806	407	822	949
955	955	955	955	955
87	87	568	568	87
312	938	969	754	162
897	185	897	505	185
345	224	585	975	712
78	662	78	716	78
283	283	858	283	874
250	250	539	250	539
299	948	948	299	948
807	633	633	633	807
927	449	452	734	231
228	228	228	949	949
421	243	7	142	751
832	436	414	746	377
83	852	83	83	83
135	945	135	945	945
714	714	714	714	714
900	371	68	371	900
213	213	213	785	213
434	434	434	434	434
549	549	549	549	549
581	452	452	581	581
11	369	766	575	726
789	102	329	145	510
320	333	72	47	215
396	667	861	862	361
264	963	963	264	963
209	682	940	571	85
383	78	383	383	383
55	24	155	513	795
977	439	412	360	143
427	639	721	616	247
17	316	861	861	17
875	60	733	476	896
610	252	23	610	23
692	692	525	692	525
489	715	394	282	722
617	12	617	390	617
83	374	42	811	507
728	728	728	728	950
827	827	198	198	198
971	439	439	439	439
430	94	332	498	30
566	566	94	566	884
999	733	76	286	488
140	140	213	776	213
206	356	350	356	206
837	837	86	837	86
625	919	919	634	634
241	429	241	241	17
666	917	919	917	917
50	836	836	836	50
145	145	145	145	134
948	948	599	948	948
520	37	37	37	520
698	6	6	6	6
987	987	734	987	987
809	92	809	368	368
542	946	928	772	716
883	987	987	987	883
956	956	956	88	88
257	257	257	257	257
912	912	440	440	440
82	313	797	797	82
373	265	265	265	373
199	433	433	851	199
181	557	557	647	647
251	875	251	251	251
11	11	11	11	11
207	207	460	875	207
322	167	322	322	167
448	493	493	448	493
602	602	602	38	602
805	805	805	805	843
613	613	410	613	410
510	567	567	567	510
38	231	85	231	38
45	880	819	721	973
279	604	604	279	604
119	568	119	870	568
474	987	661	894	251
884	110	110	188	188
837	837	837	837	816
520	520	537	537	520
390	848	848	390	390
479	479	479	745	479
532	709	53	483	912
483	186	166	483	483
595	595	309	595	485
297	297	198	297	297
871	871	964	327	871
93	93	556	93	556
778	927	361	361	927
691	691	858	993	858
307	734	779	307	779
343	49	343	977	49
271	309	271	271	309
514	514	846	514	514
996	719	719	719	943
820	820	292	820	292
936	911	70	177	752
402	309	969	874	596
539	356	660	356	539
442	597	597	597	442
176	828	176	176	828
87	958	87	87	87
338	537	67	701	199
846	440	440	440	846
537	288	194	537	194
881	881	256	93	256
637	358	358	358	637
875	655	875	875	655
885	885	631	885	96
464	881	104	9	716
734	266	536	486	94
867	286	439	446	996
424	424	424	424	566
371	155	371	155	95
754	618	754	754	754
13	208	208	208	770
481	64	64	583	481
21	21	575	180	180
299	32	299	299	299
895	404	457	803	508
310	794	310	310	975
799	905	905	799	905
757	738	861	757	738
47	47	596	596	47
642	474	956	746	843
871	113	871	871	113
331	655	84	819	569
699	314	37	314	699
294	854	748	978	876
203	97	172	772	177
523	870	88	88	88
245	482	482	245	245
339	355	355	777	355
832	832	832	930	930
685	946	946	946	946
881	126	245	21	650
981	981	330	260	981
124	840	301	301	840
682	450	682	450	794
993	993	993	747	747
388	288	388	288	288
433	582	582	582	582
821	446	907	668	241
506	506	506	191	191
906	207	711	401	200
366	943	366	366	366
348	943	348	943	348
894	992	992	992	894
754	837	754	754	754
538	317	575	205	954
514	959	959	514	959
194	432	194	284	432
605	648	605	948	605
798	678	235	83	494
964	130	130	964	964
218	218	336	218	336
464	464	464	175	464
994	292	329	292	292
226	226	226	722	226
459	403	403	459	403
781	999	393	131	820
568	304	568	48	304
623	52	321	232	387
932	602	599	997	26
236	141	380	745	157
571	571	571	808	808
537	537	336	336	336
673	673	947	947	947
653	711	447	264	679
732	227	206	227	227
983	983	461	983	843
257	257	257	920	920
990	580	990	990	990
755	755	755	755	755
683	682	683	683	682
806	130	399	513	5
649	223	283	160	503
180	142	481	713	3
263	263	263	255	255
890	994	793	994	890
56	56	56	91	91
517	813	386	564	821
370	383	370	209	383
865	315	865	865	865
65	249	65	249	249
889	889	889	889	889
673	653	143	722	939
48	775	956	956	48
269	850	112	269	112
222	669	669	222	222
460	460	944	460	460
337	466	337	337	337
890	979	890	979	890
364	787	787	364	364
457	669	553	457	553
889	497	428	428	889
944	609	609	609	944
194	194	194	65	65
319	780	131	319	131
632	632	772	772	772
27	27	580	580	27
256	256	256	256	256
495	624	495	624	624
330	693	730	693	330
973	574	736	792	924
540	540	540	80	80
830	830	771	771	771
231	869	832	780	917
504	743	743	961	961
780	676	772	542	507
290	739	290	290	290
487	487	404	404	487
850	24	24	785	850
99	419	99	419	419
439	439	439	934	934
796	147	796	147	229
739	507	739	739	507
653	839	390	839	390
594	35	82	82	594
94	475	94	94	94
179	179	179	704	704
317	317	649	649	948
847	594	847	847	594
34	482	34	926	482
331	331	331	149	149
68	620	620	68	620
793	5	793	5	793
304	368	336	822	809
486	486	486	453	486
477	555	65	555	555
106	785	404	582	909
302	947	947	302	517
38	38	38	830	38
552	681	552	356	681
725	725	725	837	725
351	896	637	351	351
889	607	547	761	64
190	853	190	853	190
407	253	407	627	627
938	682	52	682	938
644	644	644	944	644
146	956	32	496	707
488	506	506	506	488
959	959	694	959	959
377	33	377	33	377
119	119	31	119	31
504	664	504	664	504
279	420	163	704	418
805	783	740	633	326
934	76	934	76	934
853	101	101	101	101
235	77	697	876	357
136	136	695	136	695
562	629	629	629	629
581	385	309	690	489
530	459	459	459	530
561	874	874	561	874
793	793	279	279	793
451	451	451	392	451
237	262	262	237	262
722	582	722	582	722
38	702	562	896	893
634	886	634	634	886
164	605	605	164	164
358	358	358	358	358
135	42	135	42	135
681	274	274	681	274
893	265	343	981	356
611	837	837	611	611
648	648	448	648	648
526	526	526	526	677
750	538	750	538	588
468	982	399	76	365
752	80	752	80	724
449	67	235	864	761
527	527	527	182	527
765	113	556	113	765
134	134	830	830	830
145	145	145	864	145
99	896	554	176	323
581	878	60	309	728
664	100	219	200	993
774	774	774	290	774
567	567	52	567	52
92	266	266	92	92
823	808	632	196	924
910	296	910	38	38
10	10	10	722	10
900	900	789	684	684
616	960	616	616	616
946	868	583	465	983
982	837	837	982	837
983	94	94	983	94
281	582	831	582	831
243	112	112	112	112
486	918	486	172	172
584	152	152	584	152
773	446	939	856	513
194	194	392	194	392
345	343	345	345	343
763	120	529	70	797
710	290	703	313	308
188	704	450	450	188
720	502	155	871	119
769	769	378	378	769
879	879	276	879	276
551	808	438	551	551
681	889	600	681	600
418	418	435	435	435
284	284	284	284	284
557	598	557	945	598
643	129	643	129	66
714	714	634	714	714
448	22	22	22	22
87	496	496	464	87
874	422	900	848	568
352	762	762	352	762
981	507	889	914	227
453	780	129	593	539
169	756	756	169	756
643	643	38	38	643
447	447	664	664	445
83	99	99	83	99
544	544	316	681	681
585	585	191	585	585
118	737	737	118	814
749	244	244	244	916
713	713	713	713	713
83	83	515	515	83
920	526	920	920	526
806	363	363	806	806
885	308	31	78	405
565	51	171	864	329
32	899	899	32	899
290	838	290	838	290
263	777	777	263	263
432	244	168	945	449
264	264	264	901	901
368	582	582	582	582
795	446	856	795	795
464	40	464	464	886
371	371	371	371	371
313	223	589	600	640
373	880	373	880	880
560	560	560	346	346
802	560	560	560	802
306	306	428	428	428
789	567	787	362	318
210	306	306	306	210
36	36	580	580	620
677	677	677	147	802
397	397	954	954	729
936	47	47	936	936
325	325	325	602	602
802	109	109	109	109
845	508	508	845	508
488	488	488	488	5
836	121	121	121	121
832	832	832	832	832
957	957	698	957	956
567	565	637	139	643
265	265	197	265	197
317	317	501	317	501
92	92	92	794	92
926	899	385	899	926
881	924	336	943	240
458	245	245	458	245
668	668	668	668	668
928	487	487	487	487
84	486	486	486	486
156	573	21	156	21
827	633	633	827	633
12	12	718	718	12
12	476	476	12	476
340	536	160	536	340
633	753	114	343	305
141	720	720	720	720
207	328	328	207	328
225	282	142	336	80
385	119	119	238	238
712	696	696	696	696
372	122	372	372	122
764	764	764	764	816
196	54	54	277	277
723	723	802	723	425
247	247	303	303	247
287	930	287	930	930
939	939	939	939	939
166	22	758	758	758
666	174	174	666	174
242	242	310	242	194
552	12	318	369	328
145	130	145	145	130
277	277	277	909	909
862	271	862	271	271
967	535	631	913	527
347	329	329	25	25
60	60	60	298	298
973	785	740	82	78
380	380	248	380	248
531	531	480	480	480
925	925	925	950	925
412	412	412	651	412
84	84	849	84	84
100	849	614	824	746
937	80	976	976	937
358	89	358	89	358
43	789	50	789	789
624	200	739	50	979
496	399	496	496	399
783	235	565	400	415
342	342	351	342	351
341	749	341	341	341
815	77	904	536	240
603	56	603	603	56
508	812	812	508	32
299	299	478	299	299
516	974	764	283	468
185	777	789	401	540
333	738	424	424	333
737	737	737	386	737
429	564	835	244	604
943	893	898	868	883
938	938	562	562	562
146	183	183	183	146
5	849	214	302	32
344	806	576	692	102
98	838	838	98	98
135	765	64	791	938
983	324	515	348	109
819	862	862	862	819
918	231	918	918	918
704	704	429	704	704
947	947	947	786	786
37	363	232	232	232
559	236	236	240	559
514	428	514	909	428
820	820	827	827	827
243	95	95	243	243
58	854	854	184	854
787	850	850	850	787
409	409	409	67	409
437	53	53	437	53
322	455	196	317	768
599	599	599	960	599
875	875	939	875	875
875	244	875	875	339
984	356	356	356	356
365	967	81	530	266
221	389	749	647	297
484	882	484	882	882
80	244	244	244	805
630	256	256	630	630
933	933	414	414	414
592	592	807	713	807
177	618	310	282	471
678	551	551	551	551
145	145	145	145	145
847	367	847	423	423
45	647	647	45	45
102	989	12	389	361
108	108	358	108	358
727	727	727	727	745
591	494	779	393	620
369	369	48	48	48
810	810	330	330	330
723	880	723	723	880
630	471	792	471	792
68	609	609	68	68
277	277	996	277	260
149	564	149	181	181
408	591	494	591	591
829	829	641	829	829
883	617	617	617	617
130	130	247	130	247
183	233	233	183	843
237	237	896	237	237
367	879	879	120	879
711	214	214	711	711
434	434	113	434	113
917	573	917	573	917
368	277	277	277	561
64	407	407	64	64
96	96	741	741	741
209	209	209	877	877
137	408	979	979	979
396	438	438	438	438
790	41	631	284	675
217	217	141	141	141
866	157	157	866	157
561	714	363	397	573
570	570	570	570	690
204	204	204	400	204
425	425	640	640	640
69	69	69	69	410
749	871	749	823	871
599	672	701	773	510
121	433	21	667	662
829	138	829	829	829
763	273	273	763	763
237	402	402	64	237
636	636	636	636	711
938	763	763	827	763
208	208	713	208	713
492	373	373	492	373
889	629	629	629	629
491	997	491	491	995
430	430	430	625	430
199	900	900	199	199
485	979	374	871	159
87	664	628	371	792
691	211	211	211	691
51	51	560	51	51
938	338	338	663	663
829	232	18	829	232
147	845	845	845	147
424	751	424	751	751
421	465	428	421	421
543	893	926	373	531
319	319	985	319	985
102	102	540	540	540
79	79	79	102	79
565	540	540	540	540
66	635	502	502	502
255	202	255	813	202
580	834	834	834	834
167	280	167	167	280
460	410	460	410	962
138	321	125	138	321
112	720	112	720	720
950	596	756	45	450
364	364	364	364	567
467	114	467	467	114
679	679	123	123	123
608	130	486	660	559
3	101	3	3	3
634	640	640	640	634
702	702	702	702	702
442	180	558	820	677
573	84	617	150	770
617	143	451	432	943
912	912	294	294	912
918	442	442	442	918
808	31	808	808	808
525	892	892	525	525
565	573	299	510	870
41	586	586	586	41
470	354	354	470	354
487	487	487	820	487
715	443	122	443	715
991	991	868	868	868
427	427	427	427	321
172	790	172	790	790
768	768	469	768	700
679	679	903	903	679
7	949	7	7	7
29	792	592	792	592
792	335	746	271	761
145	92	92	92	145
205	953	221	953	205
398	398	396	625	625
961	961	974	76	974
531	532	621	567	707
8	887	887	8	887
512	512	607	893	607
454	366	366	454	366
349	349	37	349	349
516	837	704	353	348
9	3	9	3	3
790	790	523	790	523
438	394	438	438	438
543	756	543	543	543
376	945	945	945	376
998	672	998	998	998
7	964	7	964	7
895	193	895	193	193
219	219	640	219	640
299	330	330	330	330
548	6	127	6	548
718	714	321	97	40
947	585	120	470	452
84	700	700	700	84
176	124	885	126	514
369	35	80	562	42
282	308	308	782	782
634	643	897	904	233
626	971	712	712	712
889	889	503	503	889
996	996	996	996	996
14	14	324	14	324
600	507	668	350	342
723	723	723	723	115
831	69	69	831	69
446	334	334	972	972
569	569	569	15	15
101	948	101	101	948
516	636	516	516	972
312	655	655	312	661
14	938	14	938	938
661	934	934	661	12
401	401	401	401	401
436	409	516	457	131
930	625	625	625	625
883	557	585	623	801
533	601	533	601	533
442	6	6	442	442
174	174	490	490	174
446	466	969	201	447
954	684	954	684	954
810	810	810	416	810
504	97	308	542	581
568	152	531	531	568
756	756	756	756	348
979	698	979	698	698
351	46	46	351	664
938	262	708	564	67
432	783	295	647	447
801	801	801	75	801
192	159	159	192	758
193	626	193	781	193
45	119	45	119	119
807	807	230	230	807
43	57	304	967	393
531	346	346	346	346
267	779	675	38	950
207	207	761	761	761
863	821	821	821	942
665	665	389	389	389
193	60	873	873	873
468	982	614	468	614
793	822	736	800	336
479	174	174	479	174
395	332	332	395	395
767	286	714	263	683
96	157	178	653	521
76	326	76	2	2
650	268	268	650	268
703	792	703	703	703
995	206	995	449	206
420	522	522	522	420
300	937	300	643	643
712	712	712	712	712
539	539	882	539	539
184	139	139	184	139
56	387	56	56	387
755	497	464	539	18
782	150	150	782	782
510	510	510	510	637
364	37	371	559	856
206	227	209	509	416
335	126	206	756	807
78	768	768	78	768
205	481	62	471	240
599	312	280	280	599
664	317	317	664	612
42	919	42	919	42
411	407	192	528	728
976	363	976	363	363
745	791	332	37	693
818	440	818	818	440
670	775	775	775	145
575	665	787	787	575
878	530	878	878	878
151	151	151	600	600
225	225	225	225	225
157	264	264	157	264
513	707	513	513	179
585	500	585	585	500
991	991	757	757	991
169	493	212	169	493
32	32	32	632	632
867	867	611	867	867
63	371	245	4	759
466	84	224	948	486
677	726	726	726	677
894	894	285	894	285
339	921	921	921	921
730	678	241	270	468
836	179	310	459	547
239	239	468	373	373
83	173	2	173	83
41	41	623	623	41
641	132	797	968	22
910	752	637	182	899
960	325	325	960	818
542	981	126	747	535
649	649	649	649	164
251	955	251	251	251
500	795	795	795	500
922	116	922	922	922
612	527	527	612	612
713	713	713	713	224
539	539	784	539	784
259	259	259	259	532
939	458	458	458	458
10	277	10	304	277
22	22	22	22	87
822	104	982	728	400
561	884	561	884	373
864	864	864	174	864
587	587	709	587	709
916	916	638	916	916
277	927	460	244	280
232	232	155	155	232
683	683	799	799	799
976	554	976	554	554
666	619	129	666	619
515	515	784	273	273
908	908	908	908	908
298	935	298	298	51
93	93	93	941	941
742	751	751	742	742
487	678	678	678	678
274	318	274	274	318
472	470	472	470	171
408	8	989	684	848
753	615	615	620	615
378	378	303	303	150
841	373	75	918	286
11	26	794	130	372
670	15	670	15	15
655	858	438	105	753
399	447	182	182	447
314	64	64	656	656
692	167	911	78	105
197	851	197	851	851
382	382	214	382	214
45	374	45	45	45
62	240	404	644	248
767	690	690	767	767
110	257	257	257	110
206	206	206	206	691
881	877	877	736	877
247	366	750	750	750
546	423	81	546	81
185	185	185	185	306
913	791	791	791	913
579	526	60	60	579
507	88	507	507	88
58	562	58	58	562
447	660	963	953	918
403	854	854	403	403
612	612	612	612	612
194	708	708	194	708
556	123	556	123	556
830	526	297	896	258
199	913	715	959	5
741	741	603	603	603
842	238	202	704	485
975	975	456	456	456
799	365	469	215	152
655	655	655	655	655
644	311	749	126	648
523	69	69	704	69
454	977	454	454	454
497	497	739	739	497
818	828	155	937	112
13	13	13	319	13
189	985	985	189	985
939	939	90	90	868
607	772	36	36	607
243	243	243	447	882
532	532	532	693	532
210	894	315	894	210
381	381	381	27	27
695	695	650	650	695
273	273	126	126	433
890	890	890	156	156
366	366	366	676	366
149	149	149	253	942
287	957	957	287	287
139	20	139	963	20
382	382	250	382	382
626	626	95	95	626
957	957	127	127	127
289	254	756	296	760
163	163	738	163	163
211	211	211	211	93
530	530	530	211	211
853	853	853	895	853
399	954	773	748	958
456	912	459	116	272
256	256	959	959	256
666	133	671	133	666
63	626	344	185	418
784	784	784	784	784
912	234	912	912	912
753	753	787	787	753
392	392	646	630	392
430	730	730	458	458
603	49	603	931	931
659	659	741	659	766
754	841	841	754	841
18	18	18	342	342
402	402	402	818	818
135	62	62	135	62
427	339	339	427	339
214	568	568	214	117
305	383	383	305	383
271	917	518	917	917
591	69	591	69	591
604	132	604	604	132
392	884	884	884	884
740	890	389	740	740
864	664	861	439	749
38	138	138	138	138
584	800	410	786	450
142	310	142	310	142
759	766	759	766	759
344	32	32	32	344
126	126	126	126	126
364	364	536	364	364
137	275	137	137	205
567	65	65	65	163
824	499	431	449	268
651	651	612	651	612
103	333	138	683	90
800	800	800	800	800
837	837	837	446	446
373	373	9	373	373
804	958	958	958	958
803	900	900	803	900
132	343	109	413	936
764	764	764	764	764
837	837	837	434	837
616	684	684	684	684
838	476	838	838	476
356	150	266	266	150
161	818	161	161	781
211	926	85	523	5
559	286	286	605	286
862	346	768	763	578
539	951	539	539	539
174	389	174	174	174
975	912	593	617	635
23	429	429	327	327
801	862	499	9	61
413	413	161	161	413
624	52	624	329	624
930	930	810	286	810
966	389	966	966	389
191	191	191	908	191
930	22	930	59	930
120	120	693	120	120
831	935	831	831	935
138	138	700	138	700
833	163	429	295	725
618	153	153	618	153
321	321	321	321	231
994	890	453	657	31
826	826	723	826	826
270	270	617	617	747
700	333	178	384	473
928	814	814	814	814
105	105	105	596	105
437	899	228	411	991
814	400	512	400	400
628	573	628	628	628
226	64	228	226	228
192	703	28	139	929
523	967	311	727	732
777	43	602	369	743
578	578	418	578	418
408	514	514	514	514
36	36	870	36	36
253	181	410	184	21
206	122	792	122	792
383	383	383	973	973
90	334	334	334	334
534	915	534	534	534
23	396	23	23	23
337	337	204	204	337
175	175	847	927	175
89	936	89	936	999
153	611	229	206	719
913	591	67	444	775
736	736	736	548	736
553	584	584	553	553
354	770	354	665	770
896	882	882	882	882
687	345	345	687	687
402	534	831	578	166
970	970	970	970	970
883	666	127	127	127
524	442	524	442	442
299	993	560	921	629
606	363	606	128	363
881	881	881	49	304
405	405	405	405	405
816	5	849	5	849
300	164	164	164	300
603	603	603	435	603
879	879	879	879	56
859	859	859	978	978
513	513	513	125	125
219	629	629	219	629
591	873	873	591	873
600	406	761	761	406
354	426	354	354	426
732	732	732	167	167
563	487	563	563	563
930	930	643	930	643
472	787	342	342	787
156	174	156	156	174
538	538	275	538	275
410	410	374	410	374
936	36	641	939	88
910	910	606	606	106
415	665	843	722	675
363	512	512	512	512
551	889	88	642	695
923	247	540	837	43
735	615	615	46	735
352	352	352	352	352
340	421	149	513	41
425	538	977	748	699
299	55	260	368	301
727	727	727	666	666
591	644	172	618	533
968	968	348	219	968
274	459	827	459	459
143	221	112	926	241
624	624	624	624	624
18	18	296	296	178
862	704	862	862	704
442	442	642	538	538
317	24	317	317	24
986	705	405	557	251
819	705	819	819	819
559	788	788	788	788
2	2	116	2	116
980	748	748	748	748
237	914	914	914	914
179	674	444	558	250
490	325	569	822	524
421	224	580	580	580
225	225	462	225	190
847	815	847	847	847
646	965	646	646	965
503	617	617	617	503
272	175	272	272	272
406	727	350	87	71
640	640	329	752	329
110	465	110	465	110
530	185	530	530	185
776	123	776	123	123
346	346	489	662	489
426	225	426	426	225
175	175	175	529	175
282	342	342	282	282
339	651	400	400	651
485	961	961	485	355
623	229	40	43	667
687	294	983	893	874
890	95	722	889	812
586	79	79	943	943
114	324	324	479	479
980	980	729	729	485
309	694	694	309	309
305	305	305	305	305
731	125	787	868	412
832	738	461	461	832
412	990	748	276	736
453	774	774	774	453
34	199	34	288	199
978	256	256	256	256
510	785	785	499	499
62	734	418	734	734
457	305	588	588	457
851	851	839	851	851
88	88	88	190	190
947	947	193	411	193
811	379	632	811	632
933	942	139	942	942
683	683	50	387	683
937	632	789	789	789
396	871	396	871	871
823	179	846	558	62
40	40	353	40	353
235	913	913	913	21
416	786	416	786	614
312	29	312	312	312
593	35	35	35	35
236	293	293	293	293
468	468	167	167	468
512	338	338	512	512
313	313	160	677	677
86	86	931	931	86
278	278	518	278	518
125	151	125	862	125
896	772	500	188	488
242	242	242	815	815
775	802	802	802	802
188	884	884	701	701
177	177	177	177	177
981	152	152	981	981
985	985	985	747	985
170	829	531	657	380
455	801	801	455	772
543	741	741	741	741
572	752	752	752	752
207	207	333	207	333
415	80	415	415	415
347	976	112	112	347
465	581	137	672	320
878	878	878	878	878
564	779	845	779	779
898	349	443	898	443
217	680	248	953	571
934	303	22	89	640
181	652	912	912	652
413	140	140	140	140
294	478	395	9	462
282	282	838	117	838
207	889	859	22	204
901	189	370	752	650
211	915	211	211	211
285	959	123	134	495
73	73	971	317	317
420	990	541	880	919
591	491	591	591	591
947	966	947	947	966
808	290	450	979	648
228	446	228	228	228
742	742	742	655	742
967	719	496	971	735
506	207	506	207	207
495	604	840	174	983
557	296	599	525	883
798	798	757	798	798
819	819	819	60	819
753	753	56	753	753
540	683	683	540	683
830	416	416	821	830
121	529	121	121	529
772	772	248	772	248
553	34	34	34	553
198	255	587	975	994
996	514	976	976	514
499	811	443	757	249
407	896	407	407	407
532	493	120	500	22
426	426	688	688	426
590	590	590	590	718
163	163	163	393	393
212	212	98	45	98
597	597	597	710	528
534	1000	313	534	1000
327	285	285	285	285
690	929	1000	1000	1000
244	400	674	244	400
271	29	29	889	271
529	850	839	529	850
720	369	369	369	720
206	497	206	206	206
40	991	991	40	991
660	979	660	979	660
743	743	33	743	33
153	877	877	877	877
655	964	829	655	655
51	109	109	109	109
194	897	194	897	897
161	161	161	409	161
645	351	983	645	645
841	841	831	841	831
194	413	194	413	413
71	392	875	503	766
818	818	818	818	6
284	119	190	966	403
566	178	178	566	178
541	541	921	541	921
637	637	637	637	545
980	835	923	270	970
505	684	505	505	505
589	73	308	263	985
457	457	164	164	727
910	696	453	718	899
827	827	818	818	818
316	316	316	316	651
103	103	318	318	318
467	467	467	756	756
367	746	746	746	746
645	72	72	645	72
169	203	322	322	169
893	73	73	893	893
474	671	115	62	517
834	834	101	101	834
861	371	861	861	861
388	388	396	396	974
851	156	438	851	156
510	108	108	510	108
51	559	153	625	507
7	988	7	7	988
639	785	639	639	639
85	41	466	798	563
773	659	773	773	773
520	520	520	996	520
888	524	888	888	888
167	344	478	341	29
730	730	730	730	825
14	14	290	518	518
132	837	535	709	995
746	1	1	746	1
945	251	139	164	628
22	711	504	961	50
108	108	304	108	108
388	119	652	119	388
835	596	760	628	71
444	906	444	444	906
252	75	75	75	252
897	98	104	121	876
584	584	584	780	780
603	259	797	846	318
302	302	302	302	888
466	61	61	466	61
839	839	265	839	839
212	601	537	601	212
300	300	300	468	300
321	172	505	634	697
215	215	215	513	513
970	341	341	341	970
755	755	755	468	755
677	677	677	411	411
475	625	394	396	172
775	753	753	832	753
440	756	440	80	756
310	411	261	395	595
166	559	64	754	982
262	458	262	458	458
506	506	506	89	89
259	482	482	482	482
52	11	11	11	11
144	144	144	144	144
986	691	986	691	986
746	746	120	120	746
892	883	910	66	674
518	979	418	1	290
612	612	251	251	612
597	765	372	713	51
882	244	405	415	975
482	104	104	482	482
931	931	931	931	267
419	110	392	549	832
347	347	557	557	557
329	137	329	329	137
110	406	468	444	361
294	338	964	782	483
820	766	766	820	604
191	85	191	85	85
346	475	442	448	119
723	19	592	717	465
325	10	10	325	325
181	181	864	864	181
991	340	340	340	991
153	8	436	500	533
823	823	978	823	823
747	893	821	519	455
392	392	451	451	392
3	677	677	914	914
351	863	351	351	351
768	768	768	810	810
260	814	260	814	814
321	321	321	321	881
852	218	528	377	805
322	281	322	281	281
117	423	423	104	423
395	395	395	395	60
309	74	566	309	309
598	448	448	598	448
549	200	549	549	549
477	350	710	138	671
552	918	926	86	522
892	841	841	892	546
590	491	491	683	590
133	38	941	342	939
688	975	688	556	975
359	359	312	359	312
866	866	866	398	554
706	458	706	706	706
921	767	767	921	921
448	329	448	329	448
390	875	716	45	26
749	749	749	33	33
395	401	395	395	395
555	430	879	565	963
176	176	176	176	176
722	722	722	589	722
12	116	242	242	242
425	206	206	425	206
744	375	723	364	888
785	785	418	418	979
840	290	334	840	840
944	218	218	944	944
441	441	441	441	706
996	956	956	996	996
160	834	284	160	834
490	490	262	490	262
797	45	520	821	420
275	28	571	28	275
389	171	689	424	545
473	897	313	313	473
72	150	150	72	72
788	669	669	788	669
726	12	766	12	12
175	37	493	473	503
133	133	133	708	383
193	757	140	910	572
129	129	269	129	269
690	690	690	285	113
707	397	397	911	397
530	530	530	530	730
381	742	466	629	44
707	580	860	345	127
159	710	710	710	710
71	326	326	337	71
535	535	535	61	61
599	516	303	870	655
391	10	10	10	497
533	651	135	58	406
35	834	485	834	834
491	284	284	700	700
634	619	634	148	148
339	339	616	600	600
902	902	902	226	902
593	752	752	752	752
422	803	422	803	422
434	60	952	38	660
791	824	833	304	938
387	387	892	892	892
708	478	708	708	478
472	104	472	104	472
826	557	103	997	177
913	913	913	913	913
284	505	284	284	505
960	273	273	273	273
673	230	389	230	389
405	780	89	219	815
797	289	289	797	80
60	612	612	60	612
210	390	848	848	390
488	488	488	817	488
854	854	854	465	854
832	642	774	119	165
375	375	192	145	145
343	247	247	247	247
590	362	303	362	590
329	347	629	140	380
663	245	784	245	245
816	722	722	816	816
72	107	72	107	72
743	698	215	558	104
643	804	643	643	643
103	702	229	229	229
29	29	29	690	690
9	440	9	9	440
721	38	721	721	721
835	295	649	594	475
738	166	643	766	423
115	632	115	632	632
459	367	459	367	367
823	838	290	778	833
564	691	564	691	691
926	907	357	522	701
801	438	801	438	438
698	698	698	698	698
442	442	848	442	848
383	694	748	16	790
623	284	623	284	284
60	239	234	239	239
335	335	44	335	335
298	545	114	457	67
721	721	721	721	721
531	317	385	943	325
945	230	193	945	945
334	787	619	841	620
311	432	92	432	92
227	615	227	227	615
804	398	398	398	398
165	206	165	165	206
763	472	763	472	763
290	63	919	345	647
202	666	265	294	791
734	608	734	608	734
237	237	237	299	237
828	828	828	891	891
157	769	157	157	769
717	717	330	330	717
492	745	492	745	745
492	492	492	492	492
739	338	338	338	338
746	746	828	746	828
237	237	237	237	491
253	303	134	722	255
14	235	127	643	519
167	690	167	76	76
252	107	252	252	107
562	562	228	472	472
862	760	999	862	862
878	540	540	540	482
223	721	778	721	778
761	654	531	372	624
63	63	396	396	104
337	469	337	355	355
397	397	397	489	397
789	660	660	660	789
373	373	451	373	451
209	5	449	209	5
215	500	215	215	215
53	246	53	246	53
360	861	212	871	511
793	216	216	51	793
579	22	579	22	22
651	114	114	114	651
381	275	275	275	275
103	539	539	539	539
147	58	58	58	147
563	563	645	645	645
241	241	241	174	173
282	834	282	157	157
822	863	822	822	474
577	653	51	653	51
676	466	676	466	676
123	239	239	9	123
97	902	97	434	902
638	459	459	544	544
339	339	339	339	609
977	493	977	493	493
434	638	434	434	434
542	574	923	923	923
456	1000	1000	456	456
878	232	287	608	617
885	252	809	809	809
848	44	848	848	44
456	915	345	345	456
298	298	298	145	145
887	371	887	371	371
159	621	561	39	210
941	518	941	941	518
231	581	502	458	831
356	501	358	99	60
803	33	863	803	803
124	124	924	924	349
111	111	861	111	716
631	631	631	631	631
602	602	900	900	602
594	737	594	737	594
560	455	560	455	455
393	393	393	393	473
966	966	966	966	966
664	895	895	895	664
15	15	15	15	412
318	318	206	206	318
605	605	439	605	605
562	562	562	79	562
822	822	829	140	822
32	32	270	32	947
681	681	642	681	642
701	531	531	701	531
965	965	965	596	596
673	59	944	944	944
160	997	497	169	858
437	437	880	880	880
191	415	415	191	191
924	924	924	365	924
689	592	703	592	689
345	285	984	285	345
865	477	65	865	65
618	618	759	759	618
104	104	104	104	104
718	580	783	431	845
671	701	671	671	701
485	531	276	102	423
191	191	191	6	191
69	319	319	319	319
175	175	175	175	251
687	2	2	2	687
727	862	727	862	862
283	674	364	944	258
753	753	753	753	707
995	436	995	436	436
138	756	756	138	698
667	510	667	510	510
346	346	214	346	346
987	756	987	987	987
837	741	837	837	837
779	420	845	683	783
735	735	665	206	665
163	639	639	639	163
326	765	624	279	632
555	555	555	555	616
171	632	776	636	200
685	26	806	556	776
781	15	15	781	906
113	918	662	662	918
846	354	205	354	846
717	717	717	717	717
180	535	208	245	926
554	554	608	608	554
723	122	723	122	723
839	198	839	198	561
320	320	320	379	320
595	656	201	304	64
495	655	655	655	495
272	360	995	608	973
520	520	747	520	918
194	194	66	500	500
152	283	283	283	152
857	786	857	786	786
525	525	158	158	158
899	967	967	967	899
106	162	106	162	106
625	246	625	625	246
477	932	222	477	932
876	784	602	602	784
962	85	136	321	401
480	563	933	521	688
142	142	142	142	365
982	982	591	845	982
298	298	424	424	930
352	352	979	979	352
719	753	753	753	719
383	87	150	858	92
33	563	563	33	33
152	152	726	152	73
431	468	944	342	685
318	664	664	664	664
353	761	353	353	761
521	240	521	521	521
755	755	755	755	755
317	124	317	317	124
338	15	338	15	15
961	961	961	961	34
194	522	194	194	234
705	219	800	8	203
611	611	615	615	611
987	79	55	749	650
251	294	526	484	141
960	985	960	960	402
65	92	65	65	65
141	244	244	244	244
339	339	339	697	245
119	316	421	700	589
183	183	453	183	183
107	107	43	43	107
388	402	402	402	402
383	990	990	53	53
682	186	682	786	786
525	525	827	226	226
297	303	297	303	799
936	908	660	936	936
917	850	138	741	637
9	874	874	9	874
610	610	680	610	610
170	612	247	825	401
486	854	486	854	486
221	256	221	221	221
281	960	844	463	922
219	771	219	771	219
973	6	44	665	977
817	817	364	943	943
43	43	743	743	743
506	509	878	310	778
985	985	491	491	491
9	36	956	53	814
137	292	292	137	292
139	139	353	139	139
201	171	201	171	201
869	869	869	869	500
888	962	962	891	962
675	235	675	235	675
65	618	65	65	532
245	430	896	986	833
447	427	512	427	512
740	754	754	754	754
379	319	379	319	379
248	475	248	248	475
54	675	822	143	654
946	936	936	946	946
414	414	414	820	820
537	537	537	537	537
66	730	501	559	249
116	895	116	116	895
777	1	1	777	1
797	797	797	797	129
238	87	87	422	422
29	29	29	714	714
959	992	31	318	638
804	726	726	804	804
969	665	665	969	969
50	50	870	906	870
71	256	256	127	127
465	614	834	465	465
197	197	195	195	195
65	801	24	621	964
142	250	986	902	76
299	556	745	529	184
898	9	960	171	381
306	378	446	446	378
442	442	629	442	629
614	349	513	494	918
618	752	752	691	752
389	488	488	488	389
182	182	182	182	182
520	257	520	257	520
558	141	141	558	558
873	873	251	873	874
369	287	555	148	957
803	803	941	803	941
140	140	718	140	140
91	469	469	91	469
171	171	831	171	171
943	67	943	67	943
103	103	957	103	421
521	135	579	214	818
128	47	128	47	47
446	91	91	46	446
11	196	196	196	11
264	264	273	273	273
333	81	333	81	333
694	451	451	451	694
213	445	213	213	728
145	174	717	345	89
6	668	668	668	668
214	214	214	426	214
236	830	236	169	169
24	24	24	24	24
952	952	952	300	300
535	486	486	550	535
397	397	367	397	367
308	982	982	726	982
529	529	95	529	529
115	391	115	115	115
250	250	250	250	788
697	497	697	697	866
832	832	463	832	463
173	173	173	173	979
915	915	915	938	915
647	229	229	647	951
407	983	983	983	407
748	190	811	481	157
298	135	921	970	583
779	798	798	798	779
330	323	730	564	499
698	504	486	698	486
562	136	136	562	136
161	254	822	725	695
237	494	631	494	237
599	599	599	599	733
730	825	111	876	703
1	538	930	930	538
713	448	318	676	791
740	985	221	566	27
704	704	704	704	704
124	389	389	124	389
637	545	637	637	545
519	712	519	519	712
70	821	821	70	70
449	59	449	59	59
41	41	472	522	41
696	842	696	842	646
250	99	924	250	250
727	623	727	727	727
109	52	120	213	647
288	36	288	36	36
519	27	27	27	519
71	472	71	472	71
675	148	148	675	148
117	287	577	811	24
748	748	859	748	748
145	731	247	799	714
982	305	321	464	162
868	957	868	868	868
517	683	766	273	206
714	148	234	14	281
471	88	33	33	33
209	930	930	209	209
706	949	17	428	241
326	307	307	400	307
32	32	32	32	32
579	626	170	465	76
62	274	378	62	62
409	409	487	409	409
95	520	95	520	520
948	948	948	948	41
859	859	859	883	883
189	189	879	189	189
665	99	665	665	99
178	1	38	959	370
665	665	665	317	665
844	844	452	452	844
802	802	802	644	644
380	380	283	380	380
113	92	92	396	92
711	648	435	819	346
835	150	80	460	943
840	691	840	667	691
839	839	469	295	839
23	285	634	23	634
730	324	730	986	324
555	724	724	555	724
264	346	975	470	376
223	223	609	609	609
453	843	453	843	453
150	150	150	150	923
544	954	954	989	544
645	645	645	645	278
474	638	638	474	638
566	31	27	27	27
186	10	921	514	207
134	134	134	134	134
356	202	356	356	587
550	38	550	363	550
197	197	197	878	878
10	10	10	944	10
139	845	139	139	845
907	802	907	907	802
73	73	241	73	73
583	408	408	583	954
573	368	573	368	368
46	840	46	46	46
236	25	236	236	236
643	791	348	431	926
950	226	950	226	226
761	761	761	757	757
538	538	538	561	538
583	980	583	583	980
164	545	545	164	545
981	981	730	441	730
721	432	432	432	721
385	991	21	255	96
806	625	625	806	806
142	18	142	142	18
28	148	148	28	148
713	36	713	713	36
632	866	632	866	632
233	127	140	406	332
629	209	629	629	253
655	752	752	655	13
915	915	915	820	820
783	177	523	999	148
972	860	860	860	972
163	57	163	192	57
74	36	36	74	36
759	269	269	759	759
786	648	648	786	786
253	253	814	814	253
831	459	831	459	459
427	427	427	920	427
645	645	156	645	156
632	632	587	632	632
978	850	850	850	850
889	16	877	471	887
597	163	724	375	290
115	115	115	442	115
877	877	877	640	640
510	329	329	121	510
234	983	931	636	799
225	650	650	225	650
865	722	1000	974	387
705	75	765	610	119
588	588	295	588	588
104	643	104	104	643
570	550	550	570	550
545	545	545	545	545
312	779	421	774	109
615	500	233	297	528
153	852	153	852	153
102	226	226	226	102
820	820	883	820	820
264	888	888	888	888
455	455	455	433	433
179	731	656	433	81
590	248	248	248	590
835	218	218	218	218
596	29	29	596	2
821	962	37	295	322
343	343	713	53	343
218	838	838	218	218
727	727	727	85	727
140	140	140	802	140
144	194	194	194	144
981	99	99	981	99
617	827	617	827	617
8	865	8	204	204
491	648	648	491	325
199	199	199	866	866
916	17	17	916	424
703	703	703	703	703
326	254	606	391	696
384	896	896	896	896
113	380	604	380	604
913	658	913	436	913
777	760	898	777	777
706	497	706	497	497
395	464	126	418	966
743	71	422	738	759
932	141	799	962	776
927	778	927	778	778
519	552	552	552	552
67	349	906	176	368
646	844	887	306	821
919	919	919	919	919
876	571	161	571	571
59	599	506	599	506
812	56	109	749	604
974	343	974	974	343
587	799	219	224	484
587	587	587	587	587
392	640	640	640	392
259	594	594	594	259
695	695	695	695	366
118	590	616	173	157
595	595	595	595	865
287	790	800	800	790
118	232	232	646	232
920	736	736	736	647
359	889	889	889	386
504	447	283	309	42
135	616	596	616	135
700	763	973	314	391
890	890	53	813	813
699	589	893	798	734
836	836	836	836	382
549	594	594	549	549
275	777	402	777	402
235	577	235	235	577
511	520	511	520	511
35	35	750	750	750
297	464	297	297	464
684	211	684	656	211
272	272	752	752	90
644	938	142	679	834
164	833	400	724	107
156	455	109	988	274
203	918	918	984	984
580	580	765	765	765
334	334	334	334	744
50	50	50	50	825
507	507	695	695	507
690	395	690	690	395
219	219	321	321	598
178	346	948	178	948
762	51	762	51	51
168	168	674	168	168
835	835	835	190	835
144	144	144	192	192
49	207	207	207	207
978	978	978	978	978
423	423	423	905	423
274	274	472	472	587
967	78	967	531	531
33	829	325	237	670
759	978	978	759	212
662	856	487	405	443
382	99	185	185	99
656	53	304	656	53
999	514	370	325	121
532	532	467	467	532
161	161	241	161	241
974	414	131	373	433
787	141	287	141	141
769	557	557	557	557
548	548	548	548	175
422	212	422	212	848
484	510	836	484	510
957	762	957	762	762
512	924	924	512	968
748	748	21	21	21
396	210	210	210	210
739	739	609	739	609
962	99	99	951	962
258	258	865	258	865
576	962	62	522	818
213	992	438	351	727
844	844	643	647	643
997	997	997	472	245
220	117	692	117	220
307	422	422	422	307
27	27	421	27	27
381	698	698	698	951
629	629	629	775	775
926	604	29	604	926
440	440	839	440	440
340	340	340	340	340
635	815	815	815	815
906	906	874	986	986
430	73	638	638	430
123	123	513	123	123
555	577	577	577	577
398	879	284	620	745
362	523	403	362	362
494	494	46	46	46
664	768	59	79	635
107	107	193	193	193
716	270	597	437	25
288	601	288	288	601
864	767	694	242	652
554	255	554	554	554
993	993	386	993	993
73	838	11	11	11
319	395	394	395	319
517	289	517	289	289
361	768	768	361	361
469	258	469	469	878
737	737	320	948	948
864	571	506	893	450
941	262	262	136	941
19	179	179	19	19
302	302	931	931	931
677	502	677	847	847
133	133	133	879	782
183	183	183	183	183
964	666	666	964	666
101	685	685	685	685
276	691	920	712	483
175	98	175	98	175
338	392	392	338	392
452	462	718	881	379
243	97	97	243	97
672	280	343	965	847
335	447	707	401	167
169	169	169	997	169
55	981	864	864	864
524	524	794	524	524
613	613	813	813	613
957	957	957	937	957
441	305	851	851	305
287	605	164	287	287
557	557	448	448	557
261	261	493	723	493
840	160	351	346	19
944	659	944	659	944
868	854	868	868	854
953	641	953	953	953
591	972	671	930	743
212	903	903	743	743
910	849	849	910	849
583	239	856	340	612
819	598	598	598	819
809	355	320	809	809
699	595	699	595	595
911	707	922	707	707
995	526	205	905	270
425	914	754	474	604
108	929	108	929	108
63	687	687	63	63
943	56	925	223	655
649	539	539	649	539
934	682	934	682	934
78	78	78	901	901
836	836	613	613	836
685	478	570	28	797
628	860	50	61	994
843	843	843	843	843
144	741	144	915	915
59	281	281	59	59
61	959	182	928	408
49	49	10	10	10
849	953	953	849	833
333	890	890	333	333
383	209	383	383	383
708	837	98	708	837
799	476	799	799	379
70	907	36	70	907
888	49	650	750	698
775	45	487	875	644
685	473	762	737	713
262	262	262	465	46
250	645	250	645	250
365	536	396	396	365
716	716	716	716	517
346	346	33	346	346
705	780	705	780	780
848	540	848	538	540
358	182	651	571	732
247	247	247	247	688
521	212	212	521	521
41	274	274	400	274
403	913	885	403	403
855	240	690	11	646
79	79	63	63	79
343	804	343	804	804
87	87	51	51	87
833	100	609	609	609
880	646	880	898	898
579	569	244	374	8
725	725	957	725	957
69	69	69	69	384
795	191	191	795	795
442	513	513	596	513
802	802	264	264	264
653	653	653	564	564
326	774	968	762	509
918	350	563	563	563
686	686	686	86	686
86	70	808	741	877
571	296	571	296	571
595	595	595	169	169
344	344	344	782	344
20	20	20	20	67
897	897	897	150	150
759	890	759	320	320
272	272	272	613	175
896	896	769	769	769
511	511	239	511	239
202	366	202	366	202
347	166	764	88	887
84	278	84	84	278
217	217	217	526	526
104	10	623	737	853
678	678	659	678	659
810	926	926	262	926
667	667	667	667	667
593	231	593	231	593
26	454	454	176	176
97	802	833	615	121
924	924	332	924	924
729	613	509	729	613
554	554	554	554	52
929	969	969	833	833
265	307	265	307	307
754	897	754	897	754
63	63	63	696	360
381	192	582	381	582
728	952	728	952	728
140	140	646	140	646
764	785	764	523	785
287	861	482	681	850
213	928	213	928	928
653	553	553	553	553
362	362	25	25	373
496	725	725	496	496
761	739	739	761	761
58	916	475	727	235
427	427	427	305	305
312	767	312	312	697
754	874	874	874	874
347	347	821	347	347
983	983	983	983	670
878	845	733	36	314
254	654	654	483	483
359	32	32	795	795
55	133	541	189	509
473	229	675	675	473
972	769	683	268	44
474	457	474	457	474
529	533	533	529	761
237	808	669	41	857
439	439	439	439	522
596	12	12	596	12
544	544	664	544	544
193	193	193	193	592
879	306	306	314	314
190	82	82	82	82
604	70	523	878	280
641	513	667	725	684
581	581	581	879	581
259	259	259	471	259
805	31	805	31	31
372	372	372	372	282
920	377	920	920	377
836	438	50	360	626
295	295	295	630	630
469	469	269	82	469
866	866	866	595	866
769	964	128	179	259
573	834	149	718	653
391	141	391	141	141
881	505	706	166	896
819	940	819	819	940
113	622	622	622	622
849	977	849	849	977
203	933	203	203	203
343	433	171	505	888
421	474	421	474	421
833	477	477	74	833
986	179	728	96	389
113	175	113	113	113
283	283	411	283	411
122	462	947	228	40
666	684	564	666	564
394	394	273	394	394
577	30	30	30	577
517	37	113	773	758
161	161	186	161	186
198	198	992	992	992
578	991	991	578	991
249	567	567	567	567
143	744	744	156	744
334	775	775	775	775
681	387	378	658	925
898	898	945	945	871
351	351	351	726	351
784	736	142	736	142
938	549	549	938	938
94	28	94	94	94
80	682	80	682	682
806	536	536	806	536
684	684	684	684	465
199	268	199	268	268
535	711	711	711	535
967	753	967	967	967
908	908	269	908	908
878	544	926	926	544
296	30	30	30	296
997	997	997	997	997
833	14	833	14	833
677	677	947	677	677
117	797	670	429	667
503	926	926	503	503
617	617	617	119	617
491	491	178	491	491
119	180	119	758	180
363	363	363	25	363
488	214	564	464	321
547	827	827	547	547
778	839	839	839	778
503	874	503	503	503
115	115	115	115	115
623	845	555	851	203
654	654	883	654	654
778	754	778	754	754
394	410	394	62	394
918	918	918	918	771
962	95	962	210	210
324	951	324	324	951
736	500	919	500	919
252	192	252	252	252
233	233	233	196	233
811	483	811	811	811
366	940	940	940	366
663	450	450	450	450
237	192	192	192	192
181	239	181	181	181
534	520	878	890	519
58	666	58	666	666
410	523	523	410	523
143	143	699	143	143
532	570	532	570	532
184	184	248	575	248
421	524	722	524	421
129	129	77	129	77
642	785	480	540	578
194	291	194	291	194
639	639	939	939	433
584	85	945	463	975
843	749	749	843	843
633	633	633	633	633
362	851	768	397	718
900	710	710	710	710
562	562	562	561	562
859	652	189	859	189
41	740	652	445	49
949	172	949	172	13
180	362	121	364	286
125	125	547	125	125
658	658	637	637	637
811	811	367	367	259
341	416	416	341	416
947	101	947	947	101
443	569	443	569	569
980	980	161	980	161
210	753	375	761	78
189	929	929	189	167
899	899	481	899	899
809	809	806	809	809
685	685	685	685	576
947	947	565	565	947
291	291	50	291	50
3	173	3	3	3
677	677	859	677	859
410	394	410	394	410
814	804	814	804	814
36	36	85	85	36
80	239	496	80	496
918	918	918	126	126
801	587	587	801	801
627	627	627	627	627
604	604	604	604	175
34	34	34	34	718
289	289	289	628	628
454	490	454	490	591
88	313	396	88	396
977	719	719	719	719
640	640	530	640	530
720	195	195	720	720
343	98	343	343	98
353	717	191	997	334
380	221	845	380	221
346	689	543	257	817
952	671	952	155	671
284	673	284	750	673
481	481	860	481	481
446	105	125	446	125
160	206	572	725	879
287	287	287	287	287
58	95	58	950	950
102	102	102	320	320
197	146	197	197	197
721	721	721	721	989
406	949	949	753	753
755	129	755	755	129
214	41	214	95	214
392	392	841	841	841
452	452	452	43	452
944	74	944	944	944
698	493	698	698	493
594	594	909	594	594
651	651	651	175	912
414	414	698	414	130
69	525	525	525	69
709	968	709	934	968
129	327	725	57	158
864	864	864	194	444
365	16	430	247	895
510	510	510	534	510
200	443	200	443	443
207	292	240	702	19
904	75	115	904	115
272	103	272	103	272
451	983	451	451	983
285	762	762	285	762
904	296	271	296	271
804	804	804	294	804
672	537	458	877	364
554	554	554	276	971
424	345	961	769	326
801	480	801	801	655
146	13	999	211	571
253	349	253	904	253
969	923	923	923	923
244	213	213	213	244
422	84	84	556	422
510	510	808	371	510
471	541	541	541	541
419	419	607	419	419
805	487	859	292	425
548	151	535	535	548
932	329	32	453	937
480	480	775	775	775
525	834	834	834	303
990	239	239	239	990
309	309	655	192	192
786	763	678	62	693
676	247	676	247	676
118	118	371	118	118
520	520	520	520	499
868	485	485	738	485
582	253	624	253	582
359	146	359	146	359
683	799	799	683	799
489	199	595	215	528
996	451	753	565	49
741	741	871	741	871
119	45	765	905	499
871	209	871	871	871
991	357	357	525	525
196	786	786	786	786
785	586	586	586	586
733	733	733	733	385
117	751	331	331	751
795	672	672	795	672
748	748	554	554	554
336	109	109	109	336
120	120	720	120	120
754	123	754	754	754
613	926	613	613	613
588	588	974	974	974
769	769	769	992	769
889	558	889	889	889
178	178	178	389	178
295	47	730	47	730
722	722	722	137	137
239	846	239	239	846
585	741	585	741	585
912	441	125	942	114
567	567	567	896	567
224	182	745	182	745
607	368	368	368	368
335	237	335	335	237
810	990	466	466	990
176	146	146	176	146
432	432	126	126	126
389	783	741	389	783
851	851	128	851	719
611	239	215	206	147
146	648	648	78	78
543	543	319	319	543
73	912	912	73	912
783	783	409	608	608
199	412	412	412	412
402	497	497	497	497
510	796	524	764	621
386	261	261	261	261
504	504	504	169	504
474	755	187	723	935
354	354	354	993	354
620	207	620	207	207
435	372	372	372	435
69	920	338	342	328
256	744	988	988	988
643	12	12	12	12
44	578	641	44	641
454	796	665	704	765
468	685	585	685	468
387	387	390	390	457
858	858	132	132	701
776	435	435	435	435
748	748	748	40	40
308	308	308	308	388
529	977	621	977	977
849	512	512	849	849
752	380	752	752	752
885	709	709	709	709
877	294	877	294	877
77	158	20	507	901
936	531	596	785	645
577	577	387	387	577
914	914	718	914	914
103	220	103	220	220
112	136	142	320	619
285	285	285	285	869
95	170	95	95	170
466	303	466	466	849
35	333	333	751	35
609	709	919	609	709
182	917	228	871	632
204	491	204	204	204
935	235	282	335	577
71	71	477	71	477
439	439	439	697	697
971	920	953	953	920
524	415	415	415	415
860	860	860	860	547
561	647	852	852	561
358	358	624	358	25
300	177	604	536	29
890	294	294	294	890
756	314	865	756	314
513	790	790	513	790
146	18	18	146	18
451	451	37	451	37
755	755	755	755	755
682	416	416	682	416
865	58	622	602	822
228	228	228	777	777
794	126	617	863	470
723	387	723	564	723
746	665	665	746	746
704	89	989	989	989
377	672	342	997	954
555	555	555	314	314
3	3	770	3	3
852	512	355	908	98
43	347	395	85	368
639	705	705	639	639
980	781	781	980	980
691	957	707	798	973
481	481	263	263	481
555	536	288	488	28
270	139	139	139	139
614	502	502	502	614
794	794	40	794	40
507	528	507	507	507
39	39	691	691	678
196	739	225	416	301
781	285	781	285	781
507	157	99	581	559
646	128	735	734	830
159	159	159	159	159
472	374	457	688	414
478	478	478	275	275
879	879	408	879	879
352	352	73	352	352
82	894	82	82	82
141	875	141	141	141
207	773	773	773	773
722	614	722	614	420
390	658	658	658	390
874	874	690	690	874
739	739	739	855	855
633	573	633	573	573
21	21	213	780	780
623	993	993	993	993
149	495	495	149	149
299	299	645	645	645
985	985	985	235	985
309	309	631	631	309
21	21	524	21	21
966	966	966	966	966
278	558	558	278	278
306	713	306	242	713
75	75	75	260	260
188	612	326	537	714
59	398	59	398	781
470	656	702	263	126
746	746	379	900	379
808	738	808	535	738
127	311	127	10	10
423	423	920	920	920
230	561	230	561	561
655	655	655	655	655
636	113	479	763	115
224	224	224	224	224
627	50	917	182	394
682	652	652	524	524
51	164	388	526	248
899	656	218	284	839
845	410	845	410	410
851	638	619	619	851
949	949	949	949	137
897	324	649	462	880
640	552	552	640	552
577	774	577	774	577
696	696	302	696	696
687	188	515	250	643
2	872	2	872	872
778	803	894	201	509
44	366	362	280	685
939	939	819	819	939
894	894	894	641	894
189	459	23	881	907
24	154	44	691	247
602	771	602	602	771
280	155	163	801	817
414	414	414	414	359
564	944	251	122	965
371	371	14	371	14
647	647	647	209	209
924	924	254	254	254
921	921	921	921	921
13	687	592	687	687
415	415	401	401	401
463	463	127	463	127
266	266	925	216	925
265	396	295	900	14
785	816	785	592	592
768	768	800	37	800
191	764	131	570	871
673	181	673	673	673
187	417	282	935	712
309	309	309	309	253
407	407	407	75	407
768	593	476	208	255
937	876	876	876	937
432	494	494	182	494
623	279	279	279	279
727	727	727	717	727
908	847	908	847	847
196	105	196	105	105
267	55	472	855	512
407	407	407	407	365
835	942	248	248	835
212	578	910	749	434
31	31	278	31	278
321	321	244	321	321
746	746	882	746	746
393	846	846	393	393
344	301	864	344	301
368	368	368	368	44
229	464	464	229	464
512	283	512	283	283
794	794	267	794	794
754	659	619	90	23
928	443	55	51	591
376	376	376	398	398
889	981	889	981	889
592	216	646	793	151
791	464	791	464	791
437	947	437	947	437
248	517	517	248	517
761	637	637	40	40
899	883	883	899	899
919	187	919	919	187
381	791	709	274	152
366	272	366	272	366
387	387	822	387	533
175	2	2	175	2
852	852	852	182	852
252	517	252	252	252
962	504	291	364	903
985	29	941	962	796
569	569	404	569	569
14	991	14	991	991
74	936	74	74	936
421	990	990	990	421
403	403	64	64	64
417	417	274	417	417
125	125	407	407	125
831	791	333	831	831
708	131	708	708	708
622	622	902	583	622
3	3	3	948	886
236	143	937	937	236
66	66	66	66	66
475	203	813	322	850
710	710	438	710	438
866	866	28	28	28
625	672	625	528	625
917	917	738	917	738
582	582	525	582	582
147	165	165	147	147
243	42	243	42	243
638	832	514	812	815
817	612	612	817	817
189	683	280	876	128
330	31	358	197	863
49	876	876	876	876
855	692	683	683	683
363	363	493	363	363
242	483	242	242	242
350	261	382	924	301
513	31	677	411	682
528	149	528	528	528
951	691	480	951	691
173	494	145	447	571
195	769	769	924	924
85	280	540	540	85
838	403	198	550	752
117	957	957	33	117
271	271	723	271	271
372	756	756	756	372
112	112	842	112	842
838	838	838	838	838
41	41	294	41	41
633	739	739	633	633
356	356	356	356	356
879	669	623	782	179
373	373	373	254	254
206	419	206	419	206
122	122	122	122	26
529	529	833	529	362
189	715	715	189	715
948	948	948	948	398
170	359	170	359	359
508	447	508	447	447
1000	1000	613	1000	1000
624	624	624	693	693
323	835	323	668	323
819	693	450	569	715
805	28	805	805	28
173	572	458	572	458
399	399	708	708	399
202	202	202	202	537
381	973	973	381	973
827	497	497	497	827
236	684	236	177	684
759	759	759	383	759
269	530	269	530	530
78	851	961	488	403
313	999	999	999	658
68	775	490	68	775
20	263	31	324	521
549	549	797	549	448
393	393	362	393	362
970	557	617	115	98
246	392	246	392	246
126	126	126	126	91
653	836	335	325	500
119	982	119	982	119
693	41	41	41	41
179	799	179	245	179
155	155	155	316	651
281	192	552	552	192
480	603	480	603	603
902	138	955	615	216
341	341	916	151	341
857	55	857	112	857
838	138	787	244	465
346	357	580	357	580
108	108	289	108	289
938	938	949	499	499
763	265	912	554	321
346	386	386	346	36
199	199	491	491	199
755	825	825	755	825
836	583	103	836	103
818	481	818	818	481
120	120	120	852	852
85	85	727	727	727
885	885	628	369	369
364	103	642	364	103
714	128	128	128	128
148	148	361	148	361
757	532	930	757	532
161	874	874	258	874
895	101	101	895	101
120	989	120	989	769
73	287	73	73	287
833	686	833	833	833
863	131	131	131	863
172	172	172	294	294
490	701	490	490	490
156	87	803	709	408
111	823	823	111	823
262	149	149	149	262
155	155	939	940	940
2	589	773	462	363
890	670	670	890	890
43	152	43	43	152
201	244	201	244	201
473	141	289	868	930
433	176	176	433	433
470	470	470	785	470
83	83	363	83	83
283	555	555	283	774
555	291	291	555	291
118	760	118	760	118
70	70	137	70	137
130	196	196	196	130
912	912	912	912	770
951	951	951	438	951
442	940	198	780	828
687	479	687	687	687
897	111	485	912	335
457	173	457	173	457
105	105	259	259	105
709	709	709	991	709
737	737	737	621	737
741	741	327	327	327
99	794	794	99	99
761	603	824	824	603
834	99	591	574	696
755	719	918	783	509
783	866	191	234	749
285	285	285	285	834
73	792	73	73	73
360	525	525	360	360
226	420	420	226	226
391	391	391	922	922
624	624	861	279	279
732	31	828	286	110
961	872	961	961	961
897	298	939	587	142
519	519	485	857	485
247	697	697	247	247
800	291	272	621	194
159	470	159	558	558
946	112	479	557	192
865	115	115	432	115
825	664	664	664	825
762	316	762	316	762
863	863	641	863	641
450	624	128	339	780
136	332	167	167	332
4	188	188	188	188
337	686	803	686	686
241	964	241	964	964
644	456	456	456	644
725	405	405	503	503
989	989	497	989	497
884	884	884	884	884
701	238	238	701	701
746	746	746	746	746
576	853	853	576	576
349	349	349	349	653
626	389	389	389	626
382	382	576	382	361
405	405	295	295	295
461	842	853	853	461
889	544	673	464	91
650	165	276	189	296
310	415	415	415	310
79	834	834	79	834
922	361	922	922	922
743	743	982	743	743
970	693	366	133	286
435	793	435	435	435
367	850	850	367	165
593	593	593	991	991
881	811	158	777	389
432	702	432	432	432
872	745	745	167	167
470	93	93	470	470
121	132	132	121	667
317	317	798	317	578
854	403	969	969	854
109	124	124	109	109
982	434	434	982	7
166	166	166	761	166
114	990	895	745	701
77	77	944	944	240
826	826	826	156	156
820	849	126	162	559
331	331	680	723	331
197	308	308	197	197
184	254	184	254	184
827	215	827	827	827
482	794	561	224	34
59	59	59	532	657
687	687	687	687	687
809	648	809	809	809
438	305	497	744	783
20	20	529	982	529
780	14	405	203	227
565	972	565	565	972
977	977	206	977	441
29	29	29	29	29
536	654	654	654	654
968	439	570	570	439
843	774	650	156	204
128	205	205	128	128
687	91	632	519	615
483	921	483	921	921
392	539	392	392	392
636	3	745	745	745
755	86	413	755	413
362	342	362	362	342
250	250	933	933	933
140	956	519	140	519
903	903	903	676	676
841	841	799	799	841
12	12	251	251	553
553	714	450	867	427
135	930	930	930	930
97	818	348	829	530
187	187	721	721	187
378	474	65	378	65
581	860	235	874	144
191	191	191	191	191
679	679	66	66	66
2	277	2	277	2
37	438	37	37	37
870	845	845	870	845
662	465	465	662	662
351	469	469	351	351
361	361	361	610	610
650	650	83	314	83
397	130	720	782	76
519	946	18	280	307
935	439	960	960	935
171	49	106	144	816
611	240	935	935	611
387	957	387	957	957
706	703	706	822	706
302	210	210	302	302
288	547	490	968	355
980	980	980	514	514
342	824	253	156	386
903	919	903	903	919
429	429	71	71	71
888	888	888	163	163
260	693	693	693	693
122	122	122	122	953
850	758	758	850	850
627	415	627	403	403
352	322	723	352	322
856	104	650	512	626
471	326	471	471	471
191	191	191	76	76
231	471	671	92	694
108	792	792	792	108
119	119	536	202	202
298	522	351	626	744
445	445	609	445	609
412	412	729	729	729
778	665	170	778	665
415	661	822	284	161
199	621	440	7	264
587	587	587	152	587
224	224	224	573	573
501	78	78	501	501
874	122	122	874	122
773	60	60	369	773
870	870	747	870	747
86	967	967	967	967
277	734	277	734	277
397	205	205	397	397
762	762	299	559	299
37	395	395	395	560
779	5	779	779	779
211	564	211	211	564
503	503	503	409	409
160	768	160	768	768
368	97	97	97	368
612	476	612	745	745
416	416	784	416	416
726	726	726	414	414
289	289	289	289	134
159	159	136	136	159
476	963	271	476	963
227	762	762	762	762
896	821	821	736	821
469	154	469	154	154
417	417	569	417	569
278	89	89	89	89
854	854	852	854	793
638	844	844	638	74
208	208	928	208	208
875	875	875	432	875
773	228	228	228	773
559	559	559	419	419
350	350	659	659	350
36	720	720	36	36
229	872	83	83	229
739	771	501	612	968
89	432	100	713	262
221	756	221	221	756
965	416	260	878	43
526	526	526	526	716
238	238	684	238	238
640	614	614	640	614
651	720	651	651	450
859	205	859	205	859
576	576	576	913	913
207	207	207	760	207
967	269	269	269	967
926	926	926	614	614
874	874	490	874	329
475	950	475	475	950
442	849	849	849	442
74	150	150	74	74
660	529	775	529	775
24	475	910	24	910
30	30	30	83	30
78	548	204	204	204
57	988	57	988	988
360	629	629	629	360
872	704	872	704	872
174	174	92	92	92
922	922	922	922	922
345	841	406	584	179
239	703	867	32	927
172	172	172	172	89
973	926	973	973	926
37	546	546	519	37
161	548	503	807	950
582	365	582	365	365
463	103	463	856	103
255	681	289	681	681
37	37	37	37	889
899	588	899	103	588
715	336	715	715	715
814	302	395	302	395
916	924	755	532	545
918	918	918	918	804
435	55	72	424	887
178	362	362	362	357
294	294	294	300	294
75	75	671	671	671
375	711	711	375	375
934	891	881	881	934
915	915	915	524	524
309	309	463	309	463
792	95	375	7	602
353	156	802	680	904
550	550	581	581	581
153	98	858	858	153
594	96	160	973	182
512	512	512	45	512
305	305	882	882	882
587	854	587	854	292
541	541	447	541	447
933	933	332	933	332
312	312	312	729	729
278	611	278	278	611
488	636	488	636	488
415	765	413	413	413
257	544	544	912	544
803	529	529	803	803
917	492	130	437	691
913	518	913	913	518
809	886	886	809	886
959	143	959	143	959
131	982	508	428	864
401	401	401	401	107
375	832	582	338	864
616	824	588	531	382
764	699	400	764	764
858	477	858	477	858
741	889	889	741	889
214	895	214	214	895
962	962	380	962	962
340	679	959	662	134
406	545	545	545	635
768	629	848	737	389
18	417	417	417	18
993	993	993	993	651
609	37	37	609	37
430	430	855	430	855
470	470	470	436	470
311	288	999	656	500
594	217	933	172	221
865	865	865	865	602
531	115	115	115	531
968	491	968	968	491
92	942	92	942	92
251	251	251	826	251
618	991	503	129	606
158	158	158	158	813
417	81	136	656	607
842	842	842	109	109
962	962	231	962	962
20	20	554	20	554
946	946	946	946	127
276	62	62	276	276
544	544	18	18	544
358	718	718	358	718
603	603	603	603	192
386	386	432	386	432
747	352	352	352	352
126	52	506	651	658
414	797	414	593	797
253	498	466	844	893
366	390	904	527	279
497	497	208	208	497
283	283	283	532	283
987	401	35	329	243
430	129	430	129	169
305	321	305	321	375
790	982	790	790	790
273	273	714	273	714
465	604	722	321	577
127	127	714	127	127
408	408	408	408	408
420	354	251	354	251
265	761	265	265	265
301	48	946	272	264
685	388	541	181	984
202	283	722	283	722
948	886	948	948	886
764	700	371	327	341
97	97	97	97	97
405	405	405	405	220
365	365	365	365	66
83	83	839	839	839
803	803	934	934	934
452	863	452	863	863
359	776	774	466	259
791	35	35	35	791
130	593	593	593	130
626	626	626	617	10
375	27	943	375	375
429	790	429	429	790
360	311	360	360	360
88	524	88	524	524
417	417	500	500	500
830	823	830	823	830
89	84	954	89	89
879	895	872	760	260
910	819	726	207	44
174	174	174	174	323
459	459	935	459	935
481	542	643	643	481
618	91	618	618	91
280	280	704	704	280
488	488	944	944	674
285	603	779	779	603
409	409	930	409	930
700	191	700	191	700
335	503	503	503	335
926	926	346	926	926
317	98	98	98	98
831	831	919	831	919
663	75	75	663	75
843	459	459	459	894
142	142	571	187	571
877	877	877	877	845
232	232	232	651	743
306	891	891	306	891
29	175	29	884	175
715	957	715	957	957
612	91	91	91	170
88	927	927	88	88
401	401	872	872	401
713	585	439	850	302
385	385	385	227	385
649	840	545	369	223
252	356	356	356	252
938	938	471	938	862
544	267	875	725	723
857	974	974	857	974
779	299	299	299	299
697	697	619	619	697
772	550	772	884	884
68	327	587	961	66
289	20	20	289	54
603	440	440	603	440
370	197	370	781	197
805	805	490	490	490
301	301	301	662	662
839	349	349	349	349
932	985	265	232	325
189	189	189	189	189
471	471	529	529	529
578	578	383	383	383
704	432	704	704	432
100	861	861	861	861
406	453	53	186	557
910	571	910	910	910
8	8	8	8	916
921	921	466	466	466
357	357	784	357	357
268	931	323	93	914
328	508	508	508	508
126	486	440	486	126
289	722	722	231	722
909	909	922	922	909
222	580	222	580	222
978	409	655	949	892
216	41	41	41	216
9	917	9	9	917
10	336	336	336	336
970	212	848	517	875
447	362	362	447	362
95	425	95	95	95
265	490	889	490	490
740	917	740	740	740
940	820	820	820	820
662	662	788	287	788
768	846	541	267	133
698	332	888	21	880
441	117	117	441	117
920	934	694	815	526
146	688	688	41	688
316	316	352	316	352
191	191	191	540	191
802	802	933	933	802
163	689	243	701	344
986	409	409	409	986
118	983	983	118	983
936	936	936	225	160
8	612	485	234	508
960	960	56	56	56
419	995	244	292	728
743	763	743	763	743
898	881	215	583	890
804	264	804	804	264
372	372	646	646	646
889	889	14	281	14
254	254	142	254	142
100	788	100	100	788
925	267	750	267	925
310	359	791	719	819
784	784	784	784	784
170	266	170	170	170
453	295	798	296	333
342	784	784	784	342
270	199	772	267	565
396	396	396	396	703
828	506	506	506	828
235	201	57	235	57
508	508	75	75	499
245	673	180	180	245
288	288	74	74	288
763	974	440	984	712
862	364	364	862	471
955	11	955	11	11
840	840	334	840	334
132	381	381	132	381
649	649	660	660	649
3	3	973	3	3
432	432	432	432	432
432	667	871	538	805
810	810	465	268	268
202	202	202	202	728
273	273	273	52	273
470	470	400	470	400
104	104	910	910	104
610	393	610	610	610
280	864	280	864	195
796	796	511	511	796
883	883	883	883	883
251	803	251	803	251
459	459	955	459	955
410	410	769	769	431
64	619	99	328	587
75	221	568	75	568
211	852	852	211	211
535	366	366	535	366
361	990	361	388	990
334	890	890	334	890
874	616	906	108	797
374	85	937	570	104
597	918	918	918	597
540	709	709	709	540
162	259	921	162	259
608	608	651	608	608
589	543	589	543	543
161	161	161	161	161
902	902	999	720	999
445	859	859	445	445
427	963	963	117	963
452	787	452	265	787
530	530	530	301	530
426	426	577	984	984
268	268	780	268	268
475	84	506	863	388
424	678	424	424	678
448	448	448	448	448
658	595	595	658	658
660	134	640	264	392
937	937	937	937	937
14	14	982	14	982
606	265	265	606	606
998	301	333	988	84
873	873	110	110	873
972	972	972	260	972
728	520	520	728	728
778	778	778	778	778
51	51	543	51	51
875	875	875	223	875
798	275	114	633	962
597	160	312	597	597
382	382	236	382	575
126	317	126	126	317
564	414	414	564	564
380	824	290	380	380
192	192	192	867	867
948	948	948	948	508
176	749	176	176	176
494	21	968	90	310
450	19	450	19	19
171	500	171	500	500
431	674	338	227	804
322	339	322	339	339
412	412	820	285	412
31	509	31	31	31
404	404	404	404	16
523	523	111	523	14
193	371	293	797	708
83	985	83	83	83
166	571	166	166	571
19	926	926	19	19
666	949	949	666	949
118	7	7	310	118
521	570	570	570	570
37	37	303	37	37
631	631	631	631	496
714	106	106	106	106
111	111	111	135	390
970	909	970	909	909
74	838	530	850	622
977	453	715	197	198
326	326	804	326	804
941	991	991	941	941
135	932	135	107	135
116	267	267	116	267
781	781	781	643	781
353	992	791	36	762
285	878	878	285	878
857	857	857	77	77
266	335	82	189	663
417	417	628	628	628
770	573	466	794	115
890	484	890	484	890
618	915	915	618	915
937	271	604	40	185
950	950	129	986	986
454	555	574	931	930
235	462	462	235	462
592	408	408	408	592
486	486	486	486	59
865	457	865	865	457
344	388	670	321	972
66	66	660	66	66
949	251	949	722	722
965	965	542	542	838
590	588	590	590	590
947	947	947	947	164
615	735	804	735	615
916	808	808	916	808
814	195	429	814	195
250	578	578	578	64
339	339	939	14	939
799	854	799	799	854
456	846	975	846	846
966	855	855	855	855
832	259	832	259	259
79	79	953	79	79
962	962	962	612	612
607	607	651	607	651
438	396	971	971	971
230	467	467	874	874
258	790	419	258	419
435	547	438	438	438
329	329	329	329	329
605	605	605	861	605
106	424	424	424	424
868	371	371	371	868
856	944	856	944	123
628	628	628	451	451
568	568	656	656	571
77	636	77	636	77
365	50	365	365	50
566	758	940	758	758
719	719	663	663	663
381	381	381	381	381
29	29	29	29	29
214	214	13	13	214
934	975	934	934	934
408	415	914	859	770
517	134	970	134	134
873	974	220	652	251
532	532	713	713	532
436	908	231	659	680
848	939	114	114	939
774	774	774	780	774
674	113	674	674	674
789	789	789	73	789
87	87	87	855	87
569	569	387	569	387
550	612	550	825	612
978	594	210	338	600
282	502	375	548	142
222	29	286	511	140
409	833	746	153	846
857	8	770	316	345
777	777	777	777	777
549	811	811	201	201
692	692	740	740	616
876	35	774	568	497
72	72	246	72	72
66	936	179	990	443
693	678	678	678	693
333	99	13	13	333
154	1000	1000	468	154
947	107	691	212	781
741	536	741	741	741
248	248	248	332	85
664	664	279	664	279
125	125	210	125	210
171	569	486	922	380
108	108	325	771	771
330	70	761	442	246
923	789	367	367	367
817	646	646	646	646
385	385	248	248	385
826	600	600	826	826
467	467	454	467	454
798	816	816	798	798
656	656	677	656	656
733	687	733	733	687
242	242	425	242	242
94	94	94	94	386
251	765	765	765	765
229	562	229	562	229
253	147	253	660	253
672	301	691	301	672
877	183	931	933	42
836	836	296	836	836
505	981	505	505	981
43	437	218	435	152
764	230	637	764	764
388	388	388	524	388
36	761	682	376	332
589	967	933	831	100
283	68	68	283	283
29	50	378	328	513
848	848	575	848	848
738	401	738	401	738
103	331	103	103	103
901	200	901	200	901
916	773	916	773	916
12	781	436	12	12
467	797	599	732	887
488	488	825	488	488
476	633	633	633	476
125	125	125	623	623
490	490	490	490	497
583	468	468	583	468
603	619	724	714	207
575	391	575	391	391
405	405	923	405	405
558	558	558	904	596
122	446	446	951	122
23	655	483	727	90
133	829	133	133	133
79	495	79	79	495
704	279	704	704	704
726	757	757	726	726
6	6	854	6	854
86	130	135	130	86
944	544	435	492	661
829	172	829	172	829
167	666	167	353	666
914	914	914	914	914
480	480	643	480	643
829	830	829	830	514
786	786	786	786	803
917	808	29	819	515
911	911	830	899	911
639	639	639	639	639
364	364	364	688	364
140	140	140	902	902
642	478	478	642	478
344	756	344	344	756
248	9	248	248	761
111	822	822	822	111
651	838	651	838	651
575	397	397	397	30
373	373	163	163	373
482	791	937	482	482
409	777	409	777	777
628	402	402	430	402
485	857	857	190	190
965	965	903	903	965
471	598	598	598	471
245	405	245	405	187
747	747	747	758	747
153	382	602	874	24
30	966	15	465	50
761	51	81	667	993
510	960	510	510	510
432	222	299	178	466
733	733	412	733	733
827	827	596	827	596
854	233	233	233	863
176	628	76	326	550
499	499	505	499	499
310	310	269	269	122
153	757	757	757	153
143	143	133	133	133
275	332	52	31	888
365	499	917	917	365
266	245	100	636	353
379	754	379	754	754
821	821	821	821	821
861	977	100	375	86
456	44	121	969	638
161	132	132	161	132
920	357	357	920	920
3	433	433	433	433
167	167	167	662	939
802	802	388	388	388
332	514	871	762	836
122	122	934	122	888
441	915	915	915	441
72	649	115	441	323
690	244	930	129	374
821	821	54	821	821
415	516	993	5	804
992	81	133	992	133
674	415	415	674	674
856	194	194	856	194
721	569	721	569	569
44	44	188	188	44
341	567	567	341	567
422	333	316	983	66
694	602	602	602	694
380	859	380	380	380
51	265	51	265	265
56	68	848	859	195
223	223	558	558	223
718	353	718	353	353
938	679	679	679	679
590	590	433	573	573
137	297	137	297	137
422	796	613	686	524
853	453	853	853	453
559	449	478	295	684
33	620	620	620	619
373	373	434	373	662
556	556	693	693	556
598	477	598	477	318
206	578	578	647	578
286	561	286	427	427
223	223	223	223	192
778	241	646	646	646
700	183	735	196	598
192	420	420	192	192
402	402	835	146	835
248	248	358	248	358
196	1000	313	747	403
363	771	430	820	13
511	511	759	511	759
931	931	931	931	931
942	563	942	563	942
35	35	35	848	517
356	705	705	807	807
173	173	55	228	228
467	830	467	467	467
901	901	83	83	83
499	451	451	451	499
982	228	228	982	228
330	330	330	840	330
399	399	399	399	77
505	718	718	505	505
580	999	580	985	580
855	595	212	583	795
415	279	729	767	879
83	647	558	83	83
485	485	596	596	596
97	97	236	97	236
162	502	993	604	984
164	568	544	859	669
173	197	154	866	643
375	375	860	860	375
975	368	368	63	975
891	891	72	72	312
550	550	550	550	550
413	345	345	413	345
193	288	193	288	288
112	112	727	727	727
957	957	130	130	957
287	287	461	287	287
366	340	695	340	340
480	480	572	480	480
396	69	69	69	69
277	73	237	73	237
559	108	31	250	95
529	797	797	529	529
36	36	36	377	751
14	14	245	14	245
664	168	664	664	168
783	812	214	562	859
155	155	724	724	136
246	489	273	164	340
985	985	155	155	155
580	580	580	580	11
647	685	685	685	685
562	397	397	397	397
766	244	766	244	244
610	298	946	330	85
710	913	543	710	710
809	809	21	809	21
493	252	13	145	310
335	88	877	101	686
849	155	155	155	849
682	682	292	682	292
513	761	761	761	513
837	230	277	230	230
676	207	207	676	676
284	228	228	113	113
19	391	814	391	814
776	532	417	447	155
762	628	999	258	874
588	70	218	461	110
188	188	188	77	77
682	682	505	682	354
851	851	209	851	209
138	479	138	479	479
721	353	38	456	436
400	741	741	400	400
491	491	491	33	491
452	452	452	877	640
812	812	652	652	812
510	366	510	366	761
907	922	196	560	708
496	124	496	124	124
993	344	30	30	30
536	961	961	536	536
695	695	947	947	695
315	315	913	913	315
370	958	12	910	545
385	385	785	785	481
8	8	293	293	293
950	950	216	746	950
437	829	437	437	437
698	723	723	723	723
109	576	295	576	109
155	155	662	662	662
123	869	869	869	869
501	833	154	501	501
391	391	178	178	178
373	617	373	197	373
881	613	328	562	633
392	392	89	89	77
262	262	262	262	777
267	549	549	549	267
131	528	971	971	528
241	177	177	241	192
972	972	114	114	972
59	585	585	59	59
436	777	777	436	694
309	309	309	309	309
395	203	203	395	395
61	417	417	417	61
977	92	977	977	92
203	203	472	203	472
247	164	247	164	247
82	82	16	82	82
472	104	472	104	472
933	933	933	933	107
949	949	31	394	394
228	24	24	24	228
712	783	712	651	712
230	230	82	82	46
562	737	887	887	887
468	64	64	468	468
487	487	187	187	187
380	886	886	886	138
577	80	842	849	202
853	804	976	853	853
834	543	834	543	834
994	994	862	862	994
538	538	538	538	538
540	540	540	540	282
796	167	554	167	167
202	655	202	202	655
480	732	911	801	458
482	833	48	289	386
588	798	63	798	798
846	734	846	846	938
375	787	732	375	375
837	450	767	30	624
674	929	929	929	674
668	668	55	668	668
956	956	96	96	956
754	996	754	754	996
340	966	340	966	966
797	797	797	916	916
782	714	714	782	782
92	108	92	92	92
488	459	301	769	641
695	487	85	85	85
471	110	110	110	471
703	703	886	703	254
424	143	48	48	48
52	242	847	812	485
178	178	178	178	630
31	114	595	508	874
612	221	221	221	221
276	419	385	627	212
897	897	897	897	791
876	581	604	604	876
987	102	419	5	549
731	232	731	232	731
439	439	27	439	27
63	81	81	81	63
642	642	999	40	999
392	392	41	540	392
651	448	448	651	448
195	480	97	613	590
436	682	436	682	286
267	267	426	426	426
241	770	770	770	770
185	185	923	499	185
66	919	66	919	919
776	463	463	792	776
831	546	49	821	837
925	925	925	925	698
913	305	430	632	984
511	511	511	546	511
612	200	451	659	482
640	640	285	640	640
379	909	909	909	379
817	817	817	817	817
4	275	275	275	275
173	428	428	428	428
464	230	707	541	923
152	961	152	110	110
335	335	335	335	787
35	219	35	35	219
932	777	211	932	932
241	735	666	406	344
793	793	293	793	293
913	610	720	610	720
467	38	467	467	467
10	10	10	146	146
276	276	295	276	276
374	757	757	757	374
161	35	161	35	161
470	513	513	470	470
850	979	850	979	831
366	791	791	366	366
731	599	731	731	599
96	566	96	96	96
831	79	2	259	381
831	831	787	787	787
929	929	929	929	929
829	829	829	204	204
568	135	484	652	771
421	376	421	421	421
206	206	206	845	206
841	380	380	380	380
173	540	540	173	173
259	808	419	548	329
468	468	971	476	971
471	980	471	471	471
177	332	332	177	332
751	693	651	751	651
332	267	332	267	332
248	58	209	58	248
81	81	563	563	496
188	539	211	90	573
202	202	202	269	202
979	585	979	979	585
830	11	664	664	11
454	268	268	454	268
142	798	142	798	798
898	649	898	649	237
34	34	34	794	34
738	738	52	52	738
113	113	64	64	113
470	470	470	251	470
873	364	693	693	693
888	881	588	61	981
626	361	537	577	395
974	534	534	974	974
893	329	542	893	893
918	918	521	174	918
566	566	566	566	566
682	629	629	682	828
532	344	532	344	344
400	662	400	662	662
792	875	676	676	792
698	631	698	698	698
628	628	628	444	222
576	5	576	659	5
272	182	413	881	737
572	657	657	572	357
356	348	348	348	691
479	367	479	367	479
813	461	461	461	813
256	256	15	256	256
900	694	487	419	983
792	792	190	190	792
892	892	342	892	342
210	210	173	210	210
973	287	879	670	2
317	55	55	723	723
435	435	121	121	121
125	125	125	125	125
543	458	458	543	458
952	952	952	421	952
112	452	452	112	452
968	346	564	743	484
247	926	247	247	926
42	271	271	42	754
537	14	14	14	537
123	374	123	374	374
348	353	353	348	418
503	503	924	503	924
76	867	501	517	443
119	988	610	988	988
20	821	20	20	245
614	248	852	248	614
88	718	718	88	464
421	421	668	37	668
7	66	7	66	7
928	989	928	989	928
486	843	486	486	486
952	497	952	497	497
595	786	595	595	786
463	505	505	463	505
564	284	564	284	284
378	533	925	378	533
387	338	75	387	75
166	211	575	641	754
709	372	709	372	709
743	581	373	373	373
775	725	74	319	331
895	895	895	860	860
793	595	518	127	126
815	750	815	578	815
619	867	867	619	867
224	224	152	780	152
695	695	695	695	72
988	501	894	821	322
404	821	511	110	713
690	51	180	677	387
751	751	751	751	751
368	467	368	368	368
187	656	656	187	187
988	533	988	988	988
129	129	129	849	849
665	665	587	587	665
421	922	777	282	270
159	124	13	13	13
146	809	146	809	146
371	453	453	371	784
411	442	328	218	364
809	683	452	452	683
51	396	352	215	939
925	719	719	719	925
857	806	84	80	567
863	77	77	863	77
299	299	149	299	149
501	488	501	488	501
868	66	420	66	420
785	912	785	785	785
740	265	265	740	943
655	401	655	703	703
363	363	363	856	363
187	187	525	614	187
758	21	21	21	21
16	39	668	471	587
992	992	992	171	171
136	993	136	993	136
730	628	628	52	52
986	771	555	771	555
568	338	568	787	338
151	180	180	180	180
427	427	367	367	367
889	787	787	787	787
652	544	544	652	544
670	411	968	186	257
869	869	869	869	869
420	420	420	669	420
695	695	695	252	252
537	537	537	399	399
698	58	698	58	698
17	44	385	77	949
71	296	71	296	71
144	180	125	180	180
1000	322	1000	719	322
473	862	473	473	862
553	553	632	553	553
679	111	679	854	854
447	550	550	550	550
847	847	847	847	183
757	537	537	874	537
538	538	538	538	113
732	301	732	301	732
386	722	386	386	722
952	823	952	952	952
63	39	35	145	10
701	645	582	701	701
921	921	921	50	921
652	652	416	828	828
440	625	501	625	501
473	473	473	297	297
267	814	267	267	267
187	187	725	187	187
410	410	900	900	900
574	91	923	923	923
364	613	613	217	613
643	802	643	802	802
464	320	410	410	464
168	939	939	939	939
382	213	382	213	213
159	159	451	451	451
758	182	182	182	227
775	656	656	656	775
288	288	288	288	288
523	523	523	523	464
978	31	31	978	31
466	138	138	823	138
286	40	286	286	40
144	468	584	460	802
982	982	982	982	982
820	820	820	820	820
504	504	736	767	504
817	182	817	817	817
442	686	442	686	442
985	885	885	985	964
502	502	502	502	502
180	520	520	520	979
392	392	392	392	392
713	713	713	713	649
100	66	453	66	453
630	261	261	630	261
645	645	645	956	714
575	89	575	89	575
968	998	998	968	968
382	522	382	382	382
952	46	823	302	612
235	879	235	879	879
939	414	504	504	504
293	99	125	405	19
323	323	416	323	323
610	316	191	143	617
547	818	818	112	112
436	366	994	461	149
203	551	203	551	203
491	553	647	491	553
51	627	969	847	16
313	971	572	313	971
862	963	873	354	922
516	516	516	188	516
781	781	781	781	10
462	338	338	338	462
138	561	904	911	144
109	2	109	2	2
7	753	182	753	753
576	122	715	94	411
785	973	785	973	973
749	887	749	887	749
648	648	648	752	648
275	794	734	275	734
918	918	312	918	312
40	883	250	376	403
23	355	23	23	23
826	826	413	826	413
524	420	136	420	420
908	364	280	280	908
96	460	722	222	45
784	784	148	148	148
530	530	898	530	898
784	251	559	2	961
984	984	994	994	994
785	29	785	785	29
503	503	804	503	804
113	526	113	526	526
541	569	664	664	541
181	963	963	963	41
467	128	128	40	40
238	2	2	2	2
633	453	453	453	633
412	535	412	535	412
960	959	541	960	960
88	861	515	214	417
449	919	449	449	449
201	641	417	641	201
645	645	506	506	506
275	739	668	400	863
529	21	684	677	156
237	409	237	409	165
595	472	595	472	472
274	274	274	274	274
307	307	307	307	627
838	311	838	838	311
434	754	694	59	790
958	958	958	369	958
507	285	230	787	217
665	110	961	856	451
167	799	799	799	799
610	90	539	194	22
777	246	116	670	562
664	664	664	817	817
622	622	897	622	840
877	529	259	812	830
779	197	156	156	156
496	496	496	441	441
904	904	904	904	904
677	910	906	143	447
226	226	226	575	575
221	106	984	457	891
348	348	348	481	481
546	511	546	546	511
29	627	695	390	16
285	747	285	747	747
652	393	393	652	652
824	345	375	701	302
335	335	335	335	103
143	164	143	164	143
420	420	420	393	393
626	918	918	626	626
133	703	65	133	65
347	750	750	750	347
264	264	264	107	264
64	64	27	64	64
762	786	674	786	762
771	247	771	247	247
337	966	840	337	966
380	380	156	156	156
435	810	810	56	810
819	819	818	818	818
777	846	777	846	777
886	492	492	492	492
677	748	748	731	731
109	109	109	627	109
906	320	906	320	906
952	952	952	667	952
535	828	535	828	828
44	44	44	660	44
364	618	423	364	618
880	880	880	880	880
823	823	823	823	812
208	208	172	172	208
756	650	756	650	756
742	828	66	602	183
496	821	517	274	699
319	969	319	319	969
423	805	805	423	805
469	479	469	469	469
20	268	20	20	268
895	261	107	230	703
200	200	200	200	508
156	772	772	156	772
440	440	826	440	826
668	127	127	127	668
607	376	3	376	3
830	830	750	750	205
374	374	374	588	374
444	731	156	966	617
487	87	724	809	719
124	124	124	124	526
344	344	664	344	344
539	593	593	593	593
809	108	108	160	809
460	547	270	270	547
107	430	107	430	107
97	35	35	471	35
820	820	820	820	820
447	447	447	447	254
616	616	616	616	616
783	269	281	56	664
520	828	520	828	828
610	1000	1000	610	610
906	170	170	906	170
622	908	908	908	908
235	235	419	419	419
703	918	341	703	703
455	226	976	325	58
368	368	165	368	368
730	307	307	307	730
522	867	771	680	424
969	92	969	969	969
327	19	19	19	86
777	824	20	901	259
337	717	789	230	629
926	661	661	926	926
94	942	86	671	419
168	254	254	701	254
843	623	623	1	843
787	787	787	787	787
469	887	469	469	887
627	408	214	296	871
466	575	466	466	575
744	230	230	744	744
13	296	296	13	296
44	44	44	44	494
802	498	802	802	498
340	340	618	618	340
411	84	296	304	278
786	215	297	700	892
921	615	218	615	921
370	487	370	370	370
699	766	766	766	699
166	238	178	110	611
624	624	187	553	187
202	202	202	325	202
927	934	934	934	934
685	181	451	685	181
701	931	233	417	419
415	870	97	650	709
500	793	247	500	500
371	371	371	295	371
811	539	180	502	485
698	25	25	25	698
115	115	354	354	354
87	874	155	703	243
644	644	307	275	307
792	591	296	792	792
832	832	776	776	832
497	497	296	497	497
61	415	61	61	61
221	85	85	85	85
996	996	673	996	996
412	510	388	412	412
874	874	874	874	9
890	890	890	613	613
329	329	726	329	726
883	574	883	574	574
326	629	326	326	326
777	499	272	32	114
179	447	766	766	766
960	960	960	561	561
548	548	282	282	548
33	33	114	114	33
353	206	353	353	206
435	905	642	924	173
133	598	48	133	48
370	370	370	800	800
331	689	788	417	11
217	813	217	813	813
520	520	520	520	397
371	826	371	371	371
364	696	364	364	696
310	816	341	341	341
912	912	188	188	912
513	220	220	220	513
237	439	768	348	110
681	117	615	466	542
184	184	184	992	992
903	903	33	903	903
343	142	343	343	343
716	227	876	837	644
414	414	617	414	414
652	652	652	683	652
253	253	253	142	142
90	90	90	90	454
54	54	54	54	171
518	25	25	518	25
341	891	341	341	341
542	542	698	698	698
573	573	573	62	62
103	506	506	103	103
73	330	907	330	907
513	356	513	513	513
798	379	445	445	798
413	731	797	981	66
434	843	434	843	434
660	511	848	511	511
610	610	426	610	426
907	897	191	191	191
229	561	448	327	738
7	559	559	559	559
870	133	133	744	744
700	869	575	869	869
515	217	217	515	6
963	248	859	333	64
687	371	579	117	219
786	786	725	169	169
968	159	159	968	159
918	918	918	918	918
816	163	936	961	106
234	234	319	675	319
791	98	98	98	98
551	551	668	668	551
281	281	695	695	695
66	165	721	624	685
814	869	869	814	869
628	131	976	880	890
736	558	736	558	736
649	705	705	649	705
9	328	328	9	603
430	917	917	917	430
302	483	483	302	483
387	387	387	889	387
713	532	92	39	64
322	322	68	572	572
479	594	479	723	479
334	240	973	973	240
531	70	531	70	70
366	366	943	943	943
379	290	965	961	711
592	592	321	321	592
201	348	201	348	348
677	901	29	725	8
870	405	405	870	870
134	134	134	134	429
435	719	853	568	433
244	37	244	244	244
708	708	708	708	708
942	942	942	834	942
616	616	656	656	616
920	139	920	920	139
528	982	528	982	528
123	123	738	123	67
257	832	870	603	370
135	135	772	943	135
818	818	818	689	818
484	293	484	293	293
317	919	317	317	919
1	960	259	199	234
280	533	350	533	350
815	49	49	815	49
263	169	169	169	263
517	517	517	517	322
902	792	774	903	34
419	419	419	863	419
827	827	827	827	392
718	718	467	279	279
274	173	274	173	173
490	490	852	852	490
251	251	673	673	251
811	299	751	854	446
435	704	800	615	711
690	257	388	656	417
247	879	105	347	809
85	85	582	85	582
887	887	698	737	887
968	968	968	548	127
945	862	945	399	862
711	711	711	711	522
136	136	943	136	136
26	26	898	26	26
170	170	273	273	170
843	843	843	843	843
915	508	508	508	915
573	962	820	796	343
404	404	697	697	697
733	831	733	831	733
659	383	383	659	598
449	253	859	699	419
701	220	184	701	701
68	68	68	818	818
637	42	42	637	637
433	420	433	420	82
770	639	639	639	770
981	981	137	137	981
708	577	392	282	495
393	687	756	393	756
865	865	336	336	865
63	63	63	63	448
185	188	188	438	438
892	892	832	892	832
767	917	917	917	917
223	223	684	223	684
853	938	938	938	938
407	716	407	716	716
118	87	986	986	986
647	951	940	326	692
512	639	639	639	512
259	259	259	259	259
638	167	167	638	638
892	579	579	892	579
985	985	985	497	497
583	695	583	695	583
560	155	698	228	398
460	460	163	852	852
416	224	233	785	611
446	298	298	298	336
944	84	959	752	176
123	123	123	123	123
56	774	774	56	56
433	6	6	433	433
828	108	828	108	115
226	226	145	145	192
978	490	373	490	373
286	286	286	286	68
743	751	82	751	751
5	619	5	905	5
153	184	255	18	988
641	641	703	703	703
806	806	873	806	873
951	295	295	951	951
872	100	100	833	100
1000	1000	1000	1000	426
910	537	910	910	537
560	217	560	560	681
7	28	433	228	814
831	831	831	564	831
717	593	781	694	839
577	725	725	577	725
719	693	693	693	693
748	10	748	10	10
862	957	862	862	957
674	674	674	314	674
201	267	201	267	537
508	353	508	508	353
690	692	482	482	690
79	453	424	47	559
484	484	186	484	186
884	884	884	390	884
193	193	418	193	193
826	242	826	242	826
950	339	950	339	950
607	607	607	607	139
739	155	891	891	155
6	849	7	506	325
286	286	653	653	653
545	545	545	545	545
83	924	744	908	102
95	95	95	95	805
595	636	636	636	636
252	252	128	128	252
428	428	507	428	507
54	395	442	461	606
134	633	134	633	633
865	865	767	475	865
553	524	727	553	524
795	209	795	209	275
188	763	232	656	410
556	456	556	556	556
803	223	223	803	223
118	690	690	118	118
497	497	267	267	267
348	491	175	356	868
761	898	898	898	898
941	247	32	941	247
808	808	808	808	935
274	886	274	169	886
94	502	94	384	94
443	297	886	153	613
889	767	767	325	889
307	307	307	350	350
447	907	410	970	335
448	448	448	448	670
912	746	746	912	746
486	486	617	617	486
371	719	599	663	731
355	719	881	355	355
630	630	630	254	254
760	760	760	760	798
693	261	693	993	693
231	199	231	231	383
883	856	329	442	546
575	575	707	707	575
212	769	422	769	769
1000	1000	1000	389	389
815	251	251	815	815
581	581	475	581	475
341	341	341	530	826
233	678	233	678	484
821	821	157	157	157
697	697	272	697	470
444	289	444	444	444
754	10	754	399	10
882	882	882	882	882
57	57	895	57	57
653	653	653	653	653
821	359	88	628	102
940	212	940	968	940
207	836	151	516	922
535	535	996	535	535
188	188	761	761	208
818	547	547	818	547
970	631	631	631	631
754	754	852	618	852
425	467	467	467	467
748	748	748	748	748
848	848	909	848	848
586	586	205	586	849
190	896	896	190	190
60	60	60	60	495
274	404	274	274	274
947	569	805	947	947
990	76	758	525	891
193	193	604	193	193
142	142	256	256	256
676	586	586	524	676
402	446	408	147	338
275	887	8	992	465
713	698	713	698	698
107	764	764	107	107
321	906	112	321	321
277	277	723	416	416
120	120	481	481	120
535	523	523	750	535
414	771	240	615	794
251	342	787	251	342
90	826	192	826	826
674	674	674	520	520
119	119	309	309	119
711	341	114	114	341
369	369	369	463	463
389	616	389	389	305
18	5	18	18	5
963	751	751	963	791
151	883	883	393	151
889	846	846	889	244
532	532	532	532	380
740	779	740	664	740
198	975	198	198	198
638	638	638	495	495
493	674	258	110	23
116	261	116	116	116
713	917	713	713	917
549	549	549	785	549
441	767	441	884	441
635	315	951	332	907
400	597	597	558	558
70	70	70	477	70
952	526	979	445	599
503	952	622	952	622
752	6	785	506	150
334	573	35	483	57
193	405	565	405	193
637	704	704	637	704
161	161	555	161	161
788	992	788	788	992
468	468	468	126	468
330	345	556	556	345
479	479	479	479	710
456	423	555	244	40
230	722	731	464	477
115	789	789	115	115
748	34	748	34	34
829	12	829	829	461
136	558	136	136	558
711	711	711	711	220
660	223	328	755	331
4	652	652	4	652
573	573	928	573	928
299	322	875	243	903
1	553	344	1	553
559	783	559	559	573
600	601	192	749	602
966	966	545	966	966
938	548	141	260	556
596	596	83	596	83
970	617	98	247	566
560	615	615	615	615
23	6	831	162	186
557	557	520	557	520
232	768	232	768	232
679	679	679	679	447
452	158	593	593	158
293	196	196	196	293
753	467	467	753	417
586	925	586	925	925
875	186	186	186	875
552	779	552	552	779
559	559	559	125	559
1	614	614	1	1
276	817	63	755	853
768	455	385	528	427
835	770	835	770	770
424	424	958	424	424
451	899	899	899	899
551	551	572	572	551
542	604	734	936	222
140	118	118	697	140
915	171	180	171	171
928	928	928	509	928
619	514	514	514	619
882	132	700	584	120
732	732	689	689	732
809	168	352	979	72
423	739	423	739	739
184	184	184	184	184
987	987	987	971	971
240	154	154	240	154
158	345	158	345	158
822	822	822	454	454
43	43	960	43	43
514	834	834	834	834
872	330	330	872	872
799	799	324	324	799
24	69	24	24	766
126	283	126	913	126
671	490	490	490	671
903	655	298	298	298
580	147	115	147	580
117	980	980	117	348
694	973	694	973	694
977	510	977	510	510
910	196	196	910	910
763	763	763	763	763
106	782	782	782	663
892	892	642	892	642
606	849	606	849	736
593	593	423	593	898
730	520	659	153	565
876	876	876	41	41
80	458	308	606	771
331	331	331	331	331
384	384	384	115	384
407	349	156	642	187
662	662	365	356	365
242	776	776	242	242
324	785	324	785	324
38	38	207	207	207
163	163	163	163	625
362	362	901	901	362
859	122	720	848	730
771	996	996	771	771
99	99	740	81	740
315	315	315	315	315
268	760	268	268	268
785	183	785	183	785
138	140	138	140	582
927	927	295	927	927
552	674	839	674	674
474	474	108	577	577
616	616	616	616	642
750	62	960	960	960
616	547	547	616	547
500	546	457	201	69
714	97	97	714	714
710	710	908	710	594
957	400	957	400	400
346	198	198	950	950
336	166	20	309	915
363	363	939	939	519
278	849	278	849	849
650	982	837	650	650
882	640	726	882	882
619	298	577	577	298
476	715	120	120	120
781	781	598	598	891
7	775	51	837	75
544	708	667	241	532
472	279	907	693	275
623	623	541	623	541
194	194	930	194	930
290	290	290	490	290
620	648	42	648	648
944	499	499	944	499
291	291	368	368	368
48	360	360	48	913
896	419	961	662	116
409	186	290	907	391
38	479	38	479	38
892	839	839	839	892
520	31	520	520	31
809	809	330	809	809
2	2	2	2	2
37	436	599	436	436
721	599	73	324	295
492	492	492	193	946
475	497	260	182	363
243	343	343	243	243
531	531	58	531	58
630	829	74	74	630
647	647	562	562	562
52	490	490	490	490
721	721	169	990	169
311	538	966	966	311
364	796	79	487	425
473	471	473	473	471
796	273	481	481	796
547	322	322	547	761
67	748	519	834	168
126	126	567	389	389
480	134	134	134	134
162	162	34	353	34
928	928	569	17	569
59	536	59	59	59
636	604	604	100	604
775	24	269	24	24
454	756	138	759	781
317	354	752	410	160
391	898	479	918	720
81	991	81	81	81
220	150	150	150	150
325	106	325	325	106
674	664	444	696	345
324	324	324	952	324
976	299	976	299	976
587	900	587	990	990
89	511	89	89	511
918	529	918	918	918
138	758	461	138	138
823	823	831	823	823
376	116	116	376	116
427	427	678	427	678
894	653	894	653	894
327	603	327	327	327
812	430	812	645	430
916	985	985	985	346
421	512	818	512	818
855	855	381	381	381
521	484	484	521	521
758	62	758	758	62
786	337	786	60	337
627	998	37	664	477
867	57	57	64	57
13	781	716	352	680
974	974	348	974	348
60	801	801	60	60
635	819	635	635	819
895	485	895	895	485
551	551	340	551	551
460	64	460	64	64
952	385	385	952	952
101	101	726	726	726
293	941	941	293	293
715	715	715	715	338
292	736	736	292	292
440	452	440	440	452
883	303	303	568	303
200	546	541	291	987
970	890	970	890	890
496	318	118	216	452
285	189	728	189	728
445	685	685	934	685
54	54	362	54	362
740	740	740	214	740
50	756	756	50	50
315	681	547	547	315
441	441	441	441	1000
462	704	462	704	462
843	843	843	648	843
456	349	258	258	456
484	108	484	589	484
780	780	780	158	780
773	773	887	773	773
561	256	561	561	256
842	493	783	953	350
922	128	912	967	344
660	468	468	468	660
234	234	234	162	234
203	203	409	546	409
579	131	131	579	131
314	1	314	1	1
344	230	344	230	230
818	818	700	515	700
49	494	49	494	494
624	957	624	957	957
645	645	645	645	409
881	881	881	881	139
879	531	531	879	531
980	733	733	980	733
43	103	507	507	103
578	651	746	456	128
495	577	248	248	577
480	270	225	270	480
15	15	948	948	948
124	480	480	124	480
573	425	404	69	65
286	488	589	709	864
871	932	932	932	334
130	207	130	744	130
929	964	676	413	211
415	415	630	630	630
526	526	9	526	526
684	684	570	594	684
395	375	318	254	976
906	260	260	260	260
456	642	456	456	642
994	994	994	123	668
982	140	140	982	962
965	615	965	965	965
653	192	653	653	653
684	684	32	684	684
748	748	748	556	748
802	215	802	802	448
411	981	895	394	219
49	49	755	755	49
279	611	897	279	897
822	847	521	814	818
164	159	159	159	164
134	134	134	134	134
882	882	882	956	956
524	268	524	268	524
2	607	607	607	2
638	144	198	144	638
883	211	883	883	883
700	700	700	752	752
156	119	572	275	892
837	839	683	724	679
644	526	724	724	526
203	559	559	203	203
451	196	451	196	451
182	182	822	182	216
627	149	149	653	653
646	880	646	880	646
784	511	101	624	476
764	568	717	717	764
586	299	353	994	822
753	940	56	114	117
370	370	844	844	844
799	799	799	714	714
162	369	937	471	490
193	193	193	193	780
664	664	664	364	364
554	695	554	554	554
749	749	749	309	309
505	505	21	128	128
655	655	761	655	655
703	703	703	703	987
3	3	851	3	3
168	168	776	168	776
583	583	583	148	148
283	115	825	802	621
434	372	329	419	120
945	794	63	603	28
15	905	15	520	905
485	887	976	743	27
117	117	593	593	117
929	66	690	929	929
384	511	511	511	384
964	331	964	331	331
677	351	499	499	677
945	945	173	173	945
359	359	642	642	359
85	85	943	943	943
888	907	907	907	907
429	307	997	429	429
694	694	396	694	396
563	727	563	727	563
887	887	677	887	33
742	483	659	257	561
567	997	567	997	997
841	846	72	841	841
822	26	26	26	26
952	525	759	466	294
575	540	575	575	750
141	801	202	966	414
523	580	523	299	580
344	515	423	423	423
592	592	592	640	640
332	332	932	932	332
346	320	346	320	320
784	280	734	843	92
749	749	749	744	744
470	867	528	596	592
769	819	769	769	769
396	428	434	396	396
780	533	782	780	782
732	932	245	5	903
35	327	35	327	35
37	551	37	37	609
647	647	460	460	460
111	20	20	20	111
143	143	143	54	143
844	921	844	921	921
716	632	716	716	716
737	669	972	972	669
493	493	210	493	493
86	86	965	86	86
751	313	313	313	313
922	740	740	922	922
197	48	999	631	488
136	541	541	136	541
267	46	488	982	290
769	132	132	132	132
920	211	308	945	816
295	295	738	738	295
681	290	290	681	941
309	878	944	347	89
775	775	775	775	149
825	34	825	825	34
998	302	998	95	998
894	690	325	325	894
449	172	109	172	449
885	885	885	89	649
113	113	457	457	113
583	106	106	583	583
651	921	921	921	921
861	861	861	861	861
742	517	742	742	517
799	799	799	799	799
629	216	629	524	216
333	64	436	766	28
881	881	881	881	515
74	420	155	452	464
865	865	669	669	865
522	454	522	522	522
724	763	763	763	794
898	950	239	950	239
378	410	410	410	410
12	25	25	12	12
341	341	612	341	341
210	210	715	210	715
8	8	840	8	695
794	365	365	985	365
103	103	103	577	577
609	364	282	308	797
17	458	619	558	94
268	167	268	268	916
534	395	359	157	736
364	872	364	56	872
244	840	840	244	840
332	332	874	332	874
781	234	234	781	781
828	159	521	159	521
372	930	930	930	930
597	689	597	689	689
163	509	509	163	163
436	802	436	436	436
946	94	854	90	335
745	739	593	529	898
541	796	324	365	423
778	778	833	778	833
755	276	276	755	276
720	720	720	185	185
380	845	845	845	845
166	37	37	166	166
846	846	846	553	553
311	544	311	544	544
128	128	737	737	128
751	751	628	628	751
494	494	91	494	91
986	118	101	408	926
190	79	79	190	79
325	325	325	325	10
946	297	824	824	824
486	486	194	194	486
810	423	3	3	423
421	421	421	934	934
765	438	438	438	438
65	65	206	65	65
333	333	333	333	333
723	723	869	723	869
109	603	603	109	109
335	370	335	335	370
83	574	83	574	83
690	232	94	634	62
779	711	711	779	334
96	384	96	96	384
367	391	681	808	324
191	997	806	997	997
720	352	720	352	720
78	78	866	78	866
774	613	124	774	613
678	678	678	678	678
561	547	516	547	561
472	523	567	704	528
284	376	716	322	210
272	272	519	272	272
373	254	373	254	990
170	954	848	984	983
824	288	180	288	180
4	4	29	4	4
146	897	907	180	172
502	505	502	758	758
67	981	885	183	417
991	887	76	991	887
40	989	746	176	85
812	938	175	899	717
376	376	965	376	965
600	368	368	368	12
566	91	720	442	37
955	955	562	955	955
706	601	706	601	706
735	81	735	735	735
36	287	287	36	36
613	710	710	613	613
192	86	612	125	207
303	339	303	561	561
599	43	599	43	599
572	815	815	572	572
89	201	89	201	201
654	842	654	654	675
743	237	227	227	743
72	623	15	876	560
217	848	848	931	848
632	632	70	632	632
725	25	25	25	725
705	399	399	705	705
689	689	689	689	425
120	120	125	98	125
62	766	824	203	138
755	755	363	363	363
640	328	328	407	328
661	678	196	264	853
684	131	507	204	986
331	420	520	731	876
54	346	396	898	681
129	410	341	473	801
477	477	405	477	477
647	860	384	541	475
947	609	609	609	609
925	925	925	501	925
89	988	988	89	89
564	564	564	873	564
145	399	648	632	184
119	119	119	119	794
930	807	873	930	873
747	716	153	566	135
859	859	859	153	153
165	763	763	763	763
585	335	335	585	335
213	213	659	659	213
709	709	709	709	709
266	646	266	266	646
594	594	997	594	594
802	802	802	385	385
858	361	864	515	811
514	212	127	451	512
773	773	245	773	245
731	104	296	897	878
708	873	292	357	127
68	339	383	655	255
595	595	593	595	593
263	976	976	976	263
230	230	230	230	592
364	364	620	620	620
29	257	257	29	257
768	830	830	768	768
572	784	263	484	429
524	273	77	77	524
977	260	260	977	249
627	537	506	572	650
555	368	977	92	911
310	907	419	61	856
910	910	910	30	910
408	432	408	432	408
929	929	711	929	929
911	852	366	84	948
52	52	859	859	859
824	824	556	824	556
933	645	861	888	17
583	863	583	583	863
825	825	214	550	825
179	179	698	698	179
678	678	487	487	487
938	818	938	938	818
465	25	25	465	25
569	483	569	569	483
470	762	578	486	921
531	352	352	352	967
347	575	347	347	575
627	360	360	145	360
809	12	300	12	300
176	733	733	733	176
709	709	442	442	442
172	650	143	41	25
731	390	973	771	364
752	112	752	112	752
685	161	497	149	277
227	817	888	888	817
790	899	28	931	881
498	15	15	498	498
377	377	947	947	947
908	908	908	908	848
35	15	15	15	35
495	308	971	495	495
939	939	113	113	113
546	914	546	914	546
603	603	603	157	142
192	461	84	305	685
785	785	785	785	734
381	279	279	279	279
272	272	272	272	500
634	428	863	863	863
637	616	637	994	616
642	642	208	276	276
644	201	644	644	644
115	115	115	397	115
672	697	697	20	697
865	865	865	63	865
903	903	742	742	903
488	488	399	488	488
400	400	922	400	400
213	273	223	958	238
517	123	517	674	674
375	459	459	459	459
946	946	524	524	818
925	279	590	890	300
513	185	305	305	185
977	599	599	599	599
172	717	172	717	717
598	318	318	318	598
813	218	218	45	813
722	723	729	887	12
884	698	884	698	297
141	426	518	122	927
723	723	723	925	723
509	596	509	509	596
217	616	357	457	299
553	960	340	363	670
859	773	773	536	773
132	132	132	132	132
496	237	496	96	237
794	735	68	625	216
608	608	608	608	731
367	849	849	849	849
107	107	829	829	107
185	733	442	2	259
546	546	546	546	247
353	353	876	824	824
717	824	483	717	824
817	658	881	817	658
606	915	439	661	496
296	114	709	296	114
543	792	543	543	162
877	298	877	298	877
656	816	656	656	656
161	15	15	15	15
581	581	710	710	710
448	903	121	14	521
836	37	625	73	806
192	457	291	311	8
953	953	725	725	725
793	895	602	602	793
612	730	730	612	612
496	496	496	496	453
816	296	816	296	816
465	9	465	465	465
878	878	878	878	153
928	318	321	319	839
322	322	322	735	735
816	931	435	621	10
481	2	835	174	376
916	916	916	916	614
7	7	644	7	644
453	100	100	453	100
447	923	923	447	447
356	275	454	147	929
808	577	872	547	672
33	475	215	836	878
245	770	770	245	770
238	179	179	303	179
253	784	253	441	441
312	445	445	312	312
786	374	267	786	786
611	111	611	111	111
666	666	694	694	666
367	569	712	712	367
786	786	786	786	928
860	480	860	480	480
431	514	109	472	501
714	919	714	919	714
1000	1000	487	1000	1000
571	848	848	571	848
868	868	174	868	174
987	473	473	987	473
393	393	19	393	393
793	553	540	432	688
322	506	506	506	211
403	322	322	403	403
463	463	463	156	463
101	753	753	101	101
80	395	682	55	387
138	447	447	447	995
590	845	628	587	318
896	877	877	896	877
818	544	544	544	544
172	610	172	845	172
557	557	460	557	557
871	871	178	610	178
251	683	251	683	251
938	447	829	440	626
933	933	828	933	425
409	812	131	409	409
500	500	500	531	398
762	762	659	659	762
180	180	180	180	861
93	93	551	551	93
856	782	451	61	887
179	179	809	809	809
999	820	820	820	820
530	530	530	766	766
468	468	468	153	153
988	942	684	518	453
200	532	598	900	586
96	96	712	712	96
472	798	988	891	948
128	303	771	306	918
674	784	784	702	702
314	329	296	632	157
467	991	801	321	217
683	567	567	683	567
894	619	894	894	619
929	929	929	688	929
605	534	519	521	145
885	771	297	363	109
310	332	332	332	310
296	296	296	172	296
359	359	359	359	359
902	902	264	902	264
502	502	288	502	288
37	37	738	657	657
564	564	72	72	840
76	289	575	50	670
526	364	364	364	364
27	354	354	27	354
758	758	758	758	226
540	186	186	540	540
840	385	385	385	385
277	103	737	103	103
179	964	179	964	964
557	557	557	557	557
1	940	940	484	1
531	277	635	749	182
936	936	256	256	256
672	129	206	741	830
873	485	873	873	485
179	179	217	179	179
434	434	434	434	434
962	962	680	680	962
55	73	55	690	73
334	334	857	857	334
515	515	515	762	762
889	889	802	889	802
350	925	707	707	925
146	814	814	146	146
186	186	32	186	600
992	775	992	992	992
299	14	314	314	14
83	438	552	552	438
288	288	967	209	967
394	539	279	168	122
972	695	972	972	972
352	711	205	219	340
812	636	147	7	640
637	637	541	637	637
982	982	913	982	982
362	306	362	362	651
818	818	818	648	999
866	344	327	227	510
46	46	46	214	214
35	468	35	66	468
273	273	273	907	907
672	672	672	672	672
764	363	383	708	97
523	118	216	607	605
828	305	929	479	515
175	175	81	81	81
348	507	650	386	319
78	78	30	78	78
614	968	209	137	626
212	526	526	212	224
269	811	495	489	27
815	511	229	192	200
155	155	155	629	155
571	596	596	904	596
934	196	934	934	934
973	625	973	973	325
553	553	925	925	925
95	785	454	451	432
333	749	727	333	727
655	335	335	655	655
572	954	387	11	69
515	384	384	384	384
217	795	156	795	795
776	776	776	858	858
844	844	677	677	677
607	169	360	647	482
666	529	666	666	529
485	330	485	485	330
904	904	511	511	511
181	181	181	736	952
207	520	207	207	520
638	862	638	862	638
86	438	438	86	438
640	957	640	957	640
823	354	324	852	660
336	336	336	258	336
288	39	39	288	288
608	988	608	608	988
688	518	688	688	688
359	359	359	155	155
541	178	541	541	178
979	122	411	371	992
932	932	996	932	932
746	766	766	766	746
243	121	944	129	918
476	476	899	476	476
523	523	523	345	523
685	685	153	153	153
532	532	46	46	532
359	733	733	733	359
823	912	36	76	837
475	122	122	122	122
480	343	500	858	517
620	948	938	948	620
311	651	311	651	651
258	258	672	672	258
375	496	496	375	496
107	75	75	107	107
118	599	606	691	625
12	35	12	35	35
13	18	18	18	13
353	763	507	31	895
101	101	101	101	655
577	14	394	244	963
509	189	509	23	509
888	888	316	316	888
270	609	677	577	68
336	918	918	336	336
186	989	982	727	894
356	124	611	521	385
221	688	688	159	159
614	119	614	614	119
377	377	377	377	377
276	785	785	785	276
661	661	474	474	661
26	26	397	550	397
220	220	639	220	220
515	873	663	663	515
994	239	994	239	994
582	167	582	167	751
682	495	682	495	682
235	801	395	235	801
702	107	45	124	488
43	43	43	43	75
110	32	744	990	857
138	138	138	968	181
833	225	893	753	489
577	672	973	910	817
665	462	665	665	462
292	887	292	887	292
988	988	988	993	988
878	839	839	878	878
383	91	383	383	91
884	884	859	884	884
204	204	125	204	204
683	918	918	683	683
915	223	915	915	223
935	935	935	301	883
591	308	591	70	591
243	344	344	344	243
601	601	751	751	751
957	264	938	353	766
295	416	767	995	275
849	88	701	197	5
432	523	842	432	842
614	614	208	208	208
417	233	233	233	417
359	359	802	359	802
324	324	411	324	324
731	532	532	532	400
54	54	141	141	54
393	393	393	848	393
848	848	848	494	848
692	806	692	692	692
432	432	432	432	22
334	180	334	334	334
706	684	719	974	751
762	322	762	762	762
772	250	913	545	1
781	434	404	992	643
31	391	31	143	143
433	904	925	745	300
802	1	802	1	935
229	918	918	918	229
749	749	749	366	749
867	162	162	867	867
673	439	203	374	414
391	138	391	138	138
594	256	594	594	256
572	572	572	370	572
705	705	705	900	900
66	264	66	264	871
610	610	610	642	642
843	929	843	799	929
378	712	712	712	707
196	751	319	197	7
857	969	377	857	377
91	91	91	91	91
694	844	56	197	907
842	644	592	640	515
52	394	394	52	792
470	470	470	144	470
937	83	83	83	937
878	16	412	412	878
131	434	131	434	434
125	494	494	494	125
17	17	17	379	17
899	633	633	619	899
206	860	967	496	944
550	37	550	550	550
865	275	45	882	481
348	233	325	750	856
320	320	707	320	707
356	356	913	913	356
10	10	837	10	837
921	921	921	740	921
570	570	627	570	627
791	184	90	894	728
288	288	38	383	288
217	507	217	217	138
524	182	127	730	385
574	179	574	390	574
193	890	890	193	890
368	20	20	20	368
771	441	279	312	526
125	125	153	153	125
52	52	519	519	519
58	548	5	48	785
79	615	79	615	79
548	69	69	69	69
309	309	309	189	189
921	13	455	13	921
525	525	525	525	926
614	834	614	614	614
321	877	545	321	321
673	758	787	673	758
543	586	586	586	375
652	652	652	313	313
411	411	411	411	411
978	164	358	254	250
268	268	436	436	436
940	468	468	940	468
368	368	368	253	253
344	344	344	209	209
918	918	918	858	858
892	892	892	892	376
827	827	225	827	225
390	390	390	186	390
547	547	369	369	340
194	384	384	194	194
788	18	556	118	262
7	249	7	7	249
68	789	901	902	208
959	354	959	959	959
113	757	757	113	356
587	587	86	587	86
552	883	574	298	411
912	580	289	289	289
219	25	25	219	25
395	196	395	913	913
908	490	738	922	57
692	141	523	780	222
628	628	628	953	953
871	985	871	985	985
969	676	969	969	969
638	405	638	405	405
979	21	21	21	979
530	49	17	49	49
56	56	56	833	833
468	537	537	468	537
567	365	469	567	567
356	679	679	356	356
19	35	16	975	14
632	932	592	504	568
629	664	664	629	629
193	20	20	20	20
828	990	412	828	412
54	54	54	54	870
874	257	425	257	257
904	904	615	615	904
855	855	855	855	789
577	954	954	577	577
633	633	633	633	633
554	504	206	216	721
746	928	291	646	953
532	532	532	532	532
396	396	689	689	109
697	697	697	697	697
822	293	293	822	822
361	361	361	361	700
756	710	710	710	710
363	534	534	534	534
600	903	668	486	40
244	226	858	127	605
261	733	261	733	733
612	382	190	898	591
434	384	531	434	531
474	635	635	474	68
856	975	975	856	856
300	300	300	300	998
449	449	476	476	476
522	153	522	153	522
527	527	259	527	527
468	468	468	468	468
933	163	104	899	928
663	604	4	324	656
520	353	520	520	448
768	43	43	768	81
146	915	915	146	915
16	16	687	687	687
806	188	188	806	188
274	410	750	750	274
432	178	178	178	178
435	158	165	906	410
3	3	3	3	222
87	69	911	556	563
331	331	331	895	895
201	747	201	201	201
313	607	607	313	313
296	296	296	940	940
256	256	256	256	256
203	203	431	431	270
231	231	473	473	473
711	128	264	282	831
766	326	635	563	124
237	237	237	966	237
136	136	103	103	136
358	358	358	797	797
1	1	1	239	1
734	734	428	734	625
980	994	994	238	994
671	671	671	212	671
902	283	283	283	283
9	540	586	76	379
127	127	287	287	127
664	664	212	212	212
231	549	231	421	549
776	836	776	910	776
269	294	256	294	256
130	980	980	130	130
163	781	163	781	781
470	709	557	399	473
239	19	581	239	19
355	641	924	569	14
474	200	838	786	934
16	453	118	118	453
111	493	880	267	348
544	940	544	940	544
970	970	729	970	729
862	862	6	206	206
878	878	262	262	878
942	942	395	942	395
433	63	63	63	63
198	251	282	519	593
596	249	596	515	249
378	378	378	378	809
558	194	558	558	849
621	621	310	621	621
638	638	393	638	393
750	489	651	750	489
855	855	796	796	855
224	910	46	346	961
572	572	572	572	572
344	555	344	555	344
349	236	59	950	309
396	20	423	396	396
938	704	624	3	788
906	124	906	188	906
59	969	490	655	723
827	827	827	827	328
751	751	525	751	751
643	494	494	643	169
291	291	291	291	337
1	583	583	1	1
173	173	621	173	621
247	465	946	318	339
592	718	592	718	718
457	457	457	457	85
133	939	289	792	707
241	65	955	241	955
417	939	417	417	939
430	430	430	430	430
246	441	658	457	463
918	918	918	918	237
87	666	846	594	641
953	887	953	887	887
938	244	244	244	244
804	804	234	804	234
524	247	584	247	247
948	948	948	71	948
497	555	555	497	497
265	323	323	323	323
604	17	17	17	17
605	605	164	605	164
888	593	662	911	400
225	225	861	225	225
927	581	907	800	393
932	932	300	300	300
114	459	114	459	459
171	607	25	926	188
46	336	279	801	660
624	472	624	624	624
803	327	803	327	670
132	455	132	132	455
358	388	388	358	358
495	871	270	270	495
899	899	899	899	826
68	457	599	952	885
584	569	174	804	368
396	461	461	396	461
772	772	772	772	43
867	372	260	867	867
686	600	600	686	600
507	569	687	312	710
796	763	796	796	763
72	661	72	331	331
466	38	339	35	489
819	480	480	819	480
927	927	927	577	927
66	66	66	66	449
120	373	120	373	120
635	627	2	840	372
531	319	531	676	319
27	27	463	27	463
870	633	922	720	562
334	121	121	121	334
396	479	479	479	396
592	592	592	599	599
454	454	286	286	286
304	304	928	928	304
329	71	329	71	329
12	12	12	12	12
447	723	447	447	447
623	598	623	598	598
932	932	951	932	951
928	701	701	701	701
374	378	374	374	374
796	796	214	868	868
477	802	802	802	802
976	72	976	976	976
139	139	139	139	931
489	573	705	391	47
157	804	157	185	804
136	136	865	136	136
916	48	505	866	693
911	568	568	911	911
358	358	358	50	50
662	662	662	662	177
763	19	749	490	756
17	60	60	60	17
271	455	838	907	84
972	972	972	145	145
36	36	115	115	36
959	959	97	97	97
822	308	441	82	102
473	888	473	888	888
874	874	799	799	799
738	696	738	474	696
895	499	499	895	895
565	353	780	780	780
387	763	141	116	878
634	197	634	197	197
405	405	409	405	498
439	955	721	955	721
628	178	628	539	628
387	387	387	387	414
116	116	116	414	414
215	215	54	215	54
372	493	493	372	493
962	460	187	686	794
817	909	909	909	909
170	51	549	549	170
618	728	839	321	211
508	693	928	928	928
730	56	56	56	283
201	858	858	201	201
717	795	28	795	717
430	430	430	430	715
18	450	18	417	18
830	639	731	29	217
420	420	875	420	420
137	137	449	137	137
652	652	652	866	652
763	763	763	512	512
504	813	504	272	504
785	446	785	551	446
937	638	685	638	685
339	149	712	288	492
304	304	304	697	304
937	233	937	937	233
598	571	488	598	488
960	210	210	960	960
278	207	207	578	578
466	316	316	316	466
487	400	413	112	268
321	321	919	919	919
735	735	710	710	205
653	208	131	208	131
980	980	652	652	980
653	1	653	653	653
955	740	955	740	740
333	333	333	615	333
955	515	515	955	515
162	162	125	162	162
477	477	477	477	681
225	678	225	225	225
929	929	929	929	28
386	386	386	386	386
583	928	731	149	492
875	677	875	875	677
34	175	516	516	516
311	311	311	799	899
23	225	776	483	600
165	388	388	165	165
182	182	848	653	182
242	752	752	242	242
532	785	683	786	344
371	371	745	745	745
243	302	182	174	790
151	89	988	151	988
712	424	712	424	424
143	32	32	32	143
686	686	686	686	788
170	170	780	902	170
485	400	485	400	400
762	762	220	762	220
852	852	852	353	17
824	649	824	649	649
814	490	112	280	461
979	632	125	125	632
729	729	553	553	313
362	362	78	78	78
319	915	319	915	915
910	340	340	340	340
22	39	22	22	22
203	642	431	130	630
166	199	199	199	166
143	143	150	143	143
304	198	198	304	304
613	613	86	887	887
277	744	490	721	196
888	466	896	445	100
887	439	887	887	439
506	506	506	341	341
188	930	925	537	276
926	821	81	470	574
319	901	901	901	901
538	25	194	392	702
783	783	783	66	66
263	772	772	772	263
349	349	349	349	349
595	722	595	595	595
751	751	751	470	470
278	278	278	110	110
570	840	840	570	840
924	566	925	924	566
508	216	308	174	126
215	514	593	593	215
774	374	374	174	374
530	807	586	586	807
871	395	370	228	376
152	152	359	152	317
772	759	759	759	759
870	18	18	18	80
694	300	694	300	300
723	723	862	862	218
618	827	827	827	827
655	655	655	655	655
446	446	446	432	446
676	169	305	169	676
380	301	206	380	206
340	78	809	323	398
658	943	658	658	664
59	683	59	59	139
691	691	548	691	548
710	710	710	710	710
936	936	543	936	543
25	579	697	942	769
254	282	341	282	341
521	308	308	521	362
163	466	163	163	163
852	852	132	852	132
396	205	672	205	205
699	699	699	840	699
159	850	159	159	850
210	210	379	379	379
693	693	693	257	693
736	309	697	148	100
585	14	14	585	14
856	124	317	856	856
274	274	341	341	394
784	682	730	253	1
137	810	810	137	137
591	659	659	659	659
378	378	627	378	494
104	543	851	120	177
161	161	161	161	161
673	893	893	673	673
693	288	693	288	266
1	372	1	973	1
607	79	79	79	820
433	95	433	433	95
657	657	467	467	657
987	987	681	681	681
871	910	197	248	347
873	464	198	707	934
122	122	667	667	667
881	262	262	262	549
874	874	140	140	140
362	614	396	614	362
527	513	527	409	513
403	133	128	872	901
964	100	964	314	964
593	593	9	593	208
525	525	525	525	525
58	101	897	298	480
782	459	782	635	782
732	273	273	273	273
666	666	441	441	666
762	37	762	37	37
190	174	174	174	174
596	437	437	175	437
239	399	920	93	704
271	271	271	557	557
792	792	792	784	784
474	366	910	872	922
985	912	912	985	484
827	567	74	74	567
111	585	585	585	111
600	950	10	473	613
842	133	133	842	133
715	358	701	741	710
27	27	27	418	418
535	535	595	595	535
507	547	770	51	994
496	805	805	805	555
966	935	935	935	935
158	158	158	158	949
315	395	447	42	537
901	185	901	901	185
365	531	365	531	192
157	813	813	813	813
499	629	288	629	288
228	899	581	581	899
284	219	284	284	284
944	320	190	320	320
160	160	409	409	409
49	132	132	132	132
439	631	439	631	631
774	526	774	526	774
919	795	795	919	919
45	701	659	45	45
292	183	764	207	82
138	661	138	138	806
105	105	494	711	494
846	846	846	846	39
253	29	253	253	29
130	240	972	898	660
322	322	511	511	521
8	8	949	8	134
119	639	491	971	230
104	732	732	104	104
8	54	365	957	186
267	958	958	958	958
320	743	320	743	320
960	16	960	16	16
47	389	47	347	389
790	303	790	790	303
254	555	254	254	555
1	1	758	758	758
337	845	785	845	785
154	264	264	264	264
446	703	703	920	920
194	194	769	769	769
663	663	838	838	838
384	384	384	384	133
464	464	464	464	147
866	866	466	466	866
786	292	786	292	292
621	621	177	177	177
10	10	10	10	10
137	938	990	759	437
732	732	732	732	746
332	214	332	3	332
92	349	979	11	990
942	127	942	942	127
613	526	613	526	526
459	459	459	576	576
228	241	241	228	241
992	983	983	992	992
261	264	264	264	261
291	910	910	291	910
624	801	801	801	801
7	7	7	187	187
273	998	273	273	273
66	674	281	498	770
330	483	330	271	483
726	985	130	558	966
208	208	958	208	958
244	443	443	244	244
431	431	193	431	193
998	998	998	901	998
227	227	978	978	978
169	884	247	884	884
378	581	197	378	378
154	66	392	528	485
907	907	332	907	332
376	453	376	376	453
991	547	991	523	547
710	710	692	692	692
30	110	110	110	30
371	371	399	371	399
621	342	858	858	342
678	678	937	937	937
534	727	534	727	534
745	745	429	429	429
156	749	119	180	599
171	896	896	171	896
447	361	644	412	681
240	897	693	490	636
20	399	442	66	300
256	264	996	774	441
842	842	842	842	526
700	648	648	648	648
370	370	370	938	370
756	756	228	756	228
791	615	791	615	791
315	599	807	693	676
515	771	676	718	928
522	603	631	938	78
462	738	738	984	984
767	767	767	911	911
214	214	214	993	515
864	945	864	415	864
751	479	530	782	364
158	743	767	266	618
377	571	377	571	377
827	827	118	820	118
55	55	216	55	55
713	608	713	713	713
286	24	24	286	24
358	638	70	41	361
163	163	163	163	312
196	196	196	536	196
974	805	429	736	372
520	520	520	135	135
192	711	711	711	192
27	27	136	27	27
26	327	327	327	327
445	271	271	445	714
610	337	610	337	337
592	592	592	592	592
789	144	234	888	629
317	45	396	682	365
591	614	571	414	245
84	951	384	384	384
991	446	221	221	446
981	602	602	547	547
453	453	589	453	453
821	419	609	715	387
978	774	841	467	16
34	854	60	295	794
104	104	104	666	104
955	912	955	157	912
427	427	427	427	86
639	639	427	639	427
242	323	562	365	453
690	137	137	137	137
317	11	999	832	539
662	662	662	507	104
740	9	458	190	215
956	956	538	538	538
634	634	678	634	678
490	674	994	806	23
446	446	904	446	446
812	812	812	296	296
104	337	168	763	513
871	944	944	871	944
623	844	844	844	844
447	486	486	486	447
836	836	836	828	828
736	736	573	736	573
607	123	123	123	123
436	429	429	436	436
66	52	609	762	358
843	608	857	108	141
79	554	554	452	79
501	892	63	863	544
251	817	251	251	251
994	994	994	994	994
310	310	87	87	87
275	343	343	343	275
694	452	437	675	652
407	407	407	407	407
755	711	159	275	235
429	429	429	604	429
542	668	980	668	542
193	149	193	149	149
289	289	462	289	462
387	20	20	141	387
605	983	983	983	605
259	881	807	205	206
468	115	115	468	115
31	468	468	688	31
474	960	960	960	474
688	527	527	937	688
719	719	123	719	999
930	888	786	356	922
192	493	493	192	192
396	396	396	396	809
471	64	471	471	471
819	706	819	706	819
282	794	794	661	661
914	157	914	375	375
617	617	46	46	617
828	919	919	828	448
519	734	319	321	524
841	841	841	841	841
218	590	31	373	738
566	734	566	734	442
476	476	476	476	489
840	840	840	840	840
105	775	672	105	105
993	922	138	123	522
825	193	193	471	825
298	298	35	35	298
766	314	766	766	314
230	365	84	658	55
932	520	35	520	520
623	791	623	623	623
732	533	106	533	106
666	973	523	177	193
822	605	605	605	822
475	570	778	570	475
319	319	921	319	319
955	945	945	945	955
805	805	200	200	200
742	742	179	179	961
600	938	938	600	600
510	239	243	239	243
172	407	172	407	407
360	49	853	360	360
498	124	498	498	854
889	859	859	178	178
433	433	433	586	433
947	500	500	947	500
487	487	487	487	993
780	780	780	780	780
647	647	647	647	647
671	849	671	849	849
606	488	606	687	606
389	144	21	246	57
309	521	266	777	299
567	694	567	241	241
18	18	18	957	44
186	713	687	22	389
371	371	302	371	371
807	27	27	807	807
615	615	615	615	971
944	944	584	944	944
366	597	38	266	995
534	114	417	612	402
86	968	862	263	264
663	663	378	663	378
344	838	464	464	838
863	924	863	924	863
776	776	21	776	776
973	973	564	826	973
270	501	814	740	481
972	37	972	972	972
995	206	995	206	747
932	850	932	932	932
734	232	940	872	701
998	824	998	463	824
409	382	382	382	382
497	313	497	883	313
221	289	260	221	289
325	467	467	325	467
408	615	645	114	510
489	489	644	644	644
556	556	556	415	556
474	208	208	474	474
322	526	59	55	660
235	235	235	235	235
691	861	861	444	444
488	488	574	488	574
869	869	869	869	869
801	253	253	253	801
1	343	343	1	1
249	249	748	249	748
777	34	777	777	34
903	356	243	63	319
252	509	940	844	839
245	769	769	769	395
890	890	522	743	743
702	871	871	802	871
752	430	107	107	107
499	499	962	962	962
740	293	293	740	740
337	337	648	648	648
912	912	592	912	376
188	188	960	960	960
183	9	9	9	9
499	869	320	846	722
430	183	430	183	183
399	399	399	399	854
254	91	452	428	784
924	924	924	190	924
823	126	542	353	133
592	592	616	592	755
770	512	610	322	996
352	352	946	352	352
201	201	915	915	915
203	914	578	914	203
292	419	419	292	292
552	595	595	552	595
997	636	997	636	997
423	985	985	985	423
984	984	939	984	564
384	91	389	766	770
738	738	750	750	750
20	133	240	20	20
824	824	773	824	824
570	570	572	167	570
491	338	71	338	338
304	282	282	304	282
407	407	40	40	407
604	604	604	604	604
506	11	506	506	506
442	442	442	23	442
569	569	67	726	67
977	977	977	977	977
811	212	482	520	92
585	378	585	263	585
95	962	962	962	962
654	694	294	123	55
365	792	411	411	411
410	660	660	410	410
442	913	442	913	442
669	669	669	137	669
276	280	276	280	280
795	744	647	744	795
306	180	306	306	306
18	633	633	633	290
406	284	284	284	284
1000	244	244	244	244
324	266	389	389	389
87	817	817	817	295
383	848	848	383	383
464	525	727	105	933
747	747	810	747	247
849	954	849	488	849
71	612	176	209	171
576	576	576	576	520
540	528	540	899	540
972	245	245	972	972
536	972	536	536	536
102	102	102	567	567
998	151	800	152	43
960	169	169	169	169
275	514	603	275	603
117	730	12	586	488
154	154	154	8	154
569	214	846	377	823
824	375	824	481	375
196	10	10	196	196
919	919	919	919	525
937	147	147	147	147
704	704	280	704	280
296	296	296	525	525
273	384	617	385	824
795	240	795	741	240
334	229	229	229	334
290	716	290	38	716
600	600	431	431	431
942	26	942	942	942
70	70	70	70	367
366	267	568	999	170
166	362	362	369	166
913	168	168	168	168
342	342	11	342	342
304	304	3	3	3
515	35	515	515	35
504	555	555	555	894
494	494	66	494	66
411	651	569	209	926
888	888	888	888	310
861	164	164	496	164
413	930	930	930	413
578	725	951	939	847
887	887	538	538	145
306	306	603	112	112
904	723	578	972	636
38	709	414	709	414
271	271	271	271	271
591	591	964	964	591
828	828	828	828	753
135	87	87	135	135
716	716	577	577	716
988	145	780	498	922
465	18	311	465	465
144	535	535	144	535
198	801	198	801	801
701	203	254	203	203
230	230	267	267	230
693	535	693	535	693
107	329	169	734	868
405	405	285	245	285
963	701	963	963	963
67	67	275	653	67
73	211	474	211	73
108	834	108	108	108
168	168	745	168	670
159	159	159	159	159
521	521	535	8	535
193	875	875	875	875
363	658	192	363	658
611	346	611	611	346
356	356	499	499	356
803	769	283	467	135
632	409	558	962	38
413	413	413	413	413
901	679	257	523	8
769	697	278	697	769
25	425	489	489	25
69	834	602	270	658
41	291	41	291	291
677	535	377	803	657
608	594	594	594	608
557	222	943	827	787
194	194	872	428	872
130	462	130	462	130
982	741	904	982	741
814	317	814	814	317
706	538	538	706	538
604	970	970	604	970
381	504	596	333	293
659	659	47	659	47
852	423	852	852	893
728	597	120	120	120
969	656	230	230	656
887	885	887	649	649
491	491	836	836	491
961	260	322	961	322
980	980	980	979	980
444	52	52	444	52
477	477	699	699	477
141	684	181	181	684
684	363	544	508	567
199	186	199	186	199
585	585	585	585	222
771	771	149	149	149
643	643	468	643	643
742	152	152	152	742
52	52	52	52	343
819	74	5	217	923
815	517	815	815	517
92	533	935	119	992
454	966	966	53	53
592	592	592	592	592
605	326	326	605	326
83	900	900	83	83
619	533	155	67	559
672	401	401	401	416
989	330	769	213	809
376	376	376	327	327
133	133	167	133	167
688	590	287	590	287
41	332	332	41	332
319	319	335	666	335
23	595	595	595	23
408	70	70	70	70
685	573	928	413	734
348	742	81	790	422
115	745	115	976	745
91	933	797	996	138
764	764	990	764	764
886	242	886	886	886
99	99	447	447	447
272	272	755	755	272
923	458	923	458	923
60	60	60	425	570
489	436	489	489	436
23	403	403	546	403
315	569	557	569	315
716	754	935	754	754
63	731	223	731	223
235	846	846	928	235
755	82	82	663	663
269	824	269	269	824
434	215	215	434	434
978	978	62	62	62
866	329	329	866	329
426	426	426	426	367
447	862	549	447	862
246	693	230	417	489
32	32	32	32	32
810	330	500	576	459
423	120	791	517	868
880	170	170	170	26
454	454	454	454	454
331	819	475	819	819
68	174	160	195	557
67	726	726	67	309
586	586	358	586	586
388	86	388	388	388
290	153	765	310	231
437	475	735	358	194
376	271	271	271	376
382	848	382	382	848
633	633	732	633	830
502	127	502	127	127
603	851	929	873	536
685	685	685	498	685
498	498	595	595	498
688	688	688	688	702
261	261	350	261	421
554	405	554	554	116
734	734	734	937	937
866	494	544	493	437
101	66	66	66	66
21	487	790	403	913
841	658	841	841	841
832	152	832	152	152
254	896	269	579	429
321	321	321	321	462
573	573	190	190	190
959	616	658	257	471
5	534	5	5	534
60	698	708	897	691
160	160	611	160	160
832	261	832	832	261
158	920	158	920	158
34	418	909	909	418
975	971	975	711	711
223	223	223	223	19
785	785	785	940	785
989	989	929	929	929
520	533	533	520	520
397	688	688	397	397
109	418	109	109	827
981	656	233	656	981
162	325	325	981	981
635	635	13	13	57
663	207	663	663	207
734	865	483	53	107
547	547	637	547	547
507	507	536	536	536
645	645	645	115	115
838	714	838	838	838
564	931	931	931	564
113	272	272	113	272
785	991	759	785	759
498	597	597	597	993
432	432	432	432	498
462	462	462	462	462
663	663	663	534	509
650	650	979	110	110
657	657	657	609	609
960	274	960	274	274
482	482	475	482	482
318	318	159	159	318
341	950	341	341	950
588	971	485	912	445
76	505	505	750	76
894	894	894	242	894
961	22	22	22	961
291	149	691	501	688
75	858	349	523	819
140	938	783	938	140
677	491	491	677	491
439	875	439	875	439
254	85	779	85	779
845	212	609	845	845
721	721	5	5	5
622	363	794	662	696
465	465	465	899	911
226	659	659	226	632
794	735	794	735	688
298	139	139	298	298
84	328	84	84	328
708	368	28	600	944
645	685	463	645	685
24	24	24	437	24
288	422	288	422	97
72	569	569	72	569
609	663	660	660	609
276	276	955	409	409
288	288	288	509	509
50	50	50	50	50
824	405	561	307	88
272	272	510	602	602
839	517	228	101	236
917	917	917	920	920
244	481	244	481	244
483	455	483	483	455
666	765	666	765	666
135	135	494	135	898
116	769	769	116	769
992	547	992	547	547
195	195	195	195	195
795	795	844	465	844
68	476	717	296	226
684	460	794	684	794
578	406	406	578	578
724	657	657	724	724
598	874	899	98	63
845	313	626	418	971
196	969	746	224	729
75	62	75	62	62
758	93	93	817	817
919	695	695	919	237
274	274	540	274	274
104	104	104	955	104
362	362	937	362	937
773	773	3	722	773
395	460	211	132	157
544	921	921	544	921
465	465	465	465	132
98	702	98	702	98
934	660	660	37	37
113	638	113	638	638
364	776	776	364	776
257	257	257	257	257
937	390	390	937	937
807	947	500	311	478
70	758	70	758	758
953	863	863	863	953
488	100	214	783	10
807	807	807	316	807
463	463	463	463	463
214	882	882	214	882
949	949	646	949	949
911	911	561	214	911
27	27	27	173	38
14	14	14	758	14
900	116	900	427	900
615	615	287	615	615
955	863	968	963	416
279	449	449	279	279
290	480	480	290	970
382	578	382	382	578
366	533	366	533	366
509	843	598	442	414
473	577	577	577	577
676	567	676	138	567
563	697	412	113	611
866	866	180	587	180
70	70	609	261	609
32	330	32	32	330
77	77	77	77	77
621	315	621	621	621
535	535	42	42	42
202	681	833	125	857
358	414	414	358	358
13	666	666	13	666
654	654	654	654	654
193	133	687	653	64
809	279	279	809	809
953	199	712	712	712
557	557	557	900	900
429	429	713	713	713
42	42	58	58	42
31	124	447	277	418
494	170	170	170	170
980	710	908	446	841
190	190	958	179	190
570	697	874	408	715
682	229	861	979	380
668	308	668	668	668
232	232	232	232	91
146	206	732	732	146
347	527	527	527	347
948	948	948	829	948
864	40	909	909	864
465	661	465	984	984
344	698	909	909	344
969	969	969	969	969
686	40	959	828	860
286	496	286	496	496
694	750	694	750	694
133	133	237	237	237
178	178	81	555	81
64	637	637	64	64
568	568	568	323	323
21	465	465	465	465
201	201	201	201	21
839	477	390	316	165
602	491	776	772	477
18	467	467	18	18
168	168	599	599	168
898	898	199	898	199
638	638	638	202	638
401	567	88	433	163
930	930	930	930	643
584	538	538	584	584
124	909	972	266	755
678	623	799	115	760
787	787	901	787	934
490	788	948	948	948
716	161	161	161	716
634	634	188	188	397
43	43	694	694	43
841	712	841	285	841
283	392	392	283	283
354	354	354	220	238
471	471	471	641	641
707	707	395	395	707
874	366	971	874	366
629	167	316	11	143
732	732	732	412	732
304	717	248	831	669
810	104	104	8	8
439	595	342	342	439
463	831	463	463	463
86	86	86	104	86
618	557	618	557	557
76	953	76	76	953
474	475	148	148	475
73	73	330	330	330
155	779	204	992	279
229	229	454	454	454
173	652	173	423	423
757	893	893	893	893
269	487	487	487	487
277	833	277	833	85
677	514	514	677	514
834	842	842	842	842
199	235	199	235	237
375	484	301	138	37
126	126	126	126	126
690	864	829	60	375
829	377	829	377	633
884	884	884	884	742
595	595	172	595	172
238	277	277	277	277
414	300	414	300	300
794	173	794	173	794
392	377	988	377	377
302	774	921	914	790
624	624	624	170	170
297	297	277	868	297
575	375	375	575	375
452	446	446	452	446
363	39	39	363	940
156	156	697	856	156
770	153	153	153	153
361	361	361	361	361
561	561	646	561	561
401	729	560	105	164
945	928	945	928	928
383	311	680	996	867
972	182	316	625	108
727	303	727	303	303
323	635	635	122	323
664	664	144	664	664
634	634	12	12	634
648	648	600	600	648
777	203	375	670	234
616	791	616	791	616
828	828	310	828	310
817	827	827	817	827
630	630	257	630	257
126	126	126	126	126
470	470	995	121	121
713	713	398	713	275
574	322	574	574	574
223	223	228	223	228
510	510	756	510	756
413	808	808	413	413
115	115	840	954	954
805	50	50	50	805
282	282	181	282	282
508	454	454	454	508
593	34	34	34	34
522	522	522	2	522
622	622	836	836	836
96	897	897	96	897
77	77	169	601	169
804	774	722	518	751
893	955	905	905	955
932	932	932	837	837
990	756	401	528	351
652	961	961	652	652
316	829	299	376	629
608	698	698	608	608
72	947	906	72	906
475	475	475	475	475
940	937	937	940	418
104	57	22	371	731
463	461	262	280	827
164	497	205	38	92
540	704	704	704	540
1	1	1	1	603
840	734	187	191	443
775	877	775	877	877
928	708	928	928	708
904	778	424	213	516
171	734	734	734	159
801	645	801	801	801
187	973	187	187	187
833	543	833	886	833
909	830	909	909	321
144	144	671	671	144
879	879	823	879	823
676	759	183	841	396
226	374	814	24	517
523	231	523	231	231
831	968	831	968	968
335	335	211	335	551
542	16	630	630	630
473	473	47	473	473
625	881	625	625	625
742	628	742	456	742
827	970	827	827	827
41	41	41	173	173
779	642	206	642	206
557	557	660	660	660
51	293	293	293	293
403	403	543	543	403
330	203	203	330	203
983	277	277	983	983
280	479	280	896	280
724	468	468	166	724
110	862	862	862	110
491	491	864	864	491
356	213	356	356	213
835	835	835	741	835
648	648	785	785	648
597	226	191	597	191
225	923	601	110	11
34	786	32	786	32
620	620	620	338	620
784	501	198	654	748
888	888	356	888	888
456	322	437	322	456
636	636	636	917	636
879	448	305	879	879
522	429	522	522	429
438	580	438	438	580
966	872	872	412	412
92	92	92	92	942
458	972	458	458	458
606	606	606	619	807
417	71	417	71	71
489	489	821	519	821
235	235	152	152	152
751	751	800	751	800
734	535	405	535	734
648	967	648	967	967
902	133	133	902	902
180	180	80	180	80
306	977	904	904	306
688	688	688	243	914
577	577	980	980	577
943	721	943	721	721
131	741	131	741	131
163	379	379	163	379
849	765	765	849	171
520	520	652	652	520
970	324	324	324	970
882	882	452	882	452
884	210	426	426	210
484	484	484	484	484
609	482	198	233	453
56	56	56	56	56
478	478	478	478	509
103	180	180	180	301
35	211	253	790	833
464	502	502	464	464
146	697	384	697	146
702	315	537	262	694
354	994	997	354	354
94	942	942	647	647
509	599	509	509	509
626	626	712	712	626
309	437	553	499	22
21	21	339	339	21
411	194	194	411	937
501	65	44	501	65
371	389	389	971	371
790	790	790	790	240
972	44	44	972	44
836	206	602	602	602
343	364	580	641	568
249	855	855	862	862
526	691	691	526	691
584	584	584	825	584
658	860	612	631	879
445	652	652	445	445
167	296	601	167	601
142	29	29	29	142
307	307	815	653	653
170	170	476	476	170
645	110	645	645	645
349	947	349	622	622
962	962	245	962	962
739	482	482	482	482
637	637	210	637	637
83	83	83	83	109
35	355	355	58	355
357	357	357	394	394
976	976	544	544	544
864	864	540	880	880
349	949	349	432	349
658	549	549	549	549
398	175	175	175	175
90	63	63	90	90
533	533	269	533	269
621	443	443	621	621
894	806	806	894	806
931	931	155	931	155
226	226	226	286	286
305	305	980	980	305
497	441	497	497	531
513	976	513	513	976
289	525	525	289	525
582	582	322	322	582
63	63	63	895	895
990	990	138	990	138
797	456	257	703	48
585	332	544	767	717
394	394	394	69	394
956	218	218	956	956
876	314	876	876	314
572	572	118	572	572
913	913	913	913	913
480	943	809	111	102
678	755	183	567	816
268	268	807	807	268
921	724	921	724	921
300	497	316	157	408
954	176	176	469	469
105	105	105	105	397
754	754	282	282	282
576	576	576	576	904
776	378	199	422	839
812	908	812	707	908
381	463	921	526	413
667	58	58	667	58
692	692	692	841	841
196	282	282	282	282
909	653	653	909	653
590	590	722	590	590
372	419	372	372	872
426	426	492	492	426
362	801	801	801	362
456	456	456	456	826
393	393	393	35	655
446	801	446	446	446
992	812	992	812	812
877	16	877	877	877
145	80	883	110	295
154	648	364	634	46
517	201	702	702	201
164	24	24	164	24
233	11	233	11	233
638	638	638	638	638
249	249	303	249	249
16	132	710	132	710
510	837	837	220	220
575	673	673	326	673
764	209	209	209	209
547	238	238	238	238
100	864	252	205	804
727	124	727	124	124
181	181	941	181	941
391	391	968	968	391
184	955	925	788	591
437	795	795	437	795
426	74	490	490	490
244	546	546	244	546
493	985	986	881	140
544	727	727	727	727
261	763	763	261	763
559	259	259	559	259
645	938	938	645	645
462	251	251	462	462
477	513	477	679	513
893	278	380	935	484
967	186	336	186	186
512	295	935	612	393
711	73	73	73	711
72	952	952	952	777
361	341	720	439	722
527	527	527	527	193
829	829	829	961	829
452	651	310	737	365
248	248	248	525	525
688	828	507	505	179
655	655	902	655	902
90	71	90	71	90
893	893	249	249	313
729	729	729	506	729
414	705	705	705	414
614	234	169	731	744
762	226	762	226	857
718	445	318	445	445
971	971	526	526	526
346	721	581	721	721
693	693	693	306	306
797	17	296	22	914
642	491	308	842	969
92	92	124	92	124
632	632	738	632	221
85	433	85	85	433
557	864	864	864	557
511	109	909	362	597
512	512	236	236	603
26	26	28	28	28
331	587	785	694	946
6	853	614	425	580
98	675	171	715	458
671	268	268	268	671
37	37	958	958	958
190	951	190	190	951
320	818	901	320	901
324	431	138	324	324
773	915	839	544	109
777	206	777	744	744
669	77	773	243	432
689	689	44	44	44
143	143	801	143	143
579	579	891	579	579
266	300	300	300	300
725	725	674	674	725
568	873	428	164	763
434	88	434	434	647
576	970	576	576	576
891	891	891	373	891
446	345	345	345	345
923	776	776	923	776
90	400	115	795	845
262	262	957	957	262
413	953	225	305	700
600	726	598	688	988
31	31	579	31	31
676	533	506	803	456
37	197	37	608	608
914	914	889	914	914
5	5	748	5	5
517	705	705	517	705
505	830	932	970	305
799	799	799	823	799
750	804	804	750	750
518	80	80	80	518
423	357	797	303	304
802	213	927	94	374
4	4	4	4	4
500	844	500	844	500
405	405	405	744	405
964	920	926	849	240
850	624	850	624	850
446	449	449	919	446
444	444	444	31	444
881	468	88	881	881
770	770	273	273	770
504	55	941	603	933
722	460	365	460	722
705	702	313	97	223
303	303	303	303	541
155	483	155	483	483
940	940	350	289	289
942	244	942	244	244
250	411	250	411	411
972	972	972	362	102
71	71	71	83	71
411	593	411	411	593
815	815	273	815	815
282	197	282	282	990
830	546	830	546	546
589	554	378	378	589
814	814	814	814	814
797	558	797	797	797
697	228	228	228	557
10	227	227	10	227
320	703	569	239	587
154	280	338	12	331
906	711	355	387	815
713	713	713	535	535
752	869	869	156	869
482	518	482	482	482
556	623	623	556	623
458	133	458	458	458
893	893	893	683	893
554	812	554	641	554
873	605	736	709	740
586	373	373	373	586
901	25	901	25	901
976	976	976	412	429
936	241	241	936	241
215	330	604	584	373
558	558	558	21	21
104	810	9	765	843
635	555	274	274	274
373	99	601	373	99
436	921	648	928	409
558	558	300	300	300
578	283	283	578	578
482	448	949	341	906
430	430	960	960	960
717	113	785	868	615
355	355	355	436	436
967	309	585	143	465
64	64	64	640	64
759	821	277	182	140
822	822	822	861	861
391	7	686	686	7
580	580	652	652	652
541	72	541	72	541
915	930	944	583	778
50	50	50	861	50
871	553	553	553	871
122	122	328	122	328
115	944	944	115	944
504	375	504	504	504
995	738	738	738	995
325	325	325	325	122
534	229	9	81	539
72	602	53	53	602
104	970	970	104	104
114	263	114	263	263
394	12	581	59	202
170	339	339	170	339
326	770	638	607	781
556	32	556	556	32
515	341	515	515	341
89	89	89	908	908
52	52	854	802	854
87	87	87	127	127
346	592	592	592	346
351	862	88	570	703
273	11	88	721	993
559	559	630	630	559
931	931	758	931	931
442	564	564	564	442
174	527	527	527	527
268	262	965	461	66
584	51	624	228	499
843	911	37	843	843
575	786	575	786	575
449	123	449	449	578
814	814	814	814	814
868	868	520	868	693
422	391	750	391	750
214	214	214	214	214
223	913	223	223	913
54	54	288	288	54
479	154	500	500	154
940	553	578	862	557
272	934	758	272	758
610	610	610	610	610
3	176	176	3	3
323	323	181	323	323
988	988	444	988	444
503	503	503	448	448
271	271	271	717	271
594	264	103	401	773
665	665	665	525	525
491	810	757	757	757
907	907	728	907	728
194	892	14	341	529
903	903	482	482	482
653	232	653	653	653
284	686	154	841	837
111	17	949	686	49
839	459	459	839	839
131	131	50	131	50
497	74	74	647	74
993	857	857	857	993
550	594	162	750	478
983	624	336	983	624
165	917	917	917	917
389	220	389	220	220
970	352	970	352	970
877	683	877	877	877
811	811	859	859	811
12	995	12	12	523
19	174	337	150	74
158	324	324	158	250
175	828	778	828	778
875	71	942	124	485
200	229	229	200	229
991	991	580	991	991
451	451	451	451	353
653	653	653	73	653
294	398	398	294	666
696	128	128	696	696
939	41	41	939	771
989	753	893	572	261
832	832	325	716	716
716	595	595	595	595
630	630	855	630	424
15	155	83	270	79
952	46	952	952	46
529	529	320	320	320
337	862	929	858	245
349	901	171	259	2
590	724	590	398	398
764	549	764	738	738
699	398	699	699	398
846	846	846	846	846
817	112	241	491	385
471	77	77	77	77
292	417	417	292	417
81	75	81	81	179
856	184	184	184	184
136	136	643	643	643
420	420	420	962	962
136	166	166	136	136
522	850	522	522	522
525	733	170	468	355
320	940	925	597	793
662	692	335	223	104
724	605	724	464	605
499	499	499	829	499
452	669	331	452	452
918	670	670	670	918
268	268	268	268	449
200	200	362	200	200
756	896	756	186	896
322	322	322	322	789
619	619	619	619	674
556	556	148	148	556
22	22	551	22	551
278	278	278	278	600
761	761	145	761	761
542	542	542	437	542
959	908	476	640	622
958	958	16	16	958
493	650	83	493	493
893	475	840	113	978
121	121	955	137	137
836	836	144	836	144
334	966	563	666	342
541	541	96	541	96
130	778	106	130	130
568	568	319	319	568
233	233	233	233	590
826	826	826	10	10
384	595	228	163	525
630	816	816	816	630
986	463	143	573	219
257	257	360	257	257
196	512	512	196	512
954	267	954	267	954
724	724	593	593	593
123	123	597	597	597
335	666	666	335	666
243	243	353	576	243
401	401	401	756	756
151	601	390	601	601
353	97	175	782	742
862	959	959	959	862
840	22	840	22	22
537	844	537	537	844
616	762	114	616	616
70	363	363	70	363
148	216	965	321	682
101	854	265	355	988
953	203	953	203	953
790	790	990	790	790
154	154	154	505	154
856	923	217	586	52
196	835	835	196	835
952	797	952	908	908
467	173	467	467	467
428	999	899	145	460
215	350	408	113	362
808	66	268	647	779
95	677	95	53	53
840	840	840	840	840
134	967	967	134	196
784	2	784	2	2
554	109	892	109	892
753	521	753	753	521
540	681	681	540	681
814	476	126	807	576
604	157	157	157	604
640	640	644	398	640
401	777	777	401	777
121	103	103	103	103
136	317	136	317	136
867	659	867	867	659
324	324	247	324	324
916	916	203	203	203
58	58	137	137	222
56	56	56	499	499
544	544	878	544	878
99	71	99	71	99
734	1000	431	572	112
242	4	439	124	431
944	517	944	642	944
256	30	544	256	544
916	916	916	121	121
315	411	315	411	315
32	847	964	469	418
977	446	800	214	755
325	927	710	325	325
443	671	786	124	385
499	499	156	499	156
370	413	370	370	413
735	432	735	735	432
402	380	402	380	380
251	367	534	659	917
182	131	182	131	324
138	890	890	890	961
85	446	707	446	707
257	851	851	851	851
51	699	187	187	51
109	127	10	10	109
411	995	411	995	995
934	990	990	934	934
202	623	623	623	202
799	669	669	799	669
117	848	117	117	848
88	87	87	88	87
519	519	845	519	845
25	101	349	849	811
421	421	218	197	421
981	726	42	650	266
573	315	573	315	573
242	942	942	942	616
638	771	638	771	771
624	846	624	846	77
627	824	785	92	745
550	341	550	550	341
944	944	235	944	235
857	857	857	857	751
312	446	312	446	650
187	902	143	533	245
607	443	874	874	607
996	601	996	601	601
14	14	898	14	898
564	112	671	761	109
90	976	90	976	976
94	327	94	327	94
458	458	458	871	871
543	976	313	217	997
287	357	287	357	287
898	898	11	898	898
11	11	11	72	878
641	359	641	641	641
454	454	876	454	454
921	921	233	921	233
722	438	722	438	438
807	598	807	598	807
372	19	349	350	284
295	732	117	29	530
903	713	72	683	954
522	522	482	482	482
873	178	873	178	178
203	317	339	246	86
285	435	702	987	955
381	658	658	658	658
579	888	888	888	579
587	415	415	587	415
407	932	359	359	407
737	737	737	879	879
653	887	887	887	887
476	836	836	476	476
750	750	750	812	812
479	320	479	479	479
325	325	596	478	325
788	788	891	891	891
694	118	979	628	820
524	861	861	524	861
127	931	934	934	934
187	184	184	187	187
561	316	561	507	316
582	582	814	812	814
339	339	526	339	526
36	549	464	827	147
182	924	182	924	924
228	715	718	810	401
216	945	882	157	147
285	491	285	352	352
487	487	72	72	487
434	434	434	205	434
369	800	887	301	888
362	33	978	978	978
913	958	958	958	958
738	738	738	738	985
750	977	750	977	6
684	268	684	268	684
113	113	469	469	469
956	290	290	290	290
851	851	664	876	851
517	517	570	570	570
597	401	597	401	401
485	583	583	514	514
180	731	180	18	180
784	574	784	574	784
216	607	607	607	607
741	639	630	62	566
675	245	245	245	675
393	754	393	393	393
652	652	653	653	652
350	271	271	271	271
789	910	280	30	855
14	224	14	224	224
312	312	386	312	312
17	17	17	17	17
763	296	763	296	296
359	571	497	538	602
414	414	414	909	414
95	692	692	692	95
18	757	963	292	118
864	310	595	960	395
607	81	354	277	203
627	664	627	664	664
174	684	583	697	155
721	450	450	721	450
90	90	90	140	90
254	963	543	943	712
92	91	19	940	717
916	916	670	916	916
731	298	254	214	456
772	67	772	67	772
17	56	17	17	17
503	561	93	561	503
939	939	939	729	729
99	99	315	99	455
463	522	463	457	457
392	172	58	58	392
363	464	363	464	464
147	721	758	149	984
377	523	523	377	523
467	577	700	577	577
234	234	399	399	399
167	463	463	463	463
458	458	458	928	458
686	686	891	686	891
758	217	217	217	758
878	739	500	372	770
396	462	854	983	945
998	348	648	884	812
573	96	165	186	550
466	785	785	466	466
273	50	50	594	50
193	342	336	193	336
354	354	812	812	812
969	300	533	969	969
808	951	951	808	951
799	925	297	354	867
14	130	113	76	758
7	833	647	242	195
166	981	981	166	981
896	896	896	896	866
867	939	5	22	134
538	538	52	538	136
707	82	82	717	717
352	83	352	142	142
918	918	918	918	918
337	337	337	337	140
903	205	125	560	244
271	742	368	604	991
603	770	770	687	603
512	151	151	512	512
562	562	562	266	266
473	526	255	747	58
420	420	910	910	795
702	46	95	702	95
396	802	396	802	287
39	93	347	122	404
747	815	815	550	550
55	619	100	619	619
968	517	968	968	517
945	947	723	765	944
162	798	162	162	798
210	210	210	229	229
260	738	888	828	499
940	940	544	544	544
392	345	345	392	392
298	298	19	337	19
346	346	34	34	346
342	192	346	889	451
36	675	36	675	675
994	994	994	994	994
58	58	58	58	58
465	427	465	465	427
142	896	793	672	92
770	419	904	443	374
220	220	709	220	220
931	931	931	190	101
73	73	939	939	73
476	245	245	499	245
741	243	273	741	741
485	485	485	974	485
574	673	954	673	954
824	423	747	423	824
951	506	506	506	951
666	666	878	666	666
943	943	943	147	943
33	33	33	301	301
774	890	774	774	422
65	810	65	65	65
171	786	786	786	786
826	826	360	937	937
282	282	282	163	163
971	971	758	132	132
790	46	46	790	46
145	562	672	327	784
177	554	554	177	554
192	762	192	762	192
821	950	117	950	821
674	674	7	674	7
820	345	345	345	199
534	423	764	188	892
894	894	894	894	894
927	927	334	334	927
179	179	179	179	460
307	307	307	307	307
45	332	45	332	45
645	878	119	307	200
135	14	191	135	14
878	878	792	792	792
61	819	819	819	819
326	326	733	733	326
944	25	25	25	25
391	391	391	831	391
400	400	435	435	400
919	850	552	850	919
147	406	134	395	779
273	273	273	273	586
173	173	856	856	173
124	589	491	899	925
255	255	255	89	89
654	306	17	159	461
816	300	300	816	300
40	133	520	40	133
462	456	462	456	462
66	66	349	66	349
169	169	169	371	371
578	578	578	578	578
332	940	940	332	332
312	460	590	590	590
203	344	203	203	910
996	996	996	996	944
495	480	480	495	495
759	759	683	683	683
86	86	302	302	302
564	631	631	564	564
298	626	298	298	247
309	574	474	338	288
946	946	239	239	239
506	156	506	156	506
305	305	618	305	305
34	947	947	34	947
480	354	354	977	480
878	878	878	878	878
934	934	763	934	763
173	696	696	173	173
215	215	215	400	215
321	321	321	321	49
427	197	427	427	427
615	730	233	190	467
820	365	820	820	820
971	730	971	971	730
645	645	32	32	32
812	368	776	358	553
600	102	102	102	102
121	738	738	738	121
807	807	463	807	463
904	81	904	904	81
83	861	861	861	83
301	234	234	524	234
260	260	260	260	67
522	380	380	522	380
811	706	811	706	811
348	519	68	169	101
692	907	907	692	907
279	279	279	156	279
527	945	679	102	622
323	323	205	738	205
831	172	315	806	487
762	666	878	721	191
205	481	427	596	377
550	550	550	294	294
498	100	617	100	498
176	634	829	634	829
388	388	544	288	288
658	658	459	459	658
765	765	180	180	765
556	576	556	576	576
964	817	817	817	964
861	960	861	960	861
621	157	621	157	157
809	336	625	781	227
897	299	897	897	299
194	194	194	286	194
97	108	951	879	590
108	108	108	274	274
102	740	102	102	102
659	677	652	136	664
637	560	637	637	637
490	327	534	518	711
941	765	907	399	195
195	195	195	417	195
438	908	341	775	178
399	474	474	474	474
835	320	320	835	320
168	398	168	398	168
701	158	898	613	507
646	646	334	646	646
322	712	322	322	322
332	846	846	308	332
119	691	383	383	691
296	43	43	43	296
95	570	780	570	780
47	703	47	703	703
727	528	727	727	528
988	444	360	988	360
76	470	470	76	470
692	692	692	633	692
227	227	227	593	227
777	587	777	637	587
831	736	678	31	179
861	23	178	23	23
545	765	435	210	852
966	478	386	965	426
929	929	374	374	984
465	834	905	834	905
537	537	259	537	944
725	699	725	725	725
353	353	964	964	353
824	586	824	586	406
805	493	493	493	805
786	753	753	753	753
665	847	665	665	665
651	997	651	997	651
476	383	476	476	574
267	86	548	790	583
108	832	391	391	391
612	612	612	612	838
365	602	540	365	602
633	69	633	288	633
267	909	630	909	909
669	444	269	335	788
748	432	993	84	144
403	507	403	403	507
887	983	689	314	802
343	343	418	343	418
451	955	451	955	955
776	274	274	776	274
696	937	937	126	126
823	362	39	973	512
650	592	592	650	592
374	846	953	123	128
393	393	477	393	477
826	829	829	829	829
555	555	626	372	555
981	724	17	981	981
431	331	331	431	431
686	710	686	686	686
303	303	303	303	303
201	399	217	356	740
131	36	36	131	36
916	594	458	368	966
398	558	398	558	558
497	239	239	239	239
978	659	659	365	659
909	83	83	909	83
741	705	359	36	297
84	276	276	84	46
433	433	433	433	94
575	94	575	575	94
268	268	268	513	523
389	389	389	906	906
608	236	236	608	2
954	422	422	954	422
951	951	951	39	951
762	762	762	55	55
450	875	875	875	875
767	767	591	591	767
484	895	484	484	484
248	248	870	248	248
392	519	519	392	392
881	881	37	881	37
488	488	64	825	825
202	793	793	202	202
672	68	856	509	902
31	937	937	31	937
683	871	683	683	683
589	672	858	998	55
94	94	966	966	966
912	912	730	730	912
674	237	237	237	237
673	880	880	880	880
911	597	280	597	911
488	488	532	532	488
509	509	509	374	374
430	55	55	55	430
310	310	548	548	310
324	741	324	741	324
150	860	860	150	150
393	393	606	393	606
562	562	562	167	562
691	913	959	795	451
187	820	820	187	187
402	402	241	402	241
911	77	77	77	612
49	251	49	251	49
835	811	769	656	558
499	499	499	499	218
232	761	232	232	761
674	874	399	874	674
209	209	209	501	209
858	923	755	858	755
739	739	739	739	770
53	687	634	643	441
997	360	196	62	55
101	985	985	985	985
814	96	167	96	167
449	464	381	84	825
467	467	467	135	135
976	157	157	976	157
38	99	99	160	38
616	53	53	616	359
935	863	935	935	935
880	880	242	242	880
690	960	475	689	401
259	121	259	259	121
829	730	730	730	730
284	489	622	284	622
602	602	443	443	602
746	700	739	888	229
438	655	655	655	655
644	644	644	677	644
133	474	474	133	133
641	641	641	641	363
312	959	312	312	312
831	856	856	831	856
72	231	231	72	72
308	308	588	688	688
933	933	492	492	933
800	800	243	800	800
325	325	829	325	325
981	981	981	981	895
985	985	374	374	374
468	468	468	468	495
802	141	41	221	812
205	19	205	205	205
705	705	266	705	705
112	516	139	685	177
134	134	482	482	482
718	601	718	239	239
245	189	238	187	313
912	895	58	162	359
499	499	556	499	130
103	853	853	103	670
382	382	382	382	701
159	438	159	159	159
158	158	441	441	441
859	733	604	274	940
436	198	676	385	621
459	261	791	261	261
250	250	236	250	250
390	387	390	390	827
783	278	865	412	523
426	119	499	500	165
708	708	708	99	99
442	856	856	427	427
468	37	37	468	468
761	632	632	761	632
626	626	626	680	680
183	512	639	512	639
602	510	510	602	602
309	674	791	279	287
367	367	343	343	367
380	472	219	472	380
664	637	375	637	664
61	782	782	61	61
458	458	458	458	256
260	657	352	260	352
925	925	865	865	925
366	673	366	366	366
477	72	147	741	403
823	652	823	652	823
872	25	950	207	89
767	595	595	767	767
141	803	893	109	14
217	119	217	217	119
433	990	433	433	990
283	359	349	349	359
900	973	111	456	810
401	27	27	401	401
511	511	948	511	948
626	297	514	915	106
384	384	384	880	384
972	972	904	904	904
331	331	331	458	458
986	690	690	986	986
462	462	901	462	901
928	150	150	150	150
868	336	336	868	868
884	540	717	717	717
875	982	875	875	982
317	317	393	393	317
205	644	426	380	183
214	214	572	572	214
876	876	800	800	800
168	168	163	168	168
442	591	254	166	704
719	605	719	589	605
63	63	63	318	63
63	523	63	523	63
73	108	795	254	583
822	560	560	560	560
278	255	278	319	278
944	549	944	549	860
504	504	326	326	504
689	34	348	657	533
884	830	884	884	830
95	95	183	183	432
371	831	831	371	831
646	646	788	646	646
345	345	631	631	631
927	927	927	581	927
572	895	572	895	895
254	571	571	571	571
4	814	4	814	814
449	39	39	39	449
422	99	6	519	71
421	421	112	421	421
164	946	164	946	518
783	157	783	783	157
435	120	435	120	120
39	660	139	966	73
729	558	729	729	558
600	917	157	157	157
145	379	379	145	145
340	340	340	147	302
395	876	876	876	395
722	150	369	557	297
668	668	265	668	668
611	611	611	611	328
634	946	701	761	436
897	897	897	725	725
180	217	710	217	180
893	959	555	230	597
286	823	286	823	286
455	897	477	477	477
760	51	223	907	209
270	270	270	270	607
839	456	864	843	541
534	952	534	534	952
202	588	588	202	202
864	864	736	864	736
235	880	259	359	746
833	833	833	833	829
970	802	802	802	802
28	28	530	530	530
460	799	799	378	460
302	302	302	302	302
425	425	425	683	683
220	664	755	243	630
200	371	445	371	371
870	870	870	870	61
572	856	155	581	713
457	37	563	791	845
802	802	802	795	795
835	678	678	835	322
579	477	477	579	477
736	388	748	797	759
117	325	490	413	380
542	542	542	236	542
571	270	571	571	270
102	102	617	102	102
958	494	286	286	494
659	228	228	659	997
140	140	140	291	291
495	805	805	495	805
396	856	396	396	856
273	251	273	273	273
878	715	878	715	715
877	676	778	676	778
288	288	679	720	720
566	566	744	744	566
772	799	799	799	772
659	659	309	659	659
956	956	956	956	956
827	229	827	827	827
216	224	224	224	224
265	265	265	765	265
760	760	390	164	760
458	458	321	458	321
492	126	492	126	492
138	266	7	532	377
4	523	789	589	478
685	394	685	685	394
409	834	834	506	409
196	832	610	610	832
898	737	562	562	737
794	366	86	697	849
198	278	278	278	278
325	187	414	187	414
945	969	945	945	945
706	706	952	952	706
532	169	169	532	169
342	71	342	71	342
836	553	836	842	842
811	990	811	990	990
767	767	943	767	767
522	522	902	902	522
4	585	628	309	436
369	170	74	369	369
813	484	813	484	813
637	637	637	637	637
798	798	798	798	798
61	855	61	691	855
413	413	413	41	763
571	56	33	858	121
882	233	882	882	233
60	32	32	135	60
133	117	133	117	117
225	740	740	740	225
577	577	637	637	577
280	601	480	234	631
280	438	438	438	704
217	143	951	107	806
129	294	972	294	972
700	554	554	700	554
315	408	865	820	787
360	360	758	758	758
108	108	108	108	108
529	153	529	501	153
272	590	272	272	272
128	538	455	826	85
290	901	901	901	901
943	943	943	965	965
109	877	474	496	408
420	296	355	755	618
538	898	567	21	113
401	153	181	181	153
763	719	719	719	763
859	917	934	234	129
213	932	213	932	932
141	491	491	491	491
7	449	890	433	720
541	300	899	105	92
775	18	536	274	103
326	326	53	326	53
311	311	311	311	303
415	415	777	777	415
88	88	88	401	401
81	609	81	854	81
746	844	844	746	746
220	220	220	344	344
413	535	975	625	216
272	29	875	512	603
679	679	679	679	193
695	10	859	859	859
644	644	827	644	644
609	230	609	230	230
513	513	73	513	513
164	479	164	479	164
94	350	723	236	879
129	129	194	129	129
222	123	744	219	318
492	427	492	935	935
20	874	214	615	9
581	581	829	581	581
576	231	391	391	576
294	355	468	37	421
877	264	877	264	877
54	924	924	54	924
226	948	226	226	226
431	650	952	559	903
466	466	413	869	869
749	47	749	749	47
170	451	170	170	451
355	355	648	648	355
507	707	707	507	707
435	141	774	399	707
452	191	448	461	19
501	740	501	501	740
654	108	340	108	340
307	307	307	307	242
896	896	448	448	448
596	284	596	627	596
919	899	928	157	683
924	290	40	13	940
570	583	920	701	360
839	740	839	455	740
819	819	1	1	1
894	825	600	269	332
155	468	155	155	468
944	49	944	49	49
837	657	106	10	485
813	737	813	749	749
954	359	880	400	873
59	580	467	754	305
124	124	124	972	124
859	793	152	546	912
276	485	25	329	878
730	730	730	808	730
596	915	596	915	915
731	731	566	731	566
239	239	239	365	365
588	567	567	567	588
523	478	523	478	478
907	442	907	907	442
751	522	751	522	522
522	98	505	168	816
279	279	755	279	279
393	393	393	510	665
988	261	724	38	389
326	326	268	268	268
572	734	618	625	818
997	773	824	46	697
138	650	220	220	650
933	233	233	45	45
546	629	635	635	546
930	477	930	140	140
665	665	243	665	665
884	884	884	884	884
937	937	937	185	185
61	330	61	61	61
256	514	469	33	364
452	452	520	100	452
144	144	155	155	155
276	276	668	276	276
681	613	681	681	681
481	766	930	766	481
758	758	758	747	747
558	558	558	384	558
874	324	641	312	912
406	82	82	325	406
795	873	535	658	565
34	502	502	34	502
298	298	518	805	805
524	961	172	487	931
577	762	27	27	577
923	845	845	923	845
421	421	421	633	633
515	116	182	182	116
928	728	728	928	928
655	655	782	782	782
613	402	584	584	402
674	768	768	674	674
791	555	539	801	573
694	29	29	29	694
42	260	260	260	260
873	873	240	240	240
809	304	809	304	809
294	209	294	209	294
928	322	339	997	884
512	512	399	512	399
243	243	747	747	747
63	618	618	63	63
562	728	728	562	562
217	861	861	217	844
508	879	417	433	736
37	275	306	786	619
630	145	630	630	630
398	56	274	698	1
383	712	383	383	712
494	494	808	808	494
915	26	915	26	915
475	609	115	115	115
659	665	665	979	665
519	996	415	772	53
126	284	284	284	126
754	754	543	754	453
894	726	726	894	894
704	704	704	704	704
631	785	785	631	785
149	149	149	149	692
79	79	79	79	645
619	619	98	98	98
572	572	815	815	572
773	773	773	674	177
107	827	827	107	827
288	288	288	288	178
544	544	544	544	771
834	834	834	580	580
372	372	660	372	372
338	707	338	382	338
887	962	887	629	962
523	523	523	854	854
992	992	992	22	992
205	205	205	205	205
50	54	50	50	54
157	744	876	968	341
475	475	475	651	475
385	385	264	264	921
108	909	909	909	108
259	795	259	795	795
144	970	970	970	144
640	640	751	751	751
653	545	653	653	545
105	533	706	733	256
357	357	357	357	357
729	286	729	286	729
584	287	287	584	287
82	82	103	103	341
518	457	457	294	457
842	842	842	8	8
195	34	279	764	341
222	60	60	534	222
300	457	383	450	882
19	327	327	621	19
733	733	299	733	299
213	440	213	213	213
92	718	157	144	577
978	978	818	818	818
398	340	398	340	98
157	265	157	265	265
446	371	371	371	446
910	910	324	482	324
389	389	42	42	42
397	366	397	397	397
303	32	303	303	32
567	962	962	567	962
694	627	627	694	627
276	189	189	276	276
48	650	650	650	48
488	488	488	302	302
43	43	940	940	940
180	465	465	180	180
148	703	835	852	836
945	945	945	945	446
446	223	521	38	617
214	214	214	708	708
925	411	487	821	723
917	917	518	518	917
226	346	346	226	346
883	883	883	883	914
423	423	423	205	423
773	397	259	300	255
345	345	633	345	633
86	414	405	949	830
291	291	577	577	577
967	701	167	994	430
997	997	683	683	683
30	30	610	30	30
759	759	510	599	759
416	416	416	416	126
5	34	208	587	199
101	256	267	101	256
846	63	970	970	970
609	208	992	83	839
566	840	566	3	3
609	380	573	484	71
560	691	739	764	390
86	638	361	638	361
297	297	297	297	606
454	81	883	203	654
223	729	223	223	869
328	328	641	188	188
624	624	530	820	624
943	879	223	604	561
594	693	128	581	831
36	188	188	188	36
798	798	798	936	936
61	957	957	957	61
364	903	240	85	388
520	663	320	225	87
152	264	264	152	264
117	310	117	310	310
68	370	68	914	68
827	120	827	827	827
841	841	920	841	920
725	813	813	725	813
195	890	250	64	464
992	193	381	381	193
32	473	170	314	577
548	548	548	982	548
914	423	914	914	423
471	471	308	308	935
56	56	491	491	491
410	405	405	410	410
13	13	343	13	313
519	519	484	484	519
820	592	592	592	592
663	721	159	159	159
850	504	837	837	850
259	811	960	497	601
705	705	779	705	779
8	395	368	368	8
175	873	175	873	873
886	803	803	886	803
920	285	399	871	453
515	900	264	417	743
509	530	509	509	530
694	137	694	694	137
49	829	49	829	49
17	17	266	266	266
1	906	461	362	791
270	689	270	270	566
987	857	987	987	938
868	686	868	686	686
439	817	817	672	672
717	564	717	717	717
34	34	34	34	34
615	713	821	809	28
936	602	222	935	8
646	646	759	759	759
193	561	561	193	193
794	794	794	279	794
204	204	204	642	204
725	725	725	725	725
912	256	779	779	256
831	328	369	576	951
627	627	627	58	627
583	567	593	651	854
632	167	940	607	273
69	573	69	573	69
617	617	617	428	617
33	254	254	530	33
936	119	304	496	268
290	290	290	290	236
466	628	628	628	628
983	526	983	526	312
554	813	554	554	554
133	343	133	133	133
432	432	432	432	548
952	389	625	535	904
563	878	588	477	264
808	928	928	808	928
69	99	99	99	602
483	483	483	889	889
835	835	628	628	628
723	722	871	285	92
215	229	229	215	229
167	653	167	167	167
781	781	883	883	781
11	11	963	455	11
64	730	607	638	779
126	509	509	126	126
236	945	244	736	797
980	980	323	980	323
895	155	572	594	190
648	544	150	511	635
405	622	116	584	527
295	295	595	295	595
162	869	221	869	221
668	307	469	486	158
385	833	260	833	385
417	403	577	432	800
669	483	52	52	669
746	746	771	746	746
297	297	537	297	537
762	882	882	762	882
838	33	783	837	856
193	753	193	193	753
200	38	38	257	38
447	884	447	447	884
602	184	602	602	602
65	328	65	65	328
128	128	128	128	562
414	838	838	414	838
345	118	821	100	22
682	682	682	682	506
372	168	168	372	372
409	764	409	764	764
650	677	394	994	476
842	842	887	674	842
811	968	811	968	811
333	333	272	333	333
965	965	923	965	965
96	96	379	379	96
418	418	418	418	418
44	44	990	44	44
315	315	315	315	315
524	524	524	524	676
337	118	118	337	337
24	479	479	208	479
137	935	737	137	737
976	305	976	976	305
255	149	255	149	149
484	349	484	335	349
550	222	550	550	222
906	387	905	612	833
492	492	492	776	948
608	608	990	990	608
80	750	750	80	80
530	106	562	814	702
205	205	480	480	205
430	430	108	108	108
3	15	933	630	735
307	307	307	849	849
666	318	544	197	125
804	298	804	804	804
690	690	690	833	690
635	707	707	635	635
955	598	598	598	955
600	600	208	600	600
421	537	537	537	421
47	608	637	227	213
886	265	559	886	265
218	94	857	857	94
501	686	501	686	501
139	118	518	6	253
167	167	167	167	167
388	269	388	388	269
579	213	213	213	579
511	511	511	76	76
130	130	604	130	604
42	190	703	94	494
884	884	884	884	766
559	559	559	390	559
472	699	642	100	56
652	205	652	205	652
569	569	569	569	776
401	334	334	334	791
726	152	152	726	726
681	571	681	571	681
800	800	800	800	726
987	987	987	987	987
518	518	81	518	518
210	873	210	873	210
703	381	381	703	703
211	761	963	761	761
845	689	845	845	845
585	585	585	585	558
213	161	161	161	213
365	780	258	212	644
917	983	983	917	983
166	448	452	563	859
589	589	616	616	616
342	604	604	342	342
866	866	866	344	866
314	909	102	243	918
111	410	410	251	251
499	692	783	106	847
265	265	265	265	265
296	296	236	236	296
512	410	410	512	512
822	822	705	705	822
61	55	55	55	55
361	50	188	41	594
29	695	227	747	748
279	279	679	279	279
130	454	130	454	130
364	364	857	364	364
657	212	841	212	657
612	75	603	870	133
358	158	971	804	582
27	27	92	27	92
672	672	258	258	672
283	683	714	609	34
9	9	9	9	737
312	53	177	373	857
634	634	153	153	153
59	643	809	643	59
350	350	826	350	826
297	987	937	823	960
93	282	93	93	282
990	792	990	792	792
142	142	142	647	647
444	369	369	369	369
916	916	916	586	916
967	584	584	967	967
41	41	248	41	248
420	997	997	997	997
269	382	382	382	269
178	932	178	178	932
883	943	56	895	944
467	19	332	708	254
451	848	451	451	451
45	310	45	310	310
944	452	452	944	944
123	404	60	115	92
127	985	127	127	343
380	92	641	705	965
204	204	915	796	204
785	432	432	432	432
856	110	856	110	110
979	136	475	477	556
910	786	298	985	813
418	973	418	418	973
70	511	511	949	70
42	966	966	966	42
308	379	308	379	308
640	640	637	637	640
788	788	239	239	788
754	637	754	660	660
58	58	58	58	58
86	262	680	220	233
362	782	190	825	860
86	501	501	976	976
214	115	115	214	214
80	884	280	884	280
555	96	555	555	555
743	218	743	218	218
155	155	155	722	155
468	491	491	491	491
526	526	124	526	72
540	578	271	156	858
18	548	613	264	755
474	933	933	474	933
997	543	543	543	997
513	444	270	710	448
610	303	388	183	518
137	644	137	644	588
329	71	71	71	159
978	978	73	978	325
868	778	107	545	16
594	563	563	594	594
346	346	838	346	838
208	8	175	651	871
333	364	899	899	333
370	952	952	952	370
613	77	482	578	824
127	688	127	751	688
278	278	993	278	993
290	290	40	290	40
889	744	535	889	744
391	391	391	12	391
202	202	552	552	552
191	662	456	187	812
924	891	891	891	891
847	617	847	965	965
616	616	392	392	392
662	414	582	662	414
703	697	147	703	697
528	976	976	125	528
598	592	598	462	592
42	42	64	64	42
255	106	106	209	106
569	763	763	174	763
479	160	100	479	160
668	3	668	653	668
135	893	759	893	135
748	898	371	114	8
362	362	305	362	362
566	566	566	566	919
595	214	167	285	213
448	445	445	448	445
680	753	680	753	753
705	239	705	239	705
947	481	947	947	481
685	158	873	604	796
653	90	90	653	90
876	434	937	434	434
568	567	568	567	568
668	668	519	519	668
652	120	306	933	43
388	3	3	388	3
174	218	174	174	218
144	144	837	837	837
497	497	52	497	497
685	685	653	653	685
242	801	801	462	462
991	991	991	422	422
406	406	670	670	304
861	788	788	788	861
719	719	198	719	773
325	508	508	508	325
336	185	196	196	336
883	39	513	883	39
533	533	278	278	533
811	481	811	481	481
354	354	522	354	785
172	172	227	227	227
38	939	939	939	939
740	740	315	740	315
400	759	813	813	813
693	118	693	693	118
773	773	745	745	684
418	862	831	862	862
251	251	121	121	121
553	553	659	553	553
497	328	775	214	755
839	349	839	839	839
724	724	724	72	724
109	136	136	136	136
164	628	164	628	973
742	656	401	656	742
153	153	276	821	276
282	177	481	177	177
505	712	482	961	517
337	337	310	310	337
359	917	917	359	917
776	187	187	776	187
160	328	565	492	743
689	960	960	960	79
836	20	836	20	836
735	735	735	454	735
290	939	578	540	705
496	496	88	496	496
762	823	498	222	341
52	52	52	775	775
838	977	544	747	351
359	87	87	87	87
258	258	258	871	871
19	19	427	427	427
854	127	854	143	143
464	464	464	464	464
761	369	761	369	761
674	897	201	792	32
682	399	621	399	682
664	62	625	255	41
289	634	289	634	289
792	555	890	119	530
11	892	892	892	11
940	940	19	940	19
346	346	33	346	346
405	146	146	405	405
788	788	641	641	641
739	386	386	739	739
978	225	978	225	978
508	769	8	769	8
217	217	467	467	467
37	205	205	205	37
517	210	210	210	210
217	217	934	934	934
382	425	382	382	425
597	775	597	597	178
522	522	438	522	438
247	69	247	247	247
581	594	594	411	581
634	211	211	634	634
297	260	864	689	577
373	280	280	280	280
446	839	463	114	716
497	255	497	497	255
159	855	855	855	159
382	382	683	683	683
738	19	704	520	274
923	60	923	923	60
914	430	914	430	430
584	36	481	161	533
460	431	460	460	431
829	829	829	829	598
796	820	796	796	820
407	779	925	664	506
668	668	668	443	267
88	88	468	468	468
683	975	403	148	437
349	96	692	817	713
469	264	498	776	685
152	426	426	152	152
571	314	268	268	268
2	281	678	144	230
949	949	398	577	577
165	165	682	424	424
811	630	630	818	630
91	91	91	91	689
664	688	836	351	226
49	745	49	155	49
47	47	131	47	131
771	313	210	490	128
189	189	221	189	189
258	123	883	431	799
717	120	717	120	717
17	575	17	506	575
135	135	135	135	135
731	859	160	629	692
236	69	69	236	236
992	911	227	992	227
853	733	853	733	733
729	729	650	729	837
29	511	511	511	29
58	744	744	821	744
484	528	484	484	528
406	784	784	406	784
572	572	499	499	572
210	868	823	868	868
399	726	399	399	726
542	542	542	542	735
376	376	376	235	376
827	827	597	827	597
205	910	205	205	205
835	820	835	820	511
625	40	40	40	625
433	318	318	433	318
468	468	807	468	431
821	821	821	996	821
598	598	493	493	598
432	497	432	432	497
93	672	93	93	93
3	589	37	13	635
120	405	120	120	405
707	707	707	803	803
539	411	411	539	502
155	155	526	526	155
457	961	961	961	457
515	515	515	515	874
182	182	142	687	687
637	637	637	637	523
489	489	669	669	489
420	692	312	172	474
114	829	829	114	114
999	970	970	999	267
730	730	413	413	730
632	591	632	632	655
156	156	770	32	32
688	69	244	244	69
80	630	293	135	788
547	354	581	712	692
419	241	532	738	743
682	682	682	901	901
303	303	303	440	303
629	925	925	184	629
255	626	627	415	465
995	995	995	995	995
851	851	416	416	851
951	408	408	408	951
509	982	509	509	509
643	520	520	520	643
248	248	248	248	248
687	687	206	687	687
343	812	812	812	812
698	698	680	698	698
194	194	479	479	194
625	522	625	522	522
889	999	999	889	999
643	448	643	448	643
533	533	480	475	475
113	269	269	113	113
490	477	30	167	518
513	160	513	513	160
439	80	640	258	447
81	200	287	287	200
520	520	471	471	471
461	753	620	507	534
602	602	602	438	438
661	914	914	661	914
489	720	222	31	519
497	13	497	497	13
191	327	191	327	327
971	311	898	546	423
316	819	30	714	808
645	645	645	25	645
927	262	297	262	927
655	708	708	655	655
250	706	706	650	650
164	858	164	164	426
926	258	232	258	926
242	934	934	242	934
538	266	266	266	266
881	272	74	272	881
895	893	895	895	895
832	391	677	832	391
874	953	874	874	953
487	487	80	487	80
747	135	135	875	747
188	848	188	188	188
941	756	941	756	756
864	127	127	864	127
884	654	884	884	654
887	315	961	961	887
594	594	247	247	594
337	706	337	706	337
531	531	158	334	158
254	497	690	227	949
415	415	820	820	415
382	593	382	382	593
965	965	965	965	810
715	715	248	248	536
128	128	551	128	848
91	993	170	809	322
745	359	553	796	386
421	967	73	231	510
477	477	221	221	477
354	926	579	695	15
10	118	118	10	10
642	670	528	461	646
627	969	121	968	929
557	939	861	808	606
811	756	880	468	458
424	67	67	67	424
465	653	832	653	832
859	183	183	859	183
517	517	237	517	237
893	994	708	175	342
862	862	862	722	862
182	22	247	394	274
180	481	180	481	481
523	558	523	523	558
416	683	592	760	342
328	871	871	871	871
117	117	256	117	117
235	130	130	235	130
739	566	739	739	566
525	844	525	844	525
898	898	208	898	208
108	190	806	323	368
573	775	460	391	161
297	662	662	297	297
280	280	398	280	280
458	471	386	358	526
99	970	595	595	595
32	828	32	32	379
272	572	137	572	572
516	435	435	516	435
992	992	843	843	992
474	608	474	474	608
425	425	425	537	425
571	571	930	930	930
31	332	149	55	865
18	615	875	18	18
684	267	684	445	267
656	656	228	656	228
352	352	352	419	352
880	586	586	880	586
109	109	301	301	109
348	348	348	665	661
472	587	472	587	472
928	78	68	695	436
473	575	880	652	72
404	460	460	404	137
447	858	447	447	858
625	625	11	593	11
347	557	347	347	557
610	762	610	610	610
859	859	859	859	880
895	895	123	123	123
139	139	139	139	139
703	703	845	845	703
515	66	604	927	715
712	814	712	712	814
794	214	794	794	794
801	801	246	720	720
171	171	171	171	112
941	97	219	13	614
122	122	122	856	856
567	567	263	567	263
890	398	890	890	890
843	843	356	843	843
491	374	491	374	374
673	673	35	35	673
5	312	312	312	312
628	332	380	332	380
884	884	884	773	713
706	903	641	451	411
338	338	771	338	338
688	688	650	650	688
998	998	437	998	437
563	563	770	563	770
216	706	899	494	788
982	982	982	982	982
898	737	485	35	175
248	98	738	248	738
145	382	67	176	538
63	575	957	987	82
237	58	515	58	237
699	214	699	699	699
910	910	910	304	304
649	950	500	950	950
215	215	294	294	215
956	24	956	956	24
633	729	774	729	729
510	510	955	955	510
912	912	912	912	925
600	352	494	644	531
643	643	146	146	643
362	362	550	550	362
672	672	471	672	471
214	920	214	920	214
70	70	70	70	70
38	380	489	821	986
60	872	510	48	918
510	282	510	282	282
795	80	795	795	80
200	200	111	200	200
444	444	413	444	413
279	390	661	79	981
816	142	816	142	142
984	984	428	984	428
701	950	701	701	105
183	983	183	183	183
2	888	2	283	2
467	467	467	797	797
903	549	549	903	549
839	839	179	179	839
712	923	400	608	25
389	882	389	389	389
149	149	33	149	33
356	260	160	160	260
772	204	772	772	772
664	938	154	152	806
919	664	402	257	171
675	675	675	927	927
122	743	122	122	122
888	413	413	413	413
501	735	165	501	501
941	941	941	941	941
927	927	995	529	927
845	48	48	48	48
293	293	293	809	293
753	477	845	584	933
585	600	585	600	600
977	953	261	261	953
157	823	823	823	157
964	189	964	964	189
402	216	246	402	246
609	609	764	609	764
897	907	897	897	907
900	269	269	900	900
631	514	230	472	203
845	588	588	588	845
391	391	404	404	404
942	942	331	331	942
594	411	805	411	805
285	285	723	723	723
32	882	32	882	32
89	564	309	564	89
738	269	269	738	269
845	845	845	350	411
272	43	272	43	272
506	756	506	506	756
663	345	580	568	110
53	429	53	53	429
300	300	300	300	803
407	69	407	407	499
59	117	117	117	117
906	566	566	906	566
211	211	340	340	211
336	29	29	108	29
925	925	925	925	472
414	352	352	414	414
53	53	919	919	919
285	1000	1000	285	285
612	612	188	612	612
373	560	656	45	651
694	694	765	765	694
422	422	422	250	250
110	129	563	93	246
421	31	142	421	142
654	682	682	376	376
832	832	31	31	31
48	48	178	178	178
287	287	287	287	287
271	750	750	271	453
910	910	910	910	910
711	931	19	19	711
120	120	120	478	120
716	734	734	716	734
20	993	993	993	20
211	318	917	696	801
255	359	467	278	152
510	67	67	67	67
876	562	550	562	876
19	922	162	68	855
893	893	893	856	103
939	939	939	939	882
644	644	928	644	644
676	676	347	347	676
946	946	247	247	247
601	85	85	24	85
483	483	483	483	94
584	591	591	584	124
475	999	999	999	475
668	427	24	284	164
440	339	990	254	660
388	402	402	388	388
229	991	991	991	229
817	817	980	817	817
977	977	224	224	224
474	474	276	474	276
461	799	422	557	900
136	949	949	949	949
96	96	507	96	507
167	856	856	856	167
965	965	820	820	820
754	57	61	475	930
234	115	82	864	928
969	969	452	452	452
533	875	875	407	875
467	104	358	621	893
557	47	557	532	532
525	525	525	525	90
611	611	691	691	611
688	871	688	688	871
874	874	780	874	874
733	733	585	254	733
924	845	530	337	99
45	993	105	333	982
507	55	55	48	48
351	351	220	351	220
599	315	315	315	315
809	759	404	43	419
824	824	674	824	824
839	839	839	839	839
489	489	985	985	489
49	979	979	49	979
348	971	348	348	971
359	20	614	186	752
327	327	327	720	327
83	42	441	967	448
208	208	208	208	208
100	100	725	574	100
719	568	568	719	719
261	261	570	261	261
165	779	165	779	779
604	604	604	756	604
796	721	14	478	431
33	696	696	33	696
759	366	759	841	841
365	365	365	715	715
896	845	909	199	134
55	55	708	55	708
758	270	139	758	758
699	818	142	253	500
928	928	928	598	598
374	811	336	54	920
896	700	961	203	749
841	911	911	841	841
844	442	435	360	982
71	71	71	73	73
721	53	377	675	903
387	117	387	762	117
711	711	711	566	711
286	38	286	38	38
423	423	423	844	844
505	654	596	654	654
656	656	656	14	176
367	62	367	367	62
68	973	973	68	482
692	325	26	145	73
821	821	821	827	827
401	401	967	401	12
521	953	361	945	197
86	93	264	86	93
792	628	284	309	655
477	404	477	477	477
270	270	364	364	97
776	990	776	776	273
851	889	889	889	59
606	40	40	606	606
359	359	721	425	359
501	538	538	501	538
133	942	942	942	942
528	453	453	528	453
585	476	203	187	681
959	959	959	959	959
661	661	661	661	779
74	727	74	105	105
428	958	428	428	428
480	129	887	887	887
871	84	766	871	766
365	88	365	88	365
550	550	411	550	550
367	402	402	402	402
310	19	310	19	310
676	594	58	719	519
670	606	670	670	670
45	513	45	513	513
581	581	581	312	312
897	897	897	897	897
966	966	811	811	966
968	463	463	311	463
569	743	165	982	110
233	233	233	233	233
235	235	556	143	235
629	93	93	93	93
296	795	573	307	875
805	483	483	483	483
351	981	351	981	351
511	58	58	58	88
95	95	496	496	968
374	374	853	209	853
681	771	771	771	771
890	882	64	796	165
805	805	805	116	116
963	413	517	413	963
32	535	655	709	524
599	319	599	319	599
404	620	620	620	620
529	625	190	947	399
222	222	285	285	222
110	4	328	328	328
588	246	588	588	246
549	549	453	453	838
574	232	574	232	574
821	821	782	821	782
750	248	41	665	709
422	422	422	837	436
384	384	77	384	77
631	98	236	721	798
345	225	110	345	345
586	180	180	180	586
299	299	62	299	299
178	178	636	636	636
113	113	113	113	113
458	189	100	219	94
606	606	606	606	606
121	898	919	172	108
565	565	48	565	48
620	697	620	620	18
461	147	425	425	461
339	825	825	825	825
562	344	344	344	344
57	793	233	378	121
231	106	381	134	125
181	181	181	107	107
762	191	762	191	848
421	421	261	421	421
487	487	487	487	421
736	975	975	975	975
993	993	993	34	993
735	905	735	735	905
399	217	217	399	399
299	299	577	299	299
764	764	764	764	764
665	665	725	665	665
302	52	866	883	989
165	624	624	165	624
524	124	524	124	524
342	555	816	555	816
295	295	484	484	484
771	205	429	432	681
956	228	956	956	228
453	162	506	89	683
733	291	291	733	291
341	424	813	897	724
923	909	134	531	756
686	802	228	917	289
808	347	931	768	508
957	957	957	957	644
61	654	654	654	654
345	23	345	23	23
965	355	40	200	962
521	315	315	521	521
814	39	637	814	39
871	472	472	871	871
21	466	21	21	21
875	702	702	875	875
903	904	577	242	876
808	801	808	801	801
949	643	999	892	251
129	129	129	632	632
427	788	788	788	788
150	978	150	646	150
842	585	18	246	84
285	741	741	741	741
89	89	969	89	89
467	954	677	341	68
221	953	953	488	221
950	950	721	721	950
343	343	343	343	343
973	731	731	973	973
634	440	440	634	440
9	9	9	9	911
612	139	612	612	139
717	277	337	337	277
440	510	263	440	263
274	274	274	274	593
683	578	683	683	578
552	22	912	912	552
389	389	62	389	389
963	963	733	733	259
958	40	40	40	958
500	326	326	326	500
955	370	370	370	955
862	105	862	862	862
841	841	841	841	994
464	289	289	289	289
316	268	598	114	149
778	778	778	778	778
310	592	592	310	310
853	27	527	27	27
918	975	918	742	918
825	332	511	454	945
634	714	714	478	714
269	600	570	423	731
389	234	389	234	389
628	628	972	972	628
490	450	36	394	867
452	226	120	359	125
208	80	208	208	80
554	270	560	895	432
367	532	532	367	115
485	485	108	485	108
332	332	332	662	833
386	955	755	364	613
328	243	243	243	243
916	916	916	37	37
26	26	26	26	26
121	21	121	21	21
140	326	326	326	140
278	278	278	480	480
712	173	173	173	712
630	630	630	630	630
877	982	982	493	493
256	798	76	790	769
443	443	293	293	293
980	572	572	983	572
980	460	410	658	371
869	430	869	430	430
300	2	300	356	356
943	760	943	943	760
79	845	288	459	463
747	130	130	130	130
115	572	824	642	570
534	354	534	534	354
833	781	878	152	853
174	9	9	174	9
80	530	285	530	285
475	502	600	502	502
373	380	380	380	373
495	81	495	704	704
723	723	723	723	875
370	69	69	920	370
476	476	476	476	476
795	545	654	939	817
231	938	938	231	231
492	722	492	722	492
492	550	492	550	550
474	474	789	474	789
764	385	385	764	561
195	195	383	195	150
247	278	314	563	258
140	140	140	140	388
446	639	363	446	446
618	618	618	448	448
112	112	300	300	839
657	287	287	287	657
633	759	886	818	416
708	809	708	809	708
129	21	890	101	325
566	380	759	425	873
994	25	680	25	680
622	622	622	912	622
438	934	559	559	438
844	502	502	254	502
943	956	943	943	943
251	876	876	876	75
39	93	93	217	93
925	166	955	166	166
933	933	988	988	988
56	585	542	504	430
978	180	815	815	180
143	143	539	143	143
938	605	595	73	807
840	883	451	157	772
899	899	779	779	779
905	103	905	905	103
365	365	61	365	365
103	498	498	103	498
6	32	89	77	394
847	496	847	357	496
77	77	19	19	77
858	858	433	433	858
85	645	85	645	85
934	109	724	589	177
341	133	133	490	341
749	968	749	968	968
947	947	947	947	947
23	407	407	839	23
993	993	169	169	169
774	59	59	774	774
829	721	721	922	721
638	598	576	582	150
280	280	910	910	783
914	713	416	142	579
332	332	337	332	337
791	398	184	658	614
439	439	972	972	439
113	751	728	113	751
896	572	464	426	692
947	453	113	413	693
751	728	903	274	827
908	489	654	489	908
323	975	975	975	975
557	557	557	557	557
488	488	771	542	771
671	560	355	184	167
355	355	355	355	355
200	769	769	612	769
591	9	200	79	942
514	737	514	514	514
639	875	315	788	475
347	221	347	347	221
795	224	224	224	224
45	45	389	45	389
890	419	363	363	419
102	159	66	693	397
126	722	513	722	722
314	43	912	581	252
67	63	63	376	67
747	747	508	508	508
963	171	963	171	963
498	900	498	498	900
432	482	601	241	559
537	636	537	636	537
404	56	949	901	754
529	811	932	529	811
40	40	582	582	40
219	144	219	650	219
551	311	685	311	685
650	650	171	383	171
685	815	815	685	815
546	123	546	123	123
387	387	656	656	488
771	771	357	771	357
204	442	598	120	109
233	759	759	974	233
874	782	248	782	874
321	321	321	750	750
882	407	407	882	882
799	869	862	247	547
166	166	166	198	198
729	306	306	729	306
850	850	173	173	850
537	278	278	278	278
542	198	542	542	542
154	323	154	154	619
42	16	16	42	42
950	950	950	823	950
128	534	464	487	724
78	495	495	78	495
825	825	825	630	385
714	73	51	829	476
540	540	410	931	540
350	287	283	241	563
435	435	435	435	435
914	914	562	914	150
754	754	621	522	754
52	52	387	387	52
390	390	390	651	390
34	461	461	213	34
896	973	896	973	896
683	420	420	683	683
641	797	797	641	641
704	337	493	337	704
615	849	645	696	747
216	434	434	434	434
195	195	333	195	292
246	246	513	246	246
388	249	388	388	388
824	575	377	988	450
913	821	338	632	742
123	123	549	549	123
703	747	778	20	235
25	25	25	25	287
502	926	540	151	840
236	267	236	236	267
479	431	865	479	479
698	698	698	537	537
307	183	532	74	22
568	442	442	437	568
907	914	907	907	907
215	4	804	994	348
340	340	340	20	340
711	787	594	942	427
860	860	860	860	860
972	951	52	327	90
866	505	505	866	866
203	268	203	203	268
175	513	209	320	833
433	433	989	989	951
586	375	586	375	375
152	152	152	152	152
94	678	4	94	4
436	988	67	67	988
653	653	458	318	458
608	454	454	454	608
992	287	287	287	992
137	455	204	137	137
31	341	338	338	341
199	803	803	803	199
421	421	238	238	421
243	243	243	243	248
913	580	680	655	505
657	48	657	574	657
320	980	837	112	413
811	399	50	811	399
707	707	707	707	707
251	143	571	307	927
915	915	915	501	915
314	467	304	314	304
604	577	919	587	222
818	284	473	434	903
85	911	34	562	206
657	406	657	406	406
827	827	827	827	560
720	720	720	319	319
750	66	66	601	66
910	910	836	910	836
30	30	522	30	522
780	780	233	233	233
269	548	269	548	198
118	118	931	586	931
375	176	637	595	113
746	568	746	746	568
770	770	35	650	35
733	77	951	174	785
57	57	166	57	166
294	294	294	294	294
643	233	800	179	731
445	473	677	445	677
231	231	231	231	231
970	543	970	970	543
654	364	654	364	654
270	869	869	869	270
419	419	696	696	696
337	259	40	337	259
387	387	387	387	511
247	808	247	247	247
54	954	54	264	264
903	520	903	903	520
671	956	956	956	671
58	58	414	414	414
492	146	146	492	492
166	640	166	166	173
124	553	124	553	124
499	792	792	937	499
817	817	774	774	774
983	983	730	983	925
997	470	470	470	470
686	686	980	980	686
63	363	63	63	363
228	249	777	500	813
779	471	779	779	636
945	60	60	945	60
485	917	917	838	838
422	717	140	478	864
932	932	932	930	930
455	455	455	940	940
53	53	53	53	53
442	442	442	442	682
826	794	794	794	794
219	191	219	219	219
96	330	96	96	856
753	594	753	594	753
382	496	103	496	496
785	399	399	785	785
665	162	665	162	665
297	297	915	915	915
30	30	378	378	378
118	107	107	107	107
138	138	255	138	138
440	373	28	393	781
302	222	278	222	222
513	781	494	781	494
274	120	250	802	202
746	189	633	633	189
472	946	472	472	472
52	998	900	515	391
210	724	724	724	724
481	391	481	391	391
545	921	545	545	776
105	322	322	322	322
432	446	886	446	446
800	391	288	949	670
840	240	240	45	840
938	938	938	830	830
224	224	224	224	224
886	5	886	886	5
673	333	248	915	398
840	134	134	840	134
712	712	69	712	712
295	555	555	555	295
41	643	878	878	41
102	542	723	946	521
434	434	434	511	511
57	57	57	57	57
96	678	34	794	137
755	780	284	459	200
500	55	500	819	500
156	465	465	156	465
824	141	69	824	69
563	103	563	563	103
605	605	605	654	654
707	900	707	707	211
533	533	533	139	41
754	473	473	774	774
261	261	20	261	20
334	179	179	179	179
48	578	831	831	48
319	319	319	319	598
596	660	596	660	596
858	656	656	656	858
416	55	55	416	416
894	784	784	784	894
12	274	274	274	12
772	944	944	944	772
899	899	584	584	584
476	476	364	476	476
749	990	915	915	915
380	380	70	70	993
22	506	22	506	506
405	727	584	741	569
469	469	469	469	469
1000	358	337	328	278
743	506	506	506	743
256	256	256	80	80
977	359	158	818	868
34	34	450	34	34
417	166	166	417	417
814	363	765	668	502
218	218	54	806	218
470	328	470	470	470
230	230	56	328	328
298	298	474	298	474
351	337	853	165	451
495	495	670	670	495
489	829	489	528	528
762	762	762	953	953
712	900	900	712	712
538	955	538	955	538
142	385	863	738	218
83	164	83	164	83
562	562	562	562	248
332	875	332	332	596
777	777	560	777	560
957	213	68	213	957
853	853	853	738	738
303	303	557	303	557
99	881	99	881	724
256	935	374	370	927
681	681	681	940	940
986	932	986	350	350
693	693	172	172	172
545	607	264	607	264
664	147	664	147	147
662	93	93	662	662
350	617	617	350	350
269	269	234	269	269
296	276	276	276	276
60	60	60	456	456
452	452	452	152	452
776	776	564	776	776
658	712	712	712	712
591	336	661	682	31
645	645	771	24	24
376	346	568	346	568
941	952	596	818	672
29	757	757	29	757
1	274	860	274	860
854	704	990	765	883
320	352	517	517	320
665	693	111	530	556
980	27	482	482	482
214	978	998	819	640
841	79	841	841	740
236	524	621	825	622
980	980	671	671	980
821	821	561	561	561
198	222	222	222	198
211	338	338	211	338
325	325	325	325	912
393	492	492	492	393
643	643	331	643	643
473	473	473	473	682
295	986	986	986	895
184	184	90	871	184
351	49	897	897	897
808	519	519	307	808
715	715	715	715	715
370	338	847	847	370
435	435	61	61	61
189	618	899	189	899
794	913	913	794	755
132	734	992	911	311
482	482	810	482	482
683	468	683	468	468
393	225	4	500	201
823	823	823	932	932
907	955	341	926	940
670	40	988	631	317
413	864	584	655	751
842	503	612	842	612
225	659	366	370	788
879	917	917	917	917
487	920	487	920	920
799	718	799	718	799
959	641	407	765	869
528	359	368	143	535
317	562	562	317	562
207	207	207	207	951
854	854	966	854	966
529	529	551	551	529
142	847	142	142	847
625	625	625	751	625
937	427	427	427	937
263	590	263	263	590
957	957	316	316	957
71	956	694	694	956
935	935	935	467	935
986	670	986	986	986
709	362	709	709	709
772	772	772	344	344
799	799	799	847	847
856	879	879	879	856
746	746	193	193	746
12	861	135	970	434
410	410	410	410	410
347	347	347	124	347
886	934	886	934	626
178	732	433	112	330
257	19	19	257	19
48	740	740	740	740
833	387	916	723	797
282	282	139	282	139
173	173	861	173	173
766	766	162	766	766
278	24	278	24	24
562	686	13	994	254
88	236	88	501	236
241	968	512	499	847
402	754	754	402	323
805	639	805	639	639
999	999	999	999	999
111	111	795	111	111
321	321	909	505	909
229	325	229	229	972
757	757	276	276	757
269	218	218	269	218
160	296	243	296	160
993	488	488	938	993
664	603	664	603	603
790	790	790	466	790
954	479	777	288	377
651	651	343	651	343
370	798	798	798	798
394	528	528	394	528
10	750	785	186	469
888	710	16	888	888
410	410	199	410	965
747	936	747	747	747
122	122	122	314	314
608	608	45	45	45
239	803	189	803	803
850	850	717	850	876
647	647	642	647	642
478	739	739	478	739
911	751	911	911	751
191	184	185	326	777
302	413	413	302	413
622	713	622	890	713
186	186	662	186	186
136	136	855	543	855
407	407	407	267	407
161	430	161	430	430
614	636	614	614	636
235	903	903	903	903
634	443	244	636	375
20	20	20	930	750
871	852	769	852	852
251	251	776	48	776
773	598	469	890	108
173	782	560	651	141
77	77	77	683	683
204	204	204	864	204
982	982	982	982	96
619	99	619	619	619
812	649	649	649	649
17	730	886	429	902
252	252	25	472	25
232	890	890	890	232
28	842	74	842	74
912	50	912	50	50
485	185	708	751	462
798	880	798	880	880
134	622	622	622	622
773	773	866	773	773
769	769	449	449	449
861	640	571	666	111
51	51	51	775	775
875	522	522	522	522
648	648	122	648	122
45	45	45	45	911
271	445	253	624	889
793	793	793	793	602
965	965	785	785	785
975	975	880	975	880
98	943	349	68	31
269	69	69	319	69
434	590	590	434	434
16	16	777	777	777
718	721	721	721	952
357	526	526	526	357
843	337	342	337	843
311	317	72	438	871
273	273	273	99	51
220	220	758	220	220
425	425	425	425	425
344	344	482	344	482
895	895	895	605	895
39	309	309	39	309
224	245	80	648	318
742	19	742	19	742
236	677	236	677	236
483	23	23	483	483
965	965	569	397	569
94	457	354	457	354
419	419	224	419	224
239	717	160	74	545
800	263	443	443	800
631	880	610	883	724
155	155	699	155	155
963	825	829	584	881
52	52	52	468	538
23	23	23	484	484
19	535	19	19	19
678	678	993	944	944
287	293	557	293	557
186	735	735	735	735
668	668	244	668	244
273	273	791	791	273
710	75	75	75	710
136	101	104	925	928
895	588	588	895	895
378	378	438	317	438
50	276	952	343	352
611	380	706	974	579
188	611	188	611	611
947	10	369	627	405
650	960	960	650	650
301	301	301	301	59
550	550	600	550	739
642	456	642	456	642
469	376	469	997	376
15	839	356	712	339
37	824	263	275	726
427	614	614	427	427
881	881	381	381	881
947	50	838	611	88
698	974	730	698	974
336	453	453	336	453
238	238	238	238	983
486	275	486	275	486
898	426	898	426	548
718	718	172	718	172
744	614	614	835	835
108	444	444	435	108
759	696	696	696	729
746	560	319	11	727
440	440	66	66	440
963	235	105	105	963
420	227	227	647	647
464	721	832	601	769
812	914	812	812	914
974	815	477	901	718
763	210	27	424	283
717	644	120	261	140
125	36	855	125	855
517	626	517	554	517
98	495	495	495	98
488	841	488	488	488
760	372	313	760	372
707	786	150	707	786
931	931	177	177	931
556	556	556	222	556
205	330	205	205	300
814	626	936	622	629
364	364	364	253	364
457	457	457	457	300
864	864	185	185	864
452	452	452	732	732
99	99	99	99	565
548	579	548	548	707
634	412	634	412	634
918	486	884	250	896
473	442	724	407	219
796	703	703	862	703
488	126	126	126	998
23	23	23	23	374
95	572	95	572	95
923	702	568	129	862
315	395	395	395	315
660	660	91	91	660
266	266	266	780	266
782	315	56	884	963
101	659	659	659	659
979	103	568	103	568
655	655	655	655	655
311	215	215	545	311
575	478	478	478	575
940	56	940	940	56
143	143	143	379	379
559	468	468	468	440
773	733	956	665	652
202	202	317	795	317
870	497	870	497	497
759	972	224	341	651
817	817	373	373	373
581	625	625	625	581
616	616	331	616	616
745	441	441	441	745
232	752	62	927	641
732	732	323	732	323
3	577	577	298	3
88	88	88	88	88
296	817	817	296	296
461	539	539	461	461
711	373	711	373	373
94	94	94	94	94
893	977	893	977	893
749	749	637	637	749
252	252	294	252	294
961	219	635	174	866
94	918	94	918	918
681	987	987	681	987
547	727	727	547	727
888	888	888	888	645
348	348	348	477	348
760	127	127	127	760
694	694	694	892	892
361	675	361	413	361
208	323	323	208	208
274	573	573	274	274
903	441	15	705	447
670	636	636	636	670
617	159	617	159	617
537	101	537	101	537
446	99	192	942	116
149	914	427	427	149
735	656	735	735	656
431	870	870	849	870
129	129	129	852	852
568	69	69	69	568
597	854	712	765	52
600	194	600	194	784
210	857	857	857	857
365	318	777	365	777
323	323	251	251	251
560	925	925	560	560
798	500	9	500	500
450	450	450	450	135
540	664	664	664	664
88	88	883	883	883
904	804	328	55	753
638	114	114	114	638
288	288	302	302	497
161	161	161	251	161
269	269	269	269	269
93	991	526	16	685
485	485	522	522	522
535	721	535	721	535
193	891	16	193	891
875	871	871	875	871
518	210	22	549	793
634	634	856	634	634
802	802	564	802	802
25	919	405	899	644
860	860	958	860	958
690	690	819	391	819
612	963	612	39	612
894	894	250	894	894
819	647	251	569	261
756	325	219	302	226
407	84	816	84	816
464	973	973	973	973
236	236	236	579	579
363	72	634	807	939
877	877	877	166	166
285	283	285	285	283
177	177	351	655	177
529	246	22	22	246
920	282	282	282	282
546	523	523	546	546
698	698	698	818	698
368	860	34	466	822
77	817	77	77	817
600	600	637	600	600
122	45	45	45	45
673	929	193	267	356
190	418	648	418	648
420	210	800	210	420
129	129	129	380	329
799	494	656	799	494
203	203	652	652	203
309	309	309	644	644
378	484	484	378	484
1000	1000	1000	146	146
963	540	540	540	540
897	897	311	897	311
809	230	879	693	443
477	75	915	473	475
605	605	611	611	605
32	32	32	138	32
651	651	651	651	651
193	193	243	193	193
38	778	285	827	989
29	777	655	655	655
717	755	580	11	280
512	226	512	512	226
95	95	114	95	95
134	134	415	852	415
715	726	726	726	726
325	190	521	355	109
825	825	825	411	825
467	467	699	467	467
72	405	72	405	72
992	992	992	205	766
731	469	469	731	731
495	495	495	495	495
929	929	507	311	311
33	33	700	33	475
612	612	612	612	38
682	916	682	916	916
51	586	416	549	124
144	144	112	112	144
705	941	941	941	705
946	278	334	334	946
10	10	403	403	403
357	131	357	357	131
119	936	466	466	466
247	247	247	247	378
927	970	295	585	237
135	135	135	314	135
934	934	304	934	411
945	945	945	464	464
584	584	443	443	584
909	909	844	909	844
879	318	318	879	879
660	660	117	117	660
849	849	422	849	849
370	845	246	436	32
378	472	352	974	161
124	843	568	124	568
579	200	200	579	200
997	743	401	587	679
525	587	587	587	440
371	918	39	918	918
382	382	822	822	382
320	320	320	804	320
551	453	551	551	551
277	746	99	705	570
173	971	865	557	276
487	487	487	487	487
676	544	544	676	544
702	702	702	508	508
604	21	639	700	886
859	576	923	495	246
804	804	420	420	420
164	372	390	446	34
273	240	240	240	654
681	985	985	681	985
396	892	235	269	292
86	86	290	86	86
462	686	798	92	658
164	164	757	757	646
170	170	185	780	185
495	511	511	511	495
989	36	232	433	625
242	242	34	987	987
370	990	76	370	76
315	315	315	315	719
845	662	662	845	845
99	879	498	498	498
270	625	270	352	270
658	998	658	658	658
568	410	410	410	410
928	181	181	181	181
829	448	829	829	829
530	977	589	196	639
959	469	469	959	469
131	337	131	183	183
242	580	580	242	242
597	803	803	597	803
544	152	814	988	303
153	226	334	503	553
66	66	337	964	337
583	583	583	105	105
753	212	692	93	630
688	688	604	688	604
954	954	513	539	954
755	514	900	156	802
665	989	415	476	619
550	550	358	7	550
626	729	729	729	626
731	894	698	723	476
665	769	665	665	665
801	917	917	801	917
550	550	385	550	550
445	586	445	445	445
405	261	261	405	261
466	882	466	466	882
706	458	458	458	706
613	896	613	896	613
282	282	282	174	766
659	364	364	364	659
228	375	375	228	228
877	877	877	463	463
280	89	280	89	89
766	573	785	766	785
175	175	175	188	188
105	982	105	982	12
770	430	327	223	621
745	913	986	844	668
856	289	289	856	289
4	984	984	4	767
250	422	422	250	250
152	152	152	176	176
287	287	287	30	287
306	721	850	77	828
135	526	135	135	135
153	153	295	295	295
739	739	910	910	910
891	615	891	891	615
714	714	45	45	714
136	589	819	331	380
532	532	810	389	532
35	927	553	401	955
529	116	529	116	116
188	181	181	188	181
531	465	531	314	314
202	270	253	73	816
433	438	63	11	221
864	537	537	864	864
65	65	989	989	989
12	754	754	754	12
144	690	144	690	144
977	441	230	773	460
608	38	584	711	690
280	41	364	41	41
747	747	747	747	747
52	212	52	52	52
527	527	181	181	181
664	220	240	664	220
819	607	821	821	607
163	163	410	163	410
330	953	598	207	306
220	387	220	220	220
241	241	764	764	241
528	528	528	663	528
457	219	457	457	219
821	821	412	639	412
291	291	643	291	327
738	914	914	738	738
407	407	854	407	407
834	834	408	834	834
507	507	190	190	190
461	461	415	415	415
829	782	984	371	245
439	382	382	388	439
653	653	510	510	510
808	279	808	279	279
780	921	491	525	518
380	380	380	380	37
44	44	667	44	667
292	487	292	487	861
135	135	587	488	488
79	588	588	79	79
807	91	91	91	807
908	908	765	765	908
786	262	262	786	786
411	816	447	844	680
603	742	237	17	188
713	410	713	993	410
98	224	224	98	98
115	115	372	115	372
294	613	613	613	294
404	404	190	190	190
871	397	190	190	397
131	131	392	392	392
536	999	388	717	727
629	860	860	629	629
542	542	464	464	464
653	978	978	653	653
410	410	812	812	505
387	387	136	387	136
140	114	552	909	363
24	968	968	968	968
295	518	275	275	295
508	508	56	508	56
991	306	991	306	957
165	272	653	716	528
689	36	561	672	331
165	696	696	696	696
821	527	303	527	821
53	49	53	49	53
722	722	553	553	553
887	434	887	887	434
517	774	517	517	138
255	275	238	865	866
101	296	394	907	901
50	720	843	237	719
191	376	191	908	376
613	613	962	962	613
388	8	128	554	409
206	453	453	453	453
394	394	120	120	120
474	902	474	474	902
902	902	902	434	902
109	842	842	842	842
813	914	441	653	207
289	736	736	289	289
147	947	642	644	975
714	714	212	714	714
189	326	189	326	189
176	988	988	988	988
820	661	655	820	655
259	259	259	517	517
535	535	875	535	535
973	145	973	145	145
521	521	521	991	991
625	625	790	625	625
398	101	253	570	645
196	196	878	196	196
830	830	570	72	830
362	105	362	105	105
575	522	522	575	575
266	518	266	518	518
493	493	109	109	109
937	455	937	455	912
406	426	733	733	733
352	365	365	352	365
829	21	829	21	829
548	548	548	467	548
211	270	278	211	211
175	536	973	304	411
67	804	804	67	67
930	930	82	82	930
268	428	411	411	268
462	294	294	462	462
710	915	915	915	915
780	15	780	15	15
712	712	287	712	712
386	386	386	971	298
979	415	255	415	255
783	71	783	783	783
786	191	191	191	191
578	578	235	578	235
718	273	316	279	643
926	630	233	207	204
352	184	352	697	184
415	415	129	415	129
266	170	266	78	170
156	256	256	256	156
910	58	58	58	910
492	492	716	300	300
191	333	191	71	191
58	12	935	160	293
832	793	288	832	793
748	748	118	748	748
355	902	355	355	902
567	688	537	116	83
383	369	924	924	924
983	983	983	983	983
373	925	373	925	925
998	122	686	122	998
618	618	618	804	618
161	703	703	703	161
452	722	452	452	452
297	297	297	902	737
838	327	838	838	327
766	766	291	291	291
871	139	871	139	986
216	501	86	640	4
850	711	682	663	209
746	560	286	535	451
3	623	290	290	623
108	108	992	108	108
385	385	946	946	946
900	900	900	457	900
228	131	353	923	813
518	718	718	423	718
523	721	721	523	523
937	937	937	937	929
290	455	290	147	290
849	849	849	849	645
874	728	974	696	862
571	571	588	906	588
915	248	248	248	248
620	283	620	418	620
104	466	466	400	104
847	78	257	475	907
127	405	985	789	759
254	254	254	755	755
345	372	345	372	372
246	926	246	926	246
241	198	198	780	780
621	521	521	621	521
582	311	311	582	676
576	576	560	576	560
140	140	500	469	500
45	44	560	45	45
916	295	295	295	295
719	952	305	750	485
58	460	498	806	932
581	310	310	310	581
264	344	264	344	153
896	718	896	577	896
212	238	18	620	359
313	120	120	313	120
277	801	706	667	926
318	468	318	506	468
706	995	479	479	479
963	170	541	101	66
114	114	114	453	114
330	310	310	330	488
977	650	278	650	977
953	889	889	953	953
298	365	815	669	832
789	789	568	568	789
13	13	648	13	13
321	253	253	321	253
173	129	173	129	129
100	972	897	897	897
863	435	863	863	435
847	385	114	438	326
667	68	68	667	68
536	217	339	742	104
736	736	362	362	609
441	457	27	522	859
894	437	437	437	707
466	225	225	225	466
926	467	738	368	643
881	951	558	951	558
318	429	733	361	58
618	247	321	127	919
486	486	721	851	851
31	109	31	536	109
188	409	861	70	948
874	423	423	874	874
403	114	173	165	370
433	276	276	276	433
147	147	147	147	147
82	82	82	351	82
902	902	902	632	902
346	602	346	346	602
4	836	836	611	4
846	846	846	14	846
100	828	703	703	100
623	566	862	187	234
494	494	288	494	288
28	28	339	28	28
597	110	780	835	35
633	593	633	633	593
881	139	729	139	139
806	806	29	806	806
846	297	972	972	972
119	844	844	119	844
409	842	842	842	409
104	104	682	682	682
591	591	591	873	591
518	141	141	518	518
841	217	841	217	841
243	785	785	785	785
78	40	78	40	40
954	211	211	405	211
895	895	501	895	501
802	802	802	992	992
611	455	71	91	435
730	696	696	696	730
38	38	38	659	825
562	912	127	362	381
637	178	178	637	637
739	739	799	739	732
713	239	239	239	919
996	545	277	996	277
718	718	718	702	718
159	159	676	159	676
918	528	656	867	87
199	199	324	199	199
265	971	265	971	971
67	67	67	67	67
665	790	790	665	665
655	437	655	437	425
763	739	763	739	739
922	113	922	922	922
389	389	946	946	389
206	361	206	206	206
348	348	555	555	555
792	792	95	95	95
713	63	750	971	427
225	223	223	514	514
370	365	365	365	370
967	798	264	212	899
796	973	504	973	504
47	634	47	634	47
431	144	144	431	144
879	711	936	879	936
13	511	489	13	489
13	778	778	13	778
730	304	158	711	340
85	600	600	85	85
504	504	413	413	504
246	385	385	385	385
169	222	109	222	222
391	391	391	391	391
290	442	290	290	290
149	650	149	650	650
448	448	918	448	448
278	626	73	73	626
346	346	346	346	346
559	559	559	559	559
478	271	478	537	478
889	377	889	889	889
586	991	991	586	991
457	614	511	457	457
180	180	169	180	180
177	803	829	964	804
308	305	534	832	630
859	419	241	241	859
843	523	984	563	674
621	912	912	802	912
107	107	272	107	272
727	257	727	75	257
853	379	379	853	853
978	978	388	978	388
683	881	683	683	881
950	622	409	437	883
357	196	196	357	357
123	123	123	123	123
764	976	764	976	976
630	140	140	140	630
634	823	823	634	455
241	478	241	478	478
576	576	150	576	191
573	408	185	616	663
520	520	800	800	800
335	841	335	335	335
21	958	21	21	21
141	827	827	275	141
569	569	569	728	728
485	909	696	589	115
558	488	558	558	488
328	328	328	312	312
180	180	180	180	87
531	531	911	911	911
960	12	541	960	541
415	39	644	644	39
278	278	905	278	278
424	361	572	424	424
389	389	389	239	611
670	814	814	513	670
582	582	377	756	582
978	827	827	460	827
994	806	994	806	994
600	425	55	425	600
532	808	532	727	808
519	86	32	871	966
260	260	260	903	260
972	944	944	944	944
93	162	93	694	93
842	296	842	296	842
832	568	568	789	789
656	797	656	285	797
317	317	99	832	317
214	503	503	461	503
815	376	218	376	218
147	611	611	611	147
490	767	80	767	80
949	294	294	294	949
269	719	269	719	719
98	98	573	573	112
432	337	369	432	432
850	850	594	594	850
974	974	974	974	974
786	786	355	786	786
222	487	222	122	487
69	736	52	843	859
132	337	266	266	132
736	155	155	520	736
883	61	883	883	61
591	591	591	458	173
749	749	563	563	749
588	650	650	588	650
645	664	645	664	645
456	67	128	217	420
490	627	681	627	681
744	799	120	210	200
321	583	321	321	321
474	474	6	169	474
747	939	587	694	177
978	978	978	978	978
760	649	496	774	722
286	561	286	286	648
561	561	561	561	561
279	327	160	193	905
419	434	419	419	759
867	414	971	933	184
494	703	494	703	703
947	492	15	144	754
970	137	137	970	787
846	846	846	846	456
967	450	442	784	641
854	978	978	854	978
364	364	364	364	807
577	630	630	630	630
322	322	322	322	322
8	415	415	8	8
685	621	685	621	685
977	311	311	771	771
367	182	367	182	182
429	612	604	719	232
811	471	471	811	471
827	568	587	827	827
213	710	123	529	775
203	844	821	502	279
23	387	541	68	972
549	597	549	45	45
272	773	773	773	272
94	94	120	120	120
89	89	313	34	89
148	181	203	909	316
20	92	20	92	58
585	942	585	942	585
146	880	789	471	505
396	119	57	149	252
999	604	77	608	460
47	25	29	820	398
632	632	215	632	215
547	645	645	645	645
763	345	362	345	763
87	624	133	569	534
735	735	106	735	106
964	947	947	947	964
768	132	132	915	132
939	772	939	939	772
905	821	758	905	821
818	489	489	489	818
467	123	467	123	123
714	167	714	167	167
126	126	126	215	215
857	857	905	905	857
166	166	166	734	166
855	582	716	887	676
359	321	359	359	321
531	246	86	871	296
693	762	865	142	481
545	58	58	58	545
682	676	682	682	682
128	128	320	128	320
308	80	69	579	48
370	913	370	370	913
962	962	551	308	551
383	954	937	152	197
249	96	177	590	299
429	641	429	392	429
862	862	110	862	862
446	446	773	446	488
408	408	408	408	97
774	759	759	683	683
313	388	313	313	313
484	930	484	930	638
544	84	916	916	916
478	944	478	478	478
719	774	774	171	171
592	592	592	228	961
400	400	400	684	400
66	335	335	335	335
640	659	640	640	659
482	76	482	482	482
791	791	41	41	41
236	236	236	725	725
329	329	708	329	329
615	733	733	822	822
580	918	428	580	918
43	468	468	43	468
313	313	313	313	313
365	887	292	879	687
519	361	910	910	519
743	403	403	743	743
824	934	824	824	934
670	479	670	670	479
349	168	873	349	873
229	737	250	923	319
677	444	444	677	677
81	100	81	81	81
421	265	265	421	421
252	252	252	239	239
240	968	968	968	968
726	726	726	726	880
6	583	352	426	123
681	681	681	897	897
359	359	359	451	451
375	364	539	815	787
988	988	764	764	764
585	585	473	396	473
409	144	409	144	144
462	235	235	811	235
466	689	689	689	466
188	11	11	11	987
524	799	158	158	158
873	452	852	873	452
463	340	689	689	463
969	969	954	969	969
486	306	306	486	306
988	988	510	510	988
686	22	91	686	91
738	738	897	738	738
674	507	258	258	507
78	78	78	806	463
669	669	841	841	669
726	607	617	665	73
581	702	59	827	689
42	42	42	42	42
212	268	130	268	212
792	687	280	530	123
549	549	620	978	620
253	909	288	288	288
991	191	464	1000	608
426	548	548	426	548
782	439	782	782	432
270	385	270	270	385
719	956	738	324	598
260	542	956	260	260
487	116	505	487	487
636	412	905	542	916
333	333	40	40	40
867	631	861	346	593
58	920	673	765	563
368	770	670	670	670
572	541	541	572	541
929	929	929	940	940
178	466	987	778	317
340	135	493	994	238
506	369	249	615	436
883	653	312	747	715
367	878	367	367	878
255	743	355	743	355
298	298	298	167	167
377	961	961	961	377
884	81	884	81	884
713	25	713	521	25
965	544	933	267	204
643	51	536	726	761
23	23	23	924	924
606	546	285	476	325
822	95	95	822	822
45	474	474	45	474
709	876	876	709	876
326	388	924	154	48
811	721	189	613	530
253	664	8	297	991
570	778	29	849	671
499	555	499	499	499
35	80	80	35	80
521	472	472	472	521
895	376	376	376	376
664	651	664	664	1000
421	421	647	647	647
125	125	125	720	974
866	811	866	811	866
581	523	523	523	523
238	449	238	238	238
221	698	804	295	478
724	631	592	724	592
261	261	645	645	261
993	3	114	45	830
989	280	557	163	675
948	948	584	584	584
383	253	383	253	383
95	95	123	123	123
836	420	420	836	302
93	974	93	93	974
932	932	932	932	932
913	913	913	913	913
489	791	791	791	329
345	435	345	345	435
100	68	100	100	100
843	232	232	843	843
913	682	821	104	505
896	896	614	896	614
147	345	513	345	147
582	884	884	582	884
986	978	224	643	184
326	717	326	717	326
855	800	855	855	855
220	551	551	551	220
322	322	51	51	51
126	126	993	55	993
347	347	720	347	720
81	455	81	81	81
233	5	233	971	5
117	248	199	410	966
916	204	204	204	916
817	721	252	817	817
687	756	343	610	319
625	113	113	625	113
174	263	276	276	174
697	349	494	697	349
278	786	786	786	278
282	282	282	282	395
316	142	756	142	756
923	818	818	923	923
307	389	307	307	307
325	953	790	325	790
213	209	264	936	859
77	856	692	77	77
606	825	606	825	825
830	632	632	632	632
326	646	646	326	326
226	226	226	862	754
846	904	846	846	904
271	586	586	271	271
244	60	421	374	898
492	773	492	492	773
154	154	154	567	567
97	97	798	331	97
96	71	96	71	71
960	960	960	749	960
31	834	31	834	31
545	406	614	614	545
690	458	458	458	458
861	56	861	56	56
609	609	225	225	225
689	229	689	229	600
151	871	151	151	350
977	219	927	219	927
919	919	779	779	779
361	88	88	361	361
742	413	220	575	497
592	685	638	586	167
782	782	782	718	718
974	974	694	694	694
75	75	270	75	270
373	816	816	722	722
948	948	11	948	948
813	633	125	125	813
282	702	282	702	702
586	929	935	395	988
822	994	822	994	994
670	699	963	152	957
834	60	60	905	834
219	219	219	219	251
696	696	526	526	696
255	751	255	751	751
196	196	196	225	196
131	131	858	757	858
465	56	36	115	170
525	525	618	102	618
238	155	238	238	238
751	986	986	751	986
376	376	574	574	760
482	197	842	356	577
561	561	561	566	93
141	140	140	141	141
601	270	601	270	601
686	686	686	730	686
931	931	133	931	133
584	874	584	874	874
14	983	983	14	983
7	7	133	133	133
104	171	171	171	104
83	497	83	83	497
101	72	72	72	101
310	310	310	948	948
254	717	254	254	717
888	888	768	768	768
668	530	530	530	530
325	663	462	462	462
490	682	490	490	547
903	338	903	331	338
283	538	283	538	538
170	170	952	952	594
138	138	638	638	638
227	227	227	227	172
283	823	823	188	188
554	914	38	914	554
56	565	803	226	900
224	224	224	818	459
502	502	502	937	937
907	907	275	275	991
181	95	181	181	626
72	441	72	72	72
919	919	377	892	919
105	913	105	105	913
951	951	951	951	951
449	171	794	15	581
192	192	192	649	611
620	170	170	620	170
338	52	338	52	338
794	794	794	54	794
27	69	27	27	69
650	487	487	606	650
635	588	929	929	929
940	940	819	819	819
375	202	117	117	117
728	728	728	520	728
692	104	692	692	692
704	548	704	823	548
145	59	298	140	548
53	290	609	162	690
928	29	29	928	928
719	719	629	719	719
400	400	802	209	400
663	44	44	663	129
91	339	91	91	444
730	730	730	540	708
614	426	492	492	614
561	561	156	156	156
531	531	531	531	531
37	385	370	545	770
303	303	303	311	311
197	206	135	13	899
862	142	360	862	862
246	323	246	323	323
691	995	533	468	196
110	110	110	108	108
517	230	183	630	564
344	157	742	157	742
356	356	330	330	707
506	70	506	693	506
195	731	195	195	195
338	991	991	338	338
367	528	835	640	932
644	252	252	822	644
447	271	271	271	499
397	566	397	2	397
52	714	821	49	482
415	415	174	415	415
73	34	73	73	639
852	34	999	850	967
240	146	240	240	240
719	719	719	410	410
604	284	816	399	93
125	858	858	858	858
47	695	940	887	239
709	643	643	229	229
763	763	781	811	781
71	71	71	659	71
484	484	206	206	206
929	238	710	710	238
392	392	392	230	230
605	605	121	121	121
922	770	770	770	922
653	544	653	653	653
608	515	334	460	835
889	567	567	889	567
953	620	218	520	980
686	758	758	758	758
758	758	596	758	596
884	884	884	943	943
409	409	803	803	409
942	942	942	733	733
221	909	909	909	909
562	562	562	562	819
665	188	718	718	188
375	260	375	708	260
406	553	406	553	553
557	380	557	557	380
106	92	311	133	458
504	248	53	53	248
108	791	108	108	265
42	42	42	42	481
765	825	825	825	825
610	16	286	673	14
827	743	743	827	743
964	918	553	226	126
139	139	139	207	207
522	522	522	522	522
465	465	465	465	839
330	485	485	485	485
774	871	365	529	690
112	876	876	876	112
480	305	619	619	305
961	961	354	354	961
432	927	432	432	927
231	231	425	231	231
444	546	444	226	226
168	168	168	271	168
355	906	300	73	417
428	228	428	428	228
864	353	512	370	577
658	781	658	781	658
599	599	599	630	599
909	909	155	909	48
100	100	100	490	100
480	578	578	480	480
63	63	63	662	662
570	570	570	134	134
252	315	698	602	325
87	87	87	87	663
235	235	235	406	235
856	856	771	771	856
674	592	592	592	674
188	188	188	237	237
868	868	868	868	868
869	869	923	869	923
897	46	897	46	46
77	814	77	814	814
229	998	546	829	548
145	532	19	536	947
185	185	267	267	185
178	178	327	327	327
617	42	524	119	723
859	859	859	376	859
660	973	384	973	973
388	291	388	388	388
141	408	14	148	759
6	411	411	411	211
570	570	337	570	337
726	726	726	726	75
858	143	858	858	858
312	312	245	245	245
160	741	160	741	741
607	584	308	618	814
561	561	218	218	561
969	107	107	969	969
121	723	723	121	723
670	656	670	670	670
484	622	484	484	484
934	650	934	650	934
823	316	787	738	503
372	380	809	132	565
402	158	878	233	784
68	476	68	476	476
848	848	356	85	848
634	674	167	634	674
640	497	640	497	497
633	633	214	153	633
971	285	971	971	971
369	369	373	212	369
468	199	468	199	468
446	609	259	609	446
469	469	470	470	470
764	406	440	843	422
404	627	627	630	630
587	233	233	233	233
930	201	930	201	930
553	692	507	93	811
152	152	158	152	927
489	931	137	931	137
362	708	708	708	362
946	946	486	486	946
689	689	18	911	911
131	131	131	131	131
798	12	12	798	402
720	78	720	78	720
913	303	913	303	303
816	320	320	816	320
489	214	457	489	214
683	562	389	562	389
486	384	520	384	520
48	83	83	83	48
875	897	897	897	897
240	499	240	606	606
139	306	228	139	139
462	991	462	462	991
918	438	918	918	918
460	479	824	681	810
1000	1000	936	936	936
531	531	531	426	531
214	408	680	408	408
662	496	662	496	498
470	629	464	197	132
653	156	156	156	156
640	166	758	121	18
130	332	951	29	977
138	269	138	138	320
428	307	428	428	307
3	377	45	990	432
85	761	933	509	307
121	439	121	439	121
605	924	605	605	605
648	717	648	717	648
414	860	860	414	414
617	935	274	834	836
821	821	364	821	985
109	384	273	526	168
572	924	572	924	572
634	634	348	348	759
990	717	655	990	990
497	110	349	806	754
52	52	52	723	657
245	203	245	203	203
181	422	888	422	422
132	221	857	212	669
875	965	418	909	422
800	341	394	354	172
120	31	120	31	752
441	441	180	180	180
666	610	26	734	361
591	281	281	591	591
814	892	892	892	892
755	43	43	755	755
472	181	873	472	472
59	59	579	59	59
482	933	728	482	482
762	391	557	557	557
487	609	609	843	609
120	851	120	120	744
783	245	445	634	237
333	593	333	175	593
468	491	468	491	491
677	457	440	677	440
899	764	764	764	787
49	37	49	49	49
734	734	734	662	662
674	674	674	964	643
265	90	90	265	90
538	107	708	538	708
893	893	893	893	893
815	580	851	381	271
247	837	247	837	837
813	717	811	813	811
155	601	891	976	316
200	904	318	200	200
966	966	176	763	176
688	491	688	688	688
37	818	818	818	818
938	109	883	128	964
365	200	200	365	200
745	20	20	20	745
304	749	551	811	193
694	694	464	464	694
674	998	674	674	998
308	296	130	640	189
117	646	117	646	994
375	30	375	375	30
847	558	558	847	558
635	143	791	143	143
226	834	6	859	699
257	767	257	257	767
204	204	432	432	204
5	489	298	5	5
394	394	143	143	394
774	476	476	476	774
113	391	113	403	391
639	463	639	639	463
432	528	528	432	528
375	15	471	25	771
149	825	44	322	278
417	741	741	741	685
118	60	826	60	826
514	404	404	514	404
594	594	594	884	884
640	537	542	362	444
443	443	443	443	278
551	551	551	328	551
500	381	296	743	236
488	52	52	52	52
609	609	84	503	84
371	866	371	866	866
883	883	883	883	696
654	301	654	301	654
536	212	32	536	536
240	240	145	240	145
464	742	742	824	742
846	457	457	953	953
211	211	693	693	693
334	59	334	59	334
565	298	242	242	565
201	586	201	340	201
551	551	551	262	551
751	476	476	751	476
158	223	223	424	158
970	596	970	596	596
872	228	872	872	872
865	507	507	238	865
354	119	119	119	142
111	797	111	797	797
769	673	118	118	673
52	52	52	295	52
669	652	669	652	652
512	512	939	512	939
459	47	459	921	921
96	288	96	96	288
653	853	653	653	853
606	622	77	812	356
254	254	254	254	453
907	731	907	907	731
316	514	715	715	715
5	184	184	5	5
211	211	211	148	148
309	961	727	309	727
479	672	272	740	897
601	601	983	983	983
72	165	72	72	72
648	648	648	648	648
482	572	572	572	572
746	746	746	167	167
106	875	389	310	900
208	181	208	564	564
957	957	957	429	957
871	438	438	438	871
546	546	546	546	596
132	44	933	44	933
935	212	116	935	212
256	197	256	256	197
113	113	113	879	879
289	289	625	625	625
558	558	558	558	55
571	571	231	571	571
494	369	130	436	144
310	385	310	385	310
344	344	18	591	591
120	557	120	557	557
628	674	282	559	721
591	402	870	646	291
640	341	86	479	506
996	566	754	231	688
467	173	752	223	679
412	335	335	335	335
614	457	457	614	614
469	469	26	469	469
120	106	927	5	747
222	222	646	646	646
470	966	470	966	966
425	166	226	166	166
966	966	690	690	690
889	654	647	193	32
379	379	379	379	379
551	551	786	551	797
642	642	642	321	321
441	235	235	441	235
711	112	285	711	285
713	3	53	711	123
113	270	282	287	962
519	55	55	55	55
354	724	724	354	724
186	846	846	186	846
540	383	540	160	540
776	834	776	834	776
417	9	933	641	499
981	958	958	958	958
770	255	770	255	255
575	653	575	438	653
907	466	712	907	907
63	585	63	585	63
375	565	565	670	375
838	366	928	366	928
159	269	159	159	269
127	127	183	127	127
975	485	975	674	485
498	498	958	958	958
419	419	174	174	174
493	820	403	364	528
502	352	502	502	502
949	472	541	258	639
679	870	679	679	870
573	590	590	573	590
75	675	675	675	675
296	14	492	457	477
942	942	351	351	351
185	286	185	286	286
743	645	645	169	645
539	362	539	362	539
391	391	391	977	391
649	805	808	965	686
992	485	485	992	485
547	194	194	194	547
280	280	280	632	280
646	238	735	735	238
52	663	663	52	663
812	707	707	707	812
856	856	856	877	877
417	258	258	417	611
465	459	459	465	459
629	629	179	179	629
288	461	288	461	432
365	50	50	175	50
268	939	322	816	855
658	663	658	658	663
427	563	908	110	523
557	463	728	711	759
204	602	602	956	602
423	423	514	423	514
831	130	831	130	961
218	275	275	218	275
356	356	725	585	356
144	626	646	417	751
639	639	696	672	672
960	620	923	84	989
76	76	76	628	76
446	922	922	446	446
914	193	193	193	193
639	639	639	639	639
464	464	464	822	464
129	882	831	109	765
157	47	157	47	410
438	881	881	438	881
792	487	532	792	532
576	576	418	576	576
291	291	890	291	291
688	688	688	688	955
43	43	674	674	674
950	927	408	773	112
661	909	126	149	874
204	290	204	290	204
491	491	491	541	491
828	4	983	356	892
557	41	557	557	41
496	496	957	496	496
181	110	110	110	110
376	915	358	915	358
741	561	561	305	305
363	242	363	242	363
284	284	614	979	284
404	823	139	818	354
389	450	293	389	450
554	914	25	955	604
93	800	156	221	303
907	829	907	907	829
297	297	363	297	363
874	874	874	584	584
424	885	424	424	885
134	134	290	290	290
578	578	578	578	578
835	835	552	552	210
345	543	477	273	55
421	994	421	421	994
129	920	129	129	129
593	593	529	836	529
967	445	331	539	31
387	387	291	291	291
392	392	392	151	151
26	696	26	26	696
904	249	249	249	904
812	559	866	828	362
237	24	24	24	607
277	102	585	945	284
66	976	976	66	358
915	915	915	915	499
272	54	54	272	54
198	649	198	649	649
114	10	10	114	114
410	73	66	410	73
850	369	850	369	850
573	981	287	287	287
823	429	429	429	823
266	376	266	376	266
197	873	197	197	197
602	566	602	566	566
100	100	100	728	728
793	706	353	706	706
266	750	376	376	750
848	683	848	848	848
181	181	131	638	131
150	994	150	808	808
590	488	590	590	590
736	650	10	599	183
706	706	168	706	706
626	326	326	626	326
956	876	434	184	645
986	537	986	986	986
584	278	278	278	584
702	681	702	702	681
129	329	129	129	129
542	403	403	542	542
653	363	653	363	363
674	986	674	674	986
475	551	82	311	758
660	777	660	660	660
538	780	407	538	780
66	362	362	362	362
912	648	429	876	589
277	277	277	672	672
331	331	331	331	884
955	838	882	652	747
422	422	455	455	455
647	613	798	108	186
949	282	282	949	949
593	83	87	30	838
885	806	806	885	583
256	165	321	165	321
116	116	153	116	935
742	35	822	147	700
198	198	198	755	755
132	576	165	132	165
908	778	205	908	908
11	495	11	11	495
336	746	524	280	228
787	787	94	233	94
46	46	922	46	922
280	988	280	456	280
948	753	753	753	948
168	756	756	859	168
337	348	337	337	337
961	224	8	286	531
517	797	10	517	517
731	731	731	742	742
758	712	758	758	712
179	582	582	582	179
867	452	452	867	452
757	757	757	37	507
721	379	672	379	672
767	503	153	8	347
928	928	664	561	561
655	841	655	841	655
89	722	722	722	722
993	993	993	993	993
585	585	544	585	544
187	187	794	794	794
285	285	146	146	285
782	661	661	904	661
401	454	454	401	454
422	422	422	672	422
390	524	390	390	390
35	189	189	35	976
374	374	374	387	387
769	388	770	769	769
889	889	889	889	889
661	661	661	661	806
542	139	139	139	542
497	497	375	497	375
558	558	558	375	558
497	527	636	945	266
825	84	825	708	825
643	159	659	972	799
906	906	906	175	906
721	593	721	959	721
876	518	657	541	380
101	164	101	261	101
818	818	818	944	944
749	174	758	758	174
493	977	977	125	977
526	526	526	907	526
82	880	112	112	880
534	534	231	384	384
710	710	710	576	576
398	544	531	186	273
675	665	276	807	897
54	54	54	54	936
78	724	840	634	91
887	632	887	887	632
299	425	977	184	797
356	812	978	172	938
323	964	154	693	235
674	887	955	887	674
78	78	78	78	371
285	285	783	285	163
369	369	369	206	206
236	624	789	728	999
398	276	276	398	276
25	581	581	25	25
576	649	576	576	649
472	44	350	972	173
785	785	403	403	403
34	133	34	297	34
257	257	257	532	532
287	33	522	809	579
628	669	628	669	669
913	796	913	796	796
160	160	716	160	956
642	642	828	642	642
947	514	947	573	514
923	923	923	369	923
226	580	226	580	580
755	755	725	755	755
277	176	881	177	759
764	764	21	764	764
38	549	241	241	549
407	407	200	200	407
320	892	320	320	320
183	209	345	209	345
453	275	453	453	453
939	939	191	939	191
240	384	264	130	704
476	536	476	12	476
400	861	400	804	861
283	831	967	839	66
337	889	6	6	337
579	280	579	579	280
449	907	865	230	857
612	62	353	612	62
465	465	465	152	152
3	171	3	597	597
305	305	147	334	334
465	845	845	465	465
431	800	800	431	431
17	756	17	228	17
491	902	491	582	491
221	221	221	221	459
556	556	556	556	463
903	538	544	903	903
654	359	634	475	118
146	146	146	146	751
90	410	90	410	410
94	94	669	94	669
268	86	268	268	86
251	41	41	251	41
10	694	877	978	267
840	840	359	582	840
576	143	143	78	78
531	531	291	531	531
452	669	158	902	105
746	749	749	746	749
999	312	312	999	999
632	905	632	905	905
651	651	53	651	651
441	441	441	441	441
653	653	573	653	653
522	356	356	522	356
40	40	40	300	300
59	289	59	289	59
746	746	746	746	746
573	171	171	171	573
443	342	764	587	188
424	943	163	743	397
901	261	261	261	901
143	143	143	723	143
57	261	261	57	261
607	208	416	43	532
109	383	815	496	527
552	552	552	552	552
487	323	487	487	487
524	524	466	466	524
413	179	759	373	599
400	737	737	737	687
867	805	680	414	52
122	916	916	122	122
73	778	220	378	213
234	333	234	234	333
861	861	653	861	861
591	364	573	399	441
610	346	609	241	135
556	556	340	142	142
323	600	600	382	600
947	850	476	947	850
945	439	459	275	510
675	675	692	472	692
730	730	730	730	730
526	526	685	685	526
415	415	415	719	719
892	545	545	546	546
627	627	280	627	627
630	151	630	151	151
125	89	251	125	251
422	878	878	696	422
913	31	167	517	329
753	684	553	925	236
781	426	781	599	599
520	921	88	702	478
452	452	452	676	676
395	89	89	395	18
85	466	466	85	466
80	80	471	80	471
10	10	10	163	10
294	987	78	625	815
420	157	420	157	157
294	24	294	24	294
193	920	885	172	10
65	65	930	65	65
130	130	278	130	278
469	469	469	449	469
834	834	955	955	834
952	761	461	458	717
968	968	640	640	159
679	38	679	38	679
430	430	430	430	430
126	361	361	361	126
979	521	979	979	521
116	401	912	401	116
728	728	728	728	318
239	948	497	665	242
73	720	73	115	115
436	993	436	436	42
667	789	789	789	789
860	860	860	814	814
354	354	354	54	354
992	704	704	840	704
985	730	985	841	985
486	917	917	917	917
949	949	191	949	191
553	553	553	553	553
121	121	282	121	121
74	74	376	376	376
895	895	895	338	895
67	916	67	916	67
872	588	879	879	588
102	102	102	112	112
258	258	980	472	472
835	835	539	835	539
462	462	816	816	816
434	434	16	434	16
793	793	126	793	793
361	511	361	511	361
494	494	494	921	921
41	980	980	41	980
399	47	399	47	626
1	609	309	901	937
314	716	740	620	174
320	591	218	218	320
46	606	606	606	46
311	211	614	272	237
890	107	107	890	890
624	624	624	624	624
700	416	416	416	416
947	696	696	947	947
775	136	369	767	83
43	163	163	43	163
557	898	336	844	635
46	46	46	882	46
268	45	45	45	953
156	939	156	976	939
480	876	734	928	138
800	800	800	672	672
316	971	111	316	111
755	261	264	290	141
26	192	192	192	192
746	261	746	261	261
721	312	692	721	312
317	381	825	233	993
468	968	709	62	648
336	842	336	336	842
958	958	933	933	933
977	818	818	977	818
874	977	977	874	977
361	453	825	453	825
384	599	599	599	599
717	840	717	278	278
612	267	267	267	612
472	726	30	948	797
523	549	549	523	523
503	50	186	50	50
829	678	829	678	76
173	173	173	299	173
767	8	767	8	767
424	790	424	424	790
90	580	814	76	153
709	2	2	2	709
964	964	81	964	81
136	482	482	482	482
649	649	963	649	963
743	950	346	396	599
476	905	702	201	367
435	435	435	761	435
629	656	14	214	173
67	67	793	391	67
51	778	778	51	778
535	499	499	535	535
779	611	756	253	442
435	958	593	942	909
552	27	552	552	27
321	702	321	889	702
402	475	966	405	122
466	466	466	466	466
152	152	267	267	267
685	685	335	209	335
193	252	252	193	252
891	29	29	29	29
621	288	147	621	621
574	574	439	974	974
79	1	344	880	743
968	968	573	968	573
723	838	303	601	674
821	851	669	419	292
776	776	776	776	31
88	749	88	88	88
138	921	921	138	138
761	761	277	277	761
513	632	632	8	513
658	949	658	949	949
252	444	444	444	252
167	167	149	167	167
185	472	197	164	415
669	669	991	284	669
421	92	610	517	37
136	362	136	136	362
820	423	820	820	423
563	272	563	563	272
732	719	719	732	732
464	213	464	213	464
735	735	735	735	691
349	405	349	349	405
911	780	678	991	802
429	398	398	398	398
156	88	782	758	440
906	317	881	334	255
11	392	11	435	11
250	87	250	87	574
312	946	516	191	489
168	598	598	168	168
256	519	236	350	425
367	367	234	234	999
41	120	120	120	120
452	415	415	452	452
977	516	977	516	516
520	783	783	520	783
231	573	335	573	573
84	84	841	841	841
996	506	996	996	996
818	291	818	938	938
547	547	547	577	577
261	703	742	835	314
870	108	23	23	870
102	756	389	756	756
970	967	970	674	970
672	672	672	672	647
447	387	492	492	492
950	950	245	141	950
908	532	908	697	532
209	577	209	896	577
299	823	823	299	299
304	170	284	183	415
786	634	840	786	786
622	424	622	622	424
854	854	204	204	854
137	467	467	467	467
951	951	250	250	250
756	756	937	937	756
964	276	964	964	276
585	866	866	866	866
427	427	427	427	427
146	146	717	535	146
445	436	445	445	445
897	719	897	897	719
375	375	375	375	455
204	648	648	638	204
88	543	428	486	92
798	346	307	14	413
914	891	914	847	847
231	231	231	231	231
250	250	598	598	598
813	846	483	247	982
331	820	396	992	971
741	741	207	207	741
780	946	360	46	707
911	911	629	629	629
391	391	391	871	871
631	631	118	118	118
232	232	85	85	897
276	448	717	597	206
262	262	762	762	762
80	42	949	136	465
964	878	964	199	878
412	304	370	370	304
408	408	408	350	350
433	1000	1000	433	1000
170	363	170	363	363
102	78	289	592	868
59	743	39	421	587
741	374	741	741	374
799	9	9	799	9
82	47	82	47	82
107	862	842	634	30
367	434	38	673	764
737	571	737	571	571
267	267	267	783	783
564	675	675	564	564
314	415	415	314	415
159	159	159	927	927
820	184	599	27	837
847	570	847	847	909
832	634	634	574	634
86	738	738	86	738
372	364	42	661	764
640	679	315	491	348
22	22	22	194	183
858	545	545	545	545
471	471	898	898	471
218	799	799	592	592
693	693	61	61	693
41	41	149	151	151
403	98	98	403	403
353	353	103	836	836
757	523	757	757	523
650	650	969	707	650
531	122	583	973	590
182	474	953	626	330
589	102	653	396	901
342	342	549	549	342
708	708	366	708	708
624	624	624	833	833
215	317	268	317	215
875	58	875	937	875
665	716	665	716	716
512	610	610	512	999
479	121	861	630	802
115	25	475	635	956
491	491	491	491	491
482	482	482	482	133
223	223	223	223	744
999	85	85	999	85
642	635	44	678	449
203	203	620	620	203
736	736	187	736	736
883	323	442	324	554
753	457	457	845	457
918	918	918	918	918
8	605	605	8	8
350	350	350	350	350
476	476	476	426	476
522	522	839	522	839
723	723	723	979	723
95	999	527	44	453
994	658	658	994	23
126	907	878	505	671
621	621	46	621	46
964	553	553	553	553
41	901	279	901	41
92	52	52	52	716
278	577	278	617	577
893	893	521	521	893
683	945	945	945	713
96	24	24	24	24
307	806	759	257	68
466	466	466	634	634
665	880	665	665	834
297	964	90	567	398
37	186	186	670	37
134	242	242	134	242
191	191	191	191	191
976	976	268	976	976
762	548	762	762	762
355	615	355	355	355
854	290	487	655	985
189	389	189	672	672
533	533	533	533	473
881	497	881	985	497
299	843	299	843	683
601	161	601	601	601
21	21	21	416	416
23	743	743	124	23
118	118	877	877	118
859	425	425	278	278
326	184	184	184	184
862	469	811	648	457
894	241	241	894	241
32	506	294	998	726
598	598	598	438	438
691	154	154	154	154
952	9	532	532	532
297	819	297	819	297
471	742	164	164	164
273	273	249	273	273
329	329	727	510	329
139	899	899	899	899
800	561	757	561	800
510	899	510	899	510
88	437	510	440	961
359	687	417	122	222
584	337	337	918	584
726	726	118	726	118
312	312	312	855	312
817	817	834	817	817
69	246	132	367	789
444	624	915	444	444
616	574	180	792	640
945	538	945	945	945
411	411	411	411	411
760	880	161	941	523
752	485	73	73	73
760	860	860	860	860
485	168	168	485	485
1000	1000	1000	350	350
506	316	316	506	506
537	537	537	537	537
135	617	881	952	500
391	803	391	803	391
121	473	714	355	788
224	593	388	694	954
769	132	132	132	769
93	881	881	417	881
358	358	46	46	358
620	919	919	620	728
509	448	773	468	716
717	77	717	717	69
790	515	58	577	820
386	386	917	438	386
416	628	509	155	829
986	986	986	986	986
360	869	131	8	957
909	688	939	919	810
490	109	490	490	490
61	661	61	661	61
47	824	824	824	824
537	210	45	885	817
53	894	53	53	894
504	383	383	383	504
523	523	266	523	523
225	225	225	820	820
130	108	108	130	130
452	233	452	233	452
859	25	25	859	25
593	604	604	593	604
471	471	159	159	159
344	332	332	344	344
316	224	224	316	292
410	410	571	571	571
875	343	80	343	875
111	744	111	744	744
113	131	401	113	113
787	454	454	787	787
288	484	755	587	69
190	494	494	848	190
857	780	7	925	751
467	117	117	117	117
867	54	54	601	867
176	176	176	935	176
697	733	70	733	70
786	670	112	310	273
158	158	451	158	158
133	148	325	470	168
649	432	900	451	188
957	957	957	957	957
79	263	79	263	79
375	375	584	584	584
619	619	658	619	658
941	162	835	941	835
154	105	105	154	154
239	957	239	310	239
930	620	902	930	930
597	113	113	113	597
712	533	533	712	712
547	1000	547	635	635
737	521	224	521	737
327	556	345	81	145
183	183	490	337	183
123	331	331	123	331
58	735	750	131	749
378	405	502	39	258
604	604	31	31	604
10	645	645	10	10
341	773	341	773	773
848	882	814	848	882
604	393	604	604	604
948	801	15	733	92
274	171	381	399	975
917	917	917	587	917
727	727	727	985	985
493	637	315	493	493
535	300	535	300	300
507	510	425	76	111
888	888	295	295	888
860	889	889	889	889
513	539	513	539	539
788	122	122	788	122
573	990	475	238	404
173	562	276	384	253
574	574	285	574	574
116	116	156	813	116
143	865	865	396	865
209	842	209	209	209
968	111	919	974	699
609	609	274	609	274
596	596	822	596	596
217	972	217	972	217
582	565	582	565	565
91	91	819	91	819
453	196	413	196	196
731	653	370	38	570
462	204	204	93	462
891	633	633	891	891
8	482	68	343	164
167	98	167	167	98
491	309	833	814	535
82	992	494	25	34
583	583	830	22	22
181	181	181	641	181
766	623	108	989	281
552	262	573	262	573
73	654	127	153	92
368	368	368	340	962
304	906	521	649	83
261	261	927	686	686
176	773	626	44	556
346	323	346	131	346
297	887	887	183	297
39	417	417	419	39
198	922	198	922	198
422	773	719	719	719
408	964	784	964	784
350	252	252	252	350
468	468	433	656	656
959	959	180	737	737
189	57	189	57	189
983	983	502	983	983
344	344	344	344	551
851	219	159	978	450
770	99	99	99	99
377	377	497	497	749
107	262	262	107	107
789	789	511	789	511
693	693	693	693	693
777	520	520	777	777
278	278	759	76	76
966	248	966	248	248
962	962	876	962	962
873	548	407	548	548
18	284	148	148	284
708	945	447	640	505
876	895	876	895	895
123	913	977	123	123
288	286	57	288	288
698	698	698	317	698
490	946	477	183	969
116	487	487	487	719
914	688	722	328	736
428	428	428	810	428
41	41	426	41	41
33	33	26	26	26
262	247	262	262	247
280	753	753	280	280
119	80	80	128	119
411	232	982	643	378
123	604	421	123	604
534	311	1	802	63
550	785	785	550	550
264	135	135	135	43
336	336	336	779	779
528	541	541	221	541
260	260	260	260	427
723	723	880	723	723
805	712	712	712	76
251	35	621	333	747
5	855	5	628	628
831	831	597	597	831
874	956	956	956	874
464	464	464	22	464
922	745	745	922	922
555	555	555	555	931
947	850	947	850	947
878	761	631	494	641
205	442	442	255	205
524	372	482	524	482
352	352	702	352	702
882	608	608	882	608
238	146	269	526	213
629	916	916	629	629
678	386	284	556	246
568	244	827	979	919
989	161	989	161	718
624	624	880	880	624
378	846	91	378	91
282	282	326	542	542
832	832	832	832	832
365	452	452	771	771
452	452	971	789	452
435	435	435	93	435
681	495	35	181	637
918	957	214	936	377
836	69	190	886	488
730	730	231	231	730
530	859	859	818	859
909	226	763	210	678
525	143	490	479	933
647	747	165	426	856
557	557	557	94	126
772	772	772	157	772
282	282	282	614	282
20	20	20	754	493
309	309	309	309	34
457	822	457	822	457
417	777	326	326	417
748	947	298	298	748
394	566	169	394	566
42	488	42	488	443
393	393	65	8	393
438	583	582	861	817
630	137	630	137	630
523	768	97	658	934
526	870	791	252	781
470	470	852	852	852
64	167	64	709	709
383	686	383	383	686
409	573	573	573	573
499	459	459	459	459
721	793	60	83	476
330	139	330	330	330
595	716	716	716	595
145	373	921	625	177
235	208	208	235	208
515	875	515	515	690
693	727	689	693	727
634	634	364	103	634
429	93	429	429	429
852	709	852	852	709
26	26	991	991	991
883	835	298	298	835
745	379	828	828	745
870	163	471	540	723
362	643	643	254	643
71	171	71	71	171
295	495	169	853	168
413	792	885	885	413
500	279	500	279	500
265	513	212	391	143
219	219	219	219	219
813	554	304	454	854
528	528	839	528	528
130	130	897	897	897
393	393	393	165	165
564	564	564	564	564
436	884	645	418	126
901	713	901	641	641
531	22	531	22	22
135	135	135	83	83
361	728	968	968	361
117	70	15	433	700
611	162	611	162	611
928	811	812	958	913
353	115	133	754	53
390	507	433	409	991
818	101	818	818	818
692	692	692	769	114
619	838	619	586	838
689	451	222	222	689
159	159	213	284	284
793	83	793	83	793
572	965	259	681	801
420	109	571	956	447
782	834	782	782	782
474	474	777	474	474
673	673	375	375	673
726	184	726	726	184
540	915	559	915	559
544	917	544	917	917
307	531	652	756	17
45	45	45	45	45
633	392	392	633	392
419	656	656	656	419
650	856	856	856	369
405	279	405	279	405
413	413	413	539	413
278	372	278	635	278
971	174	174	971	174
249	249	958	958	958
620	443	398	726	165
434	128	158	144	698
572	680	680	680	572
112	112	368	112	368
350	429	416	588	382
381	664	381	381	664
415	415	415	415	415
392	47	47	728	392
295	400	295	770	770
93	93	93	880	93
352	724	352	724	352
180	180	180	400	400
138	138	138	55	55
426	576	576	426	576
338	338	128	124	338
416	416	866	416	416
472	663	472	472	472
846	632	846	846	846
296	296	768	768	768
50	50	868	868	868
800	553	330	80	425
63	216	440	791	799
274	20	283	430	484
944	310	944	944	944
980	980	980	980	375
723	621	834	122	195
476	476	476	832	476
442	442	442	442	345
999	588	999	999	999
84	84	305	305	84
892	892	28	892	28
604	464	464	604	104
604	604	604	604	248
82	82	270	82	724
482	482	558	558	482
242	722	397	722	397
460	460	460	22	460
213	213	213	213	104
840	817	229	885	632
417	417	417	417	417
204	102	204	869	204
690	690	690	573	573
552	552	839	839	552
844	304	844	304	844
561	561	195	195	195
771	615	615	615	615
335	944	944	944	687
491	491	491	687	491
287	287	507	19	507
827	827	827	827	240
294	707	294	707	707
617	617	617	617	617
485	485	485	626	626
672	261	261	672	672
263	263	35	35	671
782	483	764	160	986
396	396	348	348	348
982	658	600	600	600
77	234	234	767	234
456	388	456	456	388
575	932	575	575	932
723	24	24	24	212
128	128	128	128	128
6	508	6	6	508
330	249	330	330	249
361	589	361	361	361
750	244	189	750	189
613	613	263	779	263
565	285	979	598	253
812	812	981	482	981
428	689	428	689	689
985	412	985	985	412
127	373	127	373	127
993	199	993	414	414
267	267	914	914	914
3	123	3	3	123
280	943	747	925	588
440	103	440	440	103
989	989	3	3	3
360	483	483	483	360
205	651	651	205	651
918	472	472	472	472
207	207	787	207	787
258	258	258	386	258
300	300	300	174	300
504	445	504	445	712
699	386	386	427	699
174	563	563	563	563
995	472	995	472	995
918	310	417	190	450
75	489	75	858	858
692	375	692	375	375
966	754	966	966	754
804	258	804	258	258
685	841	899	12	721
161	775	65	466	909
366	831	366	366	366
184	799	242	717	371
397	397	610	610	751
176	299	299	299	299
34	36	36	34	36
861	173	173	861	173
676	865	640	685	826
576	306	515	515	576
266	266	196	196	266
967	967	124	967	967
264	824	616	738	903
572	572	572	718	718
385	90	385	385	385
566	566	473	473	346
903	198	45	45	903
692	571	692	692	571
693	693	379	379	693
200	834	200	834	834
101	781	101	781	781
121	25	780	84	150
157	833	157	833	833
544	32	544	32	32
77	77	517	77	517
933	101	933	101	442
803	181	803	181	181
522	608	608	522	608
325	325	325	835	835
419	419	961	961	961
413	360	761	511	542
819	253	819	253	253
281	281	851	851	281
364	364	744	364	364
870	766	721	798	917
601	416	601	578	416
39	39	395	710	710
912	425	912	912	425
728	186	728	728	186
735	735	735	735	317
252	252	252	120	252
808	290	264	624	838
15	719	15	261	15
398	585	398	398	585
322	322	712	322	133
676	676	844	676	844
136	632	136	632	632
41	936	41	23	23
743	743	343	613	743
834	528	433	834	528
163	163	163	245	163
23	237	226	958	564
553	553	553	259	259
400	404	404	400	400
236	153	236	153	153
807	699	941	348	483
235	18	155	27	461
419	650	133	729	663
694	811	538	643	40
291	291	193	291	291
759	32	841	759	841
876	876	217	876	876
876	380	876	876	876
626	626	782	626	782
575	575	575	575	575
841	334	841	841	841
399	917	917	399	917
476	476	169	476	551
115	965	582	124	821
694	694	464	694	464
883	883	218	176	176
802	802	802	515	515
782	665	975	281	71
343	462	462	343	462
53	53	269	53	53
615	405	615	615	615
870	965	965	710	710
937	608	207	791	854
900	584	463	482	535
907	907	99	99	907
912	255	888	888	255
211	998	998	211	998
873	10	248	248	10
924	924	542	542	924
127	127	507	127	127
396	396	404	404	396
75	372	75	75	372
946	849	946	946	849
744	369	202	202	369
383	861	383	383	77
473	473	276	473	167
299	79	79	299	79
401	31	401	401	113
167	97	97	167	961
901	901	406	901	406
362	142	362	362	362
875	389	1000	288	959
677	677	677	45	677
249	470	75	338	494
377	11	377	770	11
450	397	67	449	219
881	881	881	78	78
639	531	531	639	639
680	256	531	531	256
377	377	377	876	876
679	552	552	552	552
414	554	10	587	303
193	621	621	193	621
197	281	197	197	197
336	336	934	336	934
360	865	764	828	609
788	680	680	680	680
421	876	903	126	444
516	580	580	267	580
811	343	811	343	343
820	23	97	6	105
219	723	219	219	723
999	469	469	999	469
24	24	875	875	875
6	6	847	936	6
521	508	922	680	200
561	323	323	561	561
183	989	787	989	787
396	396	396	554	100
467	388	117	467	467
627	627	931	931	627
334	54	334	905	905
987	459	987	459	459
987	743	743	987	987
665	543	543	665	543
273	453	453	273	273
193	193	426	426	802
785	785	959	959	785
49	260	886	560	824
139	872	139	872	872
364	500	500	500	364
792	792	91	792	91
962	172	172	962	962
507	507	519	507	519
460	169	169	169	460
405	619	990	619	990
89	329	418	664	522
63	366	366	366	366
194	85	194	85	85
794	361	794	794	794
511	396	396	511	751
377	217	408	117	970
502	64	64	537	64
45	742	512	338	336
783	783	668	783	668
430	53	430	53	53
394	500	500	394	394
936	510	427	366	626
206	206	206	206	150
275	517	816	816	517
817	320	557	762	780
558	10	326	385	749
128	387	128	439	128
311	555	555	555	311
463	706	649	725	267
106	106	106	106	91
291	291	524	328	328
933	933	973	933	973
96	96	421	421	96
141	810	684	228	775
372	246	372	246	246
792	792	792	792	792
210	210	32	32	32
339	819	358	726	238
12	983	983	983	12
584	584	558	584	145
285	285	269	269	285
661	661	966	966	661
736	736	736	736	736
520	126	469	776	204
684	684	684	479	158
358	358	546	546	546
45	45	45	45	45
244	244	244	244	860
384	855	855	855	384
522	838	914	560	982
508	262	508	262	508
646	169	343	343	343
810	357	357	810	357
830	104	306	407	812
322	346	346	346	835
414	414	414	969	414
289	879	497	116	104
877	196	64	759	181
458	864	458	864	864
847	892	847	847	847
5	282	5	282	282
859	114	859	114	285
81	539	186	801	149
593	593	925	925	925
572	808	80	80	572
307	597	597	307	597
580	300	580	300	300
623	89	623	240	89
357	352	357	352	502
8	8	8	821	8
433	897	897	819	433
964	92	6	6	92
232	982	992	982	232
454	454	454	701	701
826	826	851	826	507
774	424	76	774	774
243	149	588	835	680
709	349	165	644	701
370	906	370	370	370
507	368	352	977	672
399	608	448	758	836
310	451	571	113	71
53	317	53	317	317
522	522	522	371	522
538	69	538	538	538
971	387	387	387	971
865	589	298	622	213
176	176	176	880	176
588	674	799	128	359
761	761	761	761	647
690	417	690	417	417
959	959	289	289	959
494	494	789	494	789
277	345	345	345	277
643	327	643	327	643
288	223	968	396	759
253	253	253	269	269
357	357	357	357	357
549	549	549	526	526
93	93	93	93	93
155	775	155	155	155
984	667	667	667	984
865	59	59	865	6
118	584	584	384	118
22	391	391	391	391
370	370	199	370	301
276	325	325	276	709
918	31	31	31	160
97	274	97	97	274
565	283	812	283	812
601	701	701	601	601
809	809	809	809	692
159	960	960	960	159
856	893	964	349	272
263	263	263	715	715
710	710	844	710	710
878	180	705	705	878
348	121	348	121	121
599	584	287	692	487
893	893	893	893	256
109	221	109	109	109
765	274	274	571	765
332	332	332	740	740
130	130	44	130	130
752	222	752	222	752
245	30	30	30	245
311	665	311	311	311
465	465	465	1	1
86	86	58	58	58
110	110	563	275	563
27	27	888	888	27
494	494	514	494	514
937	448	448	937	448
447	852	700	700	447
241	971	985	323	160
287	260	287	287	287
880	880	684	819	819
473	389	389	389	473
617	36	637	637	637
324	531	324	531	324
248	232	975	248	248
721	344	219	91	701
11	652	11	11	11
31	929	50	219	591
747	747	881	881	747
840	840	840	386	386
230	230	230	894	230
189	189	34	34	34
457	960	103	103	960
398	384	852	384	852
872	808	543	543	543
182	402	707	387	443
93	93	93	896	896
219	219	219	219	360
89	154	912	883	272
150	150	150	212	212
842	842	898	842	898
435	435	263	263	435
362	494	362	494	16
298	959	959	959	959
439	677	439	677	677
147	147	926	267	267
54	54	639	639	639
639	639	639	580	580
466	693	125	533	10
302	617	990	891	61
933	734	734	832	832
689	73	227	227	227
477	298	298	477	298
291	622	879	427	567
356	342	335	335	356
789	476	789	476	789
703	750	703	750	750
186	110	110	186	110
457	456	791	85	33
228	943	228	943	943
764	251	762	420	694
371	476	85	954	285
673	673	673	902	902
476	476	45	45	476
515	487	515	487	487
738	971	154	594	201
627	390	627	627	390
481	583	98	654	652
205	939	599	939	205
604	511	776	124	923
310	87	916	756	49
760	731	760	731	984
608	334	305	536	183
704	990	172	990	704
693	967	693	967	693
524	454	454	454	454
197	197	197	982	982
336	643	643	643	643
687	687	956	687	956
341	341	341	341	401
652	330	330	652	330
862	439	862	862	862
124	266	266	873	873
672	672	492	672	492
772	772	772	772	41
628	628	628	628	628
855	45	40	253	640
934	454	934	622	934
953	687	744	953	687
806	806	870	627	627
369	214	369	214	214
361	74	305	1000	482
777	777	418	675	418
972	102	560	925	839
56	215	493	480	51
944	863	863	704	944
663	711	989	663	663
513	513	513	467	513
184	306	184	306	306
538	538	538	993	993
247	431	722	722	247
617	617	617	985	617
569	569	226	569	569
942	999	942	942	999
668	668	392	392	392
263	530	530	263	530
149	429	149	68	68
679	843	679	843	843
62	255	255	255	255
656	100	100	100	656
591	535	535	535	535
613	118	118	613	613
130	322	239	894	878
118	580	118	580	118
526	634	253	195	873
124	124	170	124	170
223	932	534	932	932
703	221	107	703	221
415	647	647	647	415
79	699	699	79	699
805	805	805	805	805
791	808	774	791	791
339	682	339	749	339
596	596	596	197	197
575	358	737	414	942
550	550	550	227	550
716	274	716	716	274
272	120	981	178	217
130	122	990	175	172
242	396	369	242	242
474	917	385	474	385
276	802	91	922	439
261	10	261	10	344
160	561	592	8	828
37	37	120	37	37
10	10	476	10	10
322	467	475	600	347
382	382	382	382	218
201	841	240	841	841
482	482	697	697	697
439	439	569	569	729
477	795	347	939	107
730	350	730	730	730
52	52	394	52	394
722	441	722	820	820
747	395	912	747	395
698	698	1	1	1
546	938	938	938	938
510	780	780	510	780
624	940	290	575	826
394	567	567	394	567
378	717	74	441	351
331	331	331	80	331
696	479	696	479	696
820	57	956	365	515
116	116	116	116	116
927	796	927	796	927
193	193	80	193	193
646	646	536	646	646
864	864	689	864	689
529	670	670	529	529
177	312	177	288	288
777	506	984	668	912
482	783	783	783	482
443	443	852	443	443
928	928	563	977	977
182	182	893	613	893
463	178	463	178	463
730	730	730	644	644
170	49	21	170	170
692	692	723	723	723
675	923	923	675	923
935	50	50	50	50
471	471	471	471	471
810	810	810	810	475
373	496	250	362	812
219	384	223	223	219
159	535	535	850	850
974	974	174	174	174
737	737	692	692	737
955	366	955	366	955
620	415	882	415	882
791	737	505	692	525
921	839	921	921	921
247	247	269	269	269
8	220	8	8	220
590	506	491	889	804
484	810	810	810	810
695	695	446	446	446
784	611	611	784	784
750	750	565	601	601
187	187	187	195	195
188	840	840	188	188
757	855	392	855	757
115	841	115	115	115
554	329	329	554	597
154	806	806	154	806
572	572	351	572	351
726	946	726	726	946
790	790	790	790	932
461	353	461	461	353
748	182	748	182	748
11	11	62	62	11
946	708	296	964	178
582	582	582	716	716
440	324	324	440	440
305	305	511	305	511
593	392	593	593	593
638	638	638	298	298
969	969	969	697	969
38	566	416	132	685
610	184	484	484	184
532	146	952	81	26
920	43	43	920	920
914	914	914	800	800
705	360	556	925	646
564	663	564	564	564
291	291	291	80	291
723	148	148	148	101
29	798	701	529	793
115	393	393	115	115
256	271	511	478	724
931	351	351	241	241
716	716	716	716	716
951	951	951	907	907
955	629	439	389	971
215	215	218	215	215
719	840	595	719	595
39	39	183	39	39
498	498	808	498	808
995	187	995	187	187
310	239	310	239	239
228	230	650	771	337
615	24	428	615	24
762	769	762	769	762
348	254	908	348	254
123	71	92	848	113
314	314	698	314	314
781	299	781	781	299
564	456	300	73	141
765	63	765	765	63
550	550	550	336	550
706	895	895	505	706
318	318	810	318	318
771	296	296	909	909
35	435	150	522	644
903	124	561	158	629
553	553	553	994	553
59	59	503	503	503
394	38	38	394	899
994	994	121	180	994
447	513	513	447	513
165	531	35	438	431
415	124	673	304	834
302	72	72	72	302
206	389	767	767	767
122	459	459	122	459
240	170	794	537	836
15	359	359	359	291
174	554	174	174	174
505	936	935	674	989
571	653	945	571	571
987	987	120	120	987
422	503	255	1	201
722	722	158	158	158
902	607	607	607	607
650	650	433	433	650
781	781	464	464	931
535	885	362	362	362
394	394	257	394	394
335	335	831	902	335
516	516	436	516	436
768	97	768	474	768
275	275	275	72	72
797	797	761	797	797
510	510	974	510	974
633	633	314	633	314
845	845	845	700	845
754	754	687	687	754
706	706	675	706	675
595	670	595	595	595
900	754	900	754	900
732	959	104	959	104
525	525	615	615	525
332	417	260	14	135
602	83	660	83	660
33	125	125	125	33
933	933	239	933	933
13	13	13	13	13
517	389	849	741	276
41	840	840	840	41
936	936	8	936	936
722	665	722	665	722
252	433	764	277	714
756	859	551	683	990
321	187	926	926	187
460	460	460	460	398
908	517	517	908	517
42	290	410	410	410
925	712	505	925	505
898	549	783	898	898
288	569	569	569	569
584	845	845	584	584
313	313	531	313	531
398	712	712	712	712
952	338	40	22	123
693	180	180	180	180
980	980	405	980	405
989	716	989	716	716
813	948	483	294	819
40	40	40	979	40
892	926	511	358	438
768	712	768	712	68
449	386	175	175	449
690	413	690	690	413
747	698	1000	315	696
730	730	730	730	730
705	116	181	644	589
419	419	419	419	419
913	240	201	286	257
697	730	730	697	697
59	59	568	568	59
820	820	888	685	820
395	395	198	198	395
944	293	812	293	812
64	394	906	556	639
179	179	179	282	282
587	357	587	587	357
383	302	230	230	230
65	65	735	65	65
749	817	749	572	572
121	418	121	418	418
879	879	364	879	364
530	868	530	530	868
755	755	755	755	767
687	687	384	687	687
334	206	206	334	206
429	639	302	429	639
788	845	223	845	223
192	65	599	266	999
712	712	712	282	282
451	153	153	153	451
981	563	116	840	688
113	439	765	771	46
829	829	829	442	442
958	812	303	144	616
996	920	996	920	920
814	814	817	681	681
85	432	85	432	432
922	922	36	922	922
426	625	625	426	625
657	182	657	182	182
986	505	505	986	505
566	566	566	566	632
634	662	662	662	634
99	99	966	555	966
5	5	5	5	5
538	691	691	538	545
1000	181	143	820	530
868	868	869	869	212
656	108	304	536	517
938	938	938	938	581
371	4	171	4	171
196	196	196	812	196
599	467	570	599	599
848	36	48	23	314
983	488	488	983	488
575	575	575	575	110
87	887	87	887	87
351	474	56	351	351
823	823	823	135	823
111	987	115	111	987
965	965	829	829	829
559	559	559	559	559
517	517	951	174	174
705	838	705	705	705
525	283	785	233	587
20	72	72	20	191
638	256	638	256	256
343	725	474	343	343
30	30	30	40	444
748	43	43	43	43
832	832	113	113	832
737	737	737	832	832
576	576	232	232	576
156	156	156	156	156
638	809	587	77	293
33	33	33	33	350
255	255	255	255	465
478	250	478	478	478
217	408	459	408	459
780	780	780	780	62
512	960	960	960	960
609	165	609	94	165
687	338	597	995	454
892	7	892	7	892
678	516	678	516	678
4	766	766	766	4
637	637	637	637	637
956	956	513	513	513
51	162	264	51	51
716	220	672	220	672
788	331	331	331	331
505	505	505	505	505
881	317	881	317	881
571	881	163	652	960
694	694	169	169	694
754	111	111	754	94
2	67	67	258	67
49	821	569	815	433
46	227	46	46	227
151	352	352	151	352
28	979	28	517	517
961	55	961	55	55
796	796	796	272	796
984	984	903	984	903
527	636	527	527	636
215	185	185	185	474
497	497	497	497	644
928	797	797	890	797
151	360	360	151	151
21	139	43	269	593
636	636	725	636	725
166	672	672	672	607
468	256	468	468	256
128	248	248	128	128
807	47	47	807	47
428	921	921	921	921
353	378	338	628	673
257	257	257	851	851
793	254	793	254	254
647	647	292	292	647
587	587	587	587	587
144	308	144	144	144
202	584	697	696	325
89	89	89	89	468
746	746	190	190	746
172	456	172	172	172
859	129	737	144	622
674	674	674	458	674
643	456	842	456	842
428	428	428	428	19
247	247	108	247	247
270	270	201	270	201
231	231	231	990	990
825	378	231	587	916
768	865	865	865	865
861	934	861	934	584
579	579	579	579	357
772	772	867	772	867
37	526	526	526	526
111	588	588	588	588
797	797	524	524	797
649	422	649	422	422
466	466	185	185	466
242	14	242	14	242
33	684	634	975	38
595	595	595	595	154
853	775	775	853	775
158	158	89	158	89
860	921	137	367	750
261	429	261	261	841
676	41	122	41	41
840	840	840	840	583
235	138	138	235	235
138	138	806	806	806
510	405	187	926	994
361	767	361	767	361
521	654	654	521	521
33	255	841	255	33
138	138	138	288	288
968	495	872	872	968
164	53	884	53	884
695	695	257	257	257
859	859	400	400	400
518	789	723	608	256
896	497	528	326	138
726	234	726	234	367
905	301	301	301	905
714	714	422	714	422
540	815	954	241	559
150	150	150	329	329
779	779	315	779	779
101	101	101	69	69
859	921	859	242	859
947	495	495	502	947
338	338	338	338	591
857	857	857	161	857
521	408	972	163	297
220	9	9	9	9
273	634	164	860	686
541	666	637	235	242
118	317	811	317	118
228	228	743	228	743
43	43	183	183	43
857	857	870	377	870
102	102	901	102	102
999	982	999	982	982
364	406	539	496	797
552	552	552	508	552
589	767	656	982	937
680	842	680	842	680
518	518	518	168	168
835	396	910	565	924
753	827	753	222	753
382	382	382	611	611
553	470	514	931	238
820	133	244	820	244
605	605	885	885	885
80	516	516	80	80
604	740	885	845	843
121	121	768	768	121
728	803	162	14	566
425	456	962	962	456
778	231	778	778	778
879	879	879	786	737
921	894	894	894	921
728	527	728	728	527
979	979	381	234	979
838	568	838	568	568
864	864	864	864	864
218	748	826	50	585
367	618	367	367	367
924	924	898	924	152
641	641	369	641	369
273	461	461	273	461
355	976	976	903	355
168	376	338	915	560
970	949	970	949	970
293	587	204	413	460
257	588	422	780	158
483	476	476	483	476
211	319	211	211	319
107	327	107	109	327
986	986	986	986	986
385	47	47	47	385
992	817	90	629	348
973	973	973	560	560
355	355	477	783	355
527	527	774	527	774
839	602	421	187	80
273	273	273	946	946
297	98	492	380	850
111	478	478	111	111
11	966	11	966	11
980	137	137	137	137
325	455	470	455	325
206	206	34	206	34
183	935	103	622	230
490	490	365	89	89
410	442	719	249	733
17	969	17	17	17
542	632	664	664	542
509	509	509	509	509
994	326	269	736	967
842	842	138	138	842
304	438	844	828	452
38	455	121	107	139
559	653	653	653	559
818	342	342	342	302
223	671	671	513	671
113	244	113	244	244
884	907	907	907	907
487	487	487	508	508
544	966	332	958	88
476	476	390	390	390
730	730	710	730	730
980	913	816	247	846
666	666	730	730	666
234	424	234	245	234
179	258	179	258	179
130	180	130	130	130
432	489	432	846	432
268	268	441	441	441
295	388	608	334	876
204	47	204	204	47
225	225	304	304	714
829	665	665	665	829
588	588	22	22	22
740	407	740	542	407
677	677	677	196	196
488	132	539	488	132
520	520	894	310	520
793	793	793	793	793
322	40	322	40	40
643	534	534	643	643
145	779	51	51	145
315	315	695	695	315
856	937	937	937	937
961	767	767	767	961
727	918	918	727	918
720	464	464	464	464
831	112	112	112	831
325	325	192	192	325
57	175	57	57	57
232	429	232	232	232
355	355	128	355	128
119	119	842	842	119
239	684	220	220	239
145	169	145	169	145
164	817	164	817	817
709	662	709	251	251
247	918	247	918	247
354	980	980	354	354
159	941	941	159	159
397	477	921	921	397
113	79	113	113	79
259	259	259	259	259
498	504	504	498	265
860	860	860	860	860
825	904	825	338	904
189	189	189	189	189
750	460	460	460	460
326	870	870	326	870
434	451	481	30	370
646	646	646	646	646
531	476	531	476	476
530	530	822	822	822
594	594	971	594	971
865	586	865	586	865
50	50	201	201	201
189	77	77	189	77
631	369	631	631	369
478	478	243	243	243
950	950	239	239	950
830	824	824	830	824
807	807	492	492	492
338	338	690	114	114
106	597	106	597	106
632	466	632	466	632
596	595	596	595	595
493	748	358	79	247
309	184	309	184	309
789	953	789	674	953
950	659	950	78	950
576	576	877	576	877
598	975	996	201	225
612	612	612	709	709
378	923	375	518	885
922	802	802	9	802
836	400	294	192	217
87	650	650	650	87
440	495	495	407	407
505	206	206	206	206
910	910	593	593	910
237	237	970	42	42
131	351	7	351	351
553	796	633	410	935
262	262	127	970	970
949	442	949	442	949
841	684	841	266	841
45	271	45	45	271
427	712	700	427	712
115	941	941	941	115
301	451	998	663	882
793	746	793	793	793
398	580	580	580	775
34	279	279	279	34
182	996	182	182	86
474	780	805	406	310
516	527	527	516	516
507	507	507	148	507
924	806	656	806	924
976	490	976	490	976
244	244	486	335	244
357	2	357	357	357
154	97	154	657	657
950	175	950	175	175
652	574	574	574	541
249	249	346	346	346
46	46	996	996	896
601	609	601	601	609
669	250	669	669	669
426	457	887	637	107
726	726	726	726	726
185	763	556	185	185
181	747	747	824	181
964	991	964	991	964
40	326	326	40	40
803	767	616	520	842
220	596	596	220	645
507	507	690	507	690
656	338	945	38	763
400	400	150	400	150
383	492	725	383	725
527	702	605	177	125
631	631	702	702	631
621	463	463	621	443
759	177	177	759	177
416	637	395	751	646
122	122	122	331	173
317	317	317	905	905
120	552	120	552	552
93	93	93	317	317
20	187	757	134	423
99	370	99	370	370
399	399	399	940	399
212	42	42	42	212
248	51	297	996	708
442	846	442	846	846
574	553	574	724	553
525	525	525	461	525
548	548	583	583	583
231	356	961	135	958
157	154	856	856	157
405	405	737	931	405
393	393	393	126	126
400	400	400	400	859
583	189	985	123	622
841	23	23	23	821
7	683	683	683	683
149	33	238	699	278
866	866	517	517	822
227	533	514	227	227
191	191	191	100	191
126	873	486	797	499
887	213	213	213	887
159	159	513	513	159
640	54	952	528	659
110	110	110	554	554
627	333	642	679	579
269	357	505	447	123
217	958	958	217	720
435	110	110	435	110
582	373	373	517	582
875	301	875	875	301
164	716	716	164	164
274	729	274	274	729
153	109	481	109	481
448	779	338	448	779
767	767	767	767	102
413	413	406	413	413
789	577	789	789	789
471	471	642	96	96
594	163	163	594	452
699	166	616	469	920
709	709	709	451	709
793	439	439	439	793
89	248	89	248	89
749	644	443	749	443
432	432	432	852	432
548	61	371	592	580
77	322	776	944	18
463	256	463	953	953
4	621	4	621	621
343	329	753	176	167
675	675	675	675	68
365	679	513	679	365
53	162	162	509	53
259	68	259	68	259
280	312	280	100	312
907	434	907	434	434
104	104	104	104	104
808	808	461	461	461
251	433	214	96	774
515	832	515	832	515
687	687	687	387	687
831	831	524	831	831
661	165	165	165	165
597	590	590	590	597
381	537	338	338	537
610	610	610	610	178
595	188	595	595	595
546	183	190	15	431
318	728	882	728	318
418	9	9	89	89
745	997	839	459	654
481	600	481	481	942
74	530	208	182	514
950	126	140	76	380
154	634	634	154	634
199	263	263	199	263
907	608	608	907	608
304	304	133	304	133
950	77	474	867	31
34	871	917	917	871
905	990	905	905	905
808	808	392	808	808
957	957	762	957	957
896	896	214	896	772
609	361	667	35	115
375	338	292	665	526
218	14	218	218	14
889	873	278	808	23
947	302	328	489	917
365	598	324	365	365
924	924	991	924	991
518	860	167	730	153
125	192	469	322	596
579	825	579	825	825
849	995	849	995	849
301	301	301	301	884
965	651	965	965	651
918	819	819	918	70
964	366	366	366	366
734	734	734	115	115
590	906	906	906	590
48	631	48	631	631
625	652	652	625	652
446	446	446	446	886
416	416	981	416	981
113	200	113	200	295
573	573	52	52	573
268	139	154	268	268
784	784	240	671	784
573	220	251	201	947
364	896	364	364	364
215	239	200	735	308
43	467	132	158	404
802	195	101	802	802
479	50	479	50	537
108	108	846	355	355
925	925	825	825	825
359	880	359	359	880
382	417	417	382	382
745	745	976	976	745
856	856	856	856	607
319	375	316	713	68
657	627	627	657	627
177	727	727	629	727
725	573	443	786	371
625	625	143	594	625
222	175	28	334	248
151	151	561	151	151
77	77	227	77	227
483	129	129	129	334
432	941	432	432	432
208	208	432	208	432
157	157	157	551	551
806	702	962	676	674
939	939	308	308	308
370	725	725	725	370
257	257	257	686	686
876	644	644	227	876
45	45	943	943	943
168	168	259	168	168
758	560	866	182	271
644	644	215	215	215
938	640	640	938	640
763	7	470	789	704
900	948	135	454	572
705	705	248	248	248
654	654	789	789	789
440	440	440	811	440
995	114	295	295	114
999	782	590	457	680
889	538	889	538	538
494	494	494	346	346
170	767	170	767	170
380	672	819	474	17
814	501	547	309	737
780	394	394	780	780
811	605	605	1000	605
580	431	580	580	580
266	982	900	900	266
478	484	478	484	484
298	744	298	298	207
94	69	96	94	96
519	114	519	765	519
518	715	715	715	715
71	716	693	693	71
999	105	233	64	636
133	958	148	148	148
940	940	394	940	394
137	143	143	137	143
388	370	221	282	173
278	70	70	70	278
480	367	793	48	952
567	637	313	277	720
553	553	553	553	553
892	510	892	510	510
552	79	65	28	343
714	339	339	339	339
508	803	508	803	803
257	111	257	257	111
704	704	337	653	653
194	247	194	247	194
508	124	508	124	476
379	379	379	379	379
335	820	335	335	691
263	263	634	90	90
627	142	627	627	627
14	14	186	186	14
105	722	722	722	383
506	506	150	150	506
197	52	197	197	752
616	29	29	616	616
161	735	735	735	735
222	443	491	764	181
959	6	6	959	959
651	142	651	354	142
665	665	814	665	814
768	486	768	581	581
708	708	158	523	158
219	721	721	219	219
257	926	823	823	257
406	273	273	273	273
743	17	789	901	343
285	534	285	285	534
226	226	762	762	762
833	833	732	833	732
496	272	272	953	272
210	450	20	409	227
363	895	578	932	155
313	94	662	204	896
556	376	603	761	381
407	337	337	407	407
571	571	28	28	571
341	843	341	341	606
297	297	668	297	668
375	375	102	102	375
650	62	797	430	614
185	185	959	185	959
677	331	331	737	331
831	379	379	379	379
708	677	479	911	233
407	407	754	754	407
152	152	877	152	152
337	822	822	1000	1000
141	141	583	583	583
12	776	880	995	741
177	177	177	264	476
861	782	861	861	782
687	687	593	687	593
99	387	387	387	387
243	989	243	881	989
413	158	158	158	413
597	597	586	586	597
469	168	348	85	923
294	697	294	294	294
556	858	460	517	736
648	648	277	277	648
544	544	544	544	848
529	169	722	722	722
789	789	789	789	789
885	225	237	160	639
283	283	283	461	283
908	908	397	48	48
497	497	497	421	421
840	778	834	560	6
209	15	15	209	209
289	416	289	977	977
112	112	932	932	112
34	34	34	771	771
968	550	968	786	968
279	400	279	400	279
806	806	966	806	966
529	434	529	529	529
914	634	634	914	634
391	391	157	391	391
551	717	44	44	44
970	724	900	375	469
562	949	576	27	802
109	118	109	118	118
115	88	88	497	115
269	269	63	854	269
596	596	596	596	646
589	697	104	492	576
173	173	173	173	14
781	781	781	781	781
332	108	108	332	332
816	514	514	514	514
750	633	633	899	633
544	544	544	544	743
741	408	741	741	408
851	851	79	556	851
631	516	516	516	516
434	434	941	168	168
821	153	405	153	405
459	720	720	343	459
877	877	122	877	877
565	565	565	565	505
729	729	777	729	777
133	133	891	133	891
535	451	648	374	31
960	143	318	318	960
81	470	468	543	171
395	645	28	645	395
407	407	407	16	676
954	305	425	305	954
657	777	777	777	657
767	433	767	433	433
634	634	634	634	31
957	665	957	665	957
672	51	672	672	672
532	532	908	532	532
216	904	84	110	488
512	262	923	489	580
499	425	87	475	616
166	657	657	657	657
839	454	454	454	647
437	9	437	124	437
127	127	637	127	127
73	419	419	419	73
965	925	723	96	275
972	972	972	514	972
368	159	368	368	360
25	583	25	782	583
267	261	261	261	261
196	196	196	750	750
566	566	107	679	566
640	720	640	923	640
495	512	77	475	276
384	384	384	416	416
838	838	838	838	100
116	4	154	116	4
126	126	477	477	183
782	782	782	489	782
97	97	111	97	111
406	406	924	406	924
230	700	209	25	160
995	728	44	480	80
147	136	136	147	136
299	200	64	280	334
291	291	291	160	291
333	158	391	158	158
939	939	939	49	939
841	841	641	641	641
463	463	463	463	463
586	796	586	796	586
812	812	728	812	728
573	246	573	573	246
259	987	926	50	321
880	827	845	319	585
357	429	357	357	429
858	945	858	945	858
248	255	514	754	894
34	690	776	690	34
507	276	276	276	507
130	80	468	8	822
952	204	952	489	489
855	588	588	855	810
722	285	548	471	501
984	984	603	603	984
705	91	91	705	91
288	580	580	66	580
23	313	263	175	187
962	45	962	962	962
153	153	898	23	23
385	139	139	385	139
950	179	560	362	154
76	993	620	517	712
301	301	261	382	301
421	412	165	412	165
800	679	614	231	875
59	773	773	773	773
56	712	760	760	712
681	667	667	667	667
634	634	817	634	634
204	241	204	241	241
646	646	646	646	646
564	979	565	10	462
803	803	803	803	803
694	694	694	694	694
886	886	886	886	760
370	503	370	503	370
988	529	988	461	988
582	389	282	292	216
29	846	422	541	773
757	757	355	355	355
489	48	48	489	48
341	323	73	73	73
877	877	243	243	243
365	958	898	958	958
251	59	292	305	689
647	647	647	647	647
485	179	319	806	680
122	783	122	905	783
96	529	468	600	773
351	898	898	924	898
637	397	851	397	397
100	100	100	363	100
184	245	558	934	147
609	110	984	935	234
455	455	724	724	455
950	656	950	950	950
243	51	51	51	51
567	813	567	813	813
964	334	334	536	536
448	448	230	448	710
672	896	373	373	373
306	544	544	306	306
639	741	343	228	632
225	978	906	225	225
358	442	337	358	358
75	787	75	75	75
330	409	330	536	536
12	788	12	788	8
350	292	188	105	497
684	684	684	857	554
227	321	321	227	227
357	928	928	357	928
238	927	238	238	238
749	749	749	91	341
914	184	798	594	846
793	793	793	793	793
437	862	437	862	862
998	538	421	916	978
148	652	652	148	905
943	405	405	943	928
436	436	159	159	159
447	447	447	447	447
841	641	989	217	182
828	89	7	298	502
838	346	346	838	346
188	188	188	188	188
284	284	92	92	92
228	228	228	228	228
853	191	462	531	959
220	720	720	220	720
95	499	294	965	471
29	258	29	29	973
670	6	670	670	670
662	662	662	662	647
425	876	473	333	476
348	925	348	175	348
442	584	442	442	442
299	174	299	576	576
740	298	740	319	319
963	963	963	629	963
291	291	783	253	783
792	792	792	706	706
335	335	689	335	335
817	481	549	418	209
488	488	395	488	395
512	512	512	512	249
641	641	641	336	336
929	54	743	929	929
958	958	68	68	958
515	155	515	515	155
718	300	718	300	718
867	116	867	867	867
423	256	904	914	378
897	864	864	864	864
88	297	297	297	297
961	538	538	953	538
684	684	684	784	784
9	267	9	9	267
671	671	848	194	194
951	951	116	951	951
466	466	466	206	206
802	802	326	326	326
207	234	866	866	207
602	455	444	455	444
666	63	666	63	666
769	711	769	769	711
754	754	640	754	754
439	161	439	439	161
41	278	278	41	41
486	486	970	970	486
920	743	671	458	329
669	646	853	646	853
635	635	194	635	145
430	301	430	301	792
1	1	257	1	257
182	26	26	26	182
968	339	171	795	536
864	567	864	931	864
442	671	442	90	671
622	622	465	465	465
480	882	882	480	480
943	807	807	807	807
669	324	324	324	669
841	121	121	841	121
358	358	358	383	383
82	82	82	82	955
2	874	874	2	2
249	855	249	249	249
702	702	614	702	417
665	295	665	665	295
786	914	914	914	914
80	20	642	475	493
131	131	663	131	131
376	376	459	459	376
221	221	900	900	221
816	760	601	327	596
478	193	90	478	478
873	851	851	763	851
440	379	379	440	440
817	998	817	817	817
834	457	457	834	457
937	765	595	765	595
251	986	776	941	33
122	325	590	325	325
608	694	608	694	608
266	266	37	37	37
515	265	252	989	555
643	416	480	952	826
740	196	196	740	740
594	229	229	594	594
222	222	807	807	222
675	941	42	560	743
414	799	799	414	414
376	103	332	332	103
434	966	966	966	434
577	482	76	482	482
490	817	532	481	721
931	899	48	48	899
579	579	886	886	886
261	261	607	261	261
256	224	224	224	224
309	734	211	211	309
746	195	133	338	288
419	419	419	419	419
959	53	497	327	678
243	243	243	243	243
577	577	960	960	577
591	724	724	39	591
486	486	486	486	486
879	315	315	315	315
891	891	367	891	891
380	293	380	715	715
188	112	112	112	188
584	939	836	836	939
19	19	700	19	700
391	972	391	571	972
525	992	525	525	140
564	837	156	837	156
262	262	262	48	262
428	590	428	428	428
309	580	309	309	691
529	306	470	846	955
309	144	306	144	309
781	297	781	781	297
429	528	528	429	429
518	83	83	518	518
709	241	241	709	709
874	874	874	874	968
771	771	30	771	30
274	274	274	274	274
240	600	600	240	600
919	396	919	919	919
941	522	522	522	941
6	232	40	6	232
160	731	731	160	809
432	432	322	322	322
896	889	896	982	889
245	137	245	137	137
942	509	509	509	942
424	771	771	771	771
179	179	154	179	154
373	772	772	373	772
486	486	266	266	266
189	189	474	189	115
576	576	355	355	355
3	612	299	677	411
91	990	990	990	990
465	465	40	465	465
491	282	491	750	750
553	105	863	446	955
751	604	604	216	216
16	16	433	16	16
982	982	958	982	958
201	344	201	344	344
742	291	328	945	491
682	937	682	937	937
654	106	654	654	106
409	267	409	267	267
764	537	711	996	822
725	725	725	725	806
677	677	99	99	99
559	987	389	559	559
230	800	800	800	800
342	342	940	342	342
772	294	294	294	772
384	313	267	950	587
319	817	895	852	912
280	236	236	280	236
760	760	500	760	760
626	626	626	626	871
781	843	781	843	781
102	452	102	452	102
485	427	427	427	427
528	750	750	750	750
613	354	398	811	747
642	269	269	269	269
820	556	705	125	889
613	366	613	366	613
472	472	472	472	65
978	696	696	978	879
957	658	957	658	887
231	551	574	780	194
690	690	347	347	347
538	818	688	651	26
649	217	217	217	649
456	346	709	484	561
196	685	685	657	657
42	814	708	708	42
250	804	250	804	250
180	180	180	644	644
233	290	233	290	290
490	1	1	1	490
83	881	845	881	845
252	80	517	80	252
930	942	930	942	761
833	603	207	691	609
586	586	916	899	899
546	975	546	546	546
618	782	782	618	618
845	845	894	845	894
687	781	781	687	781
785	363	528	785	363
757	91	757	91	757
519	189	310	712	754
641	136	641	136	641
701	701	701	701	701
485	237	237	485	485
797	758	758	758	797
734	734	130	734	734
604	409	676	409	604
453	220	480	480	453
757	757	381	381	757
272	953	272	991	953
315	315	315	512	512
304	239	304	170	304
732	291	291	266	266
421	584	846	584	584
205	205	181	416	205
585	585	585	374	585
241	241	241	241	783
802	802	802	243	243
140	631	631	631	631
390	763	496	763	496
40	581	581	581	581
233	233	233	233	837
87	583	349	331	801
801	108	893	981	152
574	574	29	574	574
232	400	45	21	896
335	400	474	907	587
396	396	396	75	75
194	914	891	343	471
630	72	622	72	622
488	488	488	488	488
884	544	884	884	884
888	534	373	67	95
148	336	163	163	336
210	210	725	210	725
446	446	386	446	386
898	898	898	336	898
323	368	323	323	323
562	562	562	562	309
805	37	134	37	134
14	14	530	530	530
522	501	522	501	522
491	491	491	886	491
215	215	539	215	539
947	568	786	410	49
229	913	913	229	229
551	148	148	619	619
868	460	542	293	554
26	659	534	104	983
935	107	107	107	107
55	148	417	55	148
784	311	780	311	784
188	559	188	188	559
889	883	272	195	358
445	445	643	643	859
683	798	798	87	798
2	2	343	2	343
165	327	327	165	327
423	887	887	887	423
733	733	999	999	999
463	295	780	346	276
879	550	550	879	879
166	166	674	674	674
521	447	447	521	447
799	799	799	230	799
536	536	461	461	461
222	970	222	222	970
889	844	844	889	844
393	704	473	393	473
276	719	276	276	276
579	754	579	579	579
257	42	257	257	42
200	162	965	973	988
520	237	237	262	237
508	793	330	963	429
657	657	657	921	657
501	286	106	464	661
752	892	892	892	892
87	87	742	87	87
884	140	884	884	884
193	193	193	193	770
573	676	185	726	132
361	65	361	65	361
365	365	586	424	586
458	162	162	458	458
865	436	139	251	871
727	727	716	716	727
201	916	916	916	201
794	994	127	261	729
879	321	321	879	879
23	23	746	23	23
434	434	434	190	190
323	475	254	315	304
109	621	109	109	109
132	399	348	399	399
195	534	354	113	35
544	544	544	544	476
797	855	59	855	797
255	255	255	255	268
213	213	375	375	375
579	579	639	686	686
104	104	104	104	933
669	281	243	669	669
505	570	570	74	570
364	364	20	364	20
162	701	351	701	351
352	193	782	827	550
237	237	237	376	237
71	780	71	780	71
29	728	728	226	728
931	215	931	177	931
841	858	871	562	199
708	985	708	985	985
332	332	332	332	332
608	608	608	166	608
863	863	269	269	863
116	746	308	746	746
951	951	951	951	951
885	560	233	885	560
220	293	293	220	220
787	416	762	650	269
461	197	461	591	461
119	119	119	119	119
357	704	704	357	357
818	488	488	488	488
733	756	756	756	756
201	251	201	251	553
525	203	572	292	758
953	953	953	217	953
634	634	634	634	16
882	882	882	110	110
877	890	992	877	992
42	282	282	42	42
574	574	584	584	818
415	415	415	415	483
506	506	112	112	112
374	597	597	374	374
891	967	440	967	967
962	962	962	962	791
43	274	274	858	858
168	944	944	944	427
744	853	744	147	744
10	150	519	150	150
298	103	298	103	103
65	310	310	65	492
743	295	743	785	743
95	251	753	287	735
251	222	434	183	155
487	347	119	331	708
624	420	135	420	420
682	544	682	35	682
652	909	210	909	909
190	190	190	190	190
378	378	735	378	735
390	229	229	390	390
341	940	82	839	944
284	644	284	644	644
636	666	636	666	666
536	536	768	536	768
397	574	568	568	397
890	790	492	492	890
657	657	657	599	657
648	570	648	570	648
94	76	94	76	76
570	49	160	303	75
755	755	130	755	755
758	473	758	758	758
960	310	723	378	365
641	986	892	764	690
933	933	933	872	933
969	747	172	747	172
291	291	291	24	291
431	475	431	389	431
903	903	960	722	960
935	698	935	698	935
411	173	254	918	817
254	254	254	738	254
505	505	896	635	635
576	448	576	941	576
498	498	365	365	498
171	295	171	209	295
323	302	302	323	302
920	920	920	984	984
328	328	328	309	600
326	954	222	710	787
493	416	625	17	151
811	857	930	749	18
328	996	390	530	406
790	374	790	790	374
802	299	802	299	299
729	943	729	729	729
242	242	242	242	242
216	921	921	216	921
27	27	27	375	375
68	133	133	133	133
902	252	902	252	252
416	454	324	105	568
485	485	485	2	2
684	436	945	945	945
283	586	283	586	93
132	495	387	954	179
999	999	999	57	999
543	120	120	120	120
859	71	234	859	859
431	431	431	431	398
110	110	371	371	371
629	860	629	374	374
258	769	769	258	258
146	626	920	493	674
332	739	739	739	739
846	846	846	846	951
377	357	972	570	596
908	869	869	163	869
874	83	874	83	874
166	796	320	344	809
685	685	281	685	281
278	446	269	675	810
484	484	256	484	256
687	395	131	131	131
745	400	891	891	745
174	925	925	925	928
304	304	383	383	383
236	156	318	674	386
210	210	832	210	832
961	961	487	487	961
499	873	857	873	499
787	173	787	173	173
49	49	821	49	49
282	922	386	831	71
950	646	983	693	640
180	180	180	180	284
873	741	873	873	741
889	494	934	774	828
242	242	242	635	635
818	961	818	818	318
126	126	499	126	499
947	209	754	831	202
339	603	449	603	449
714	714	933	933	933
956	632	632	632	956
684	49	49	684	684
23	23	23	830	830
553	221	221	553	221
174	301	301	301	301
538	271	325	244	514
473	391	473	391	473
869	544	329	329	329
632	632	632	1000	1000
94	1	94	1	94
794	825	794	794	794
383	252	3	816	31
84	948	948	891	891
518	518	674	518	674
16	16	16	16	16
462	695	462	792	695
689	689	689	376	607
848	848	404	848	404
969	969	969	969	719
977	235	104	235	235
873	382	562	62	11
787	968	968	968	787
883	883	883	883	4
745	100	448	100	448
569	569	569	569	52
57	57	57	57	57
701	256	701	701	256
596	596	596	596	827
203	888	203	203	203
617	649	617	214	649
979	972	46	230	279
380	193	193	193	193
492	582	582	582	492
158	279	279	158	279
963	430	430	963	593
160	160	160	113	113
282	282	282	696	282
199	199	847	462	847
65	960	249	641	420
789	789	789	789	529
673	639	673	639	673
522	567	567	567	567
751	751	751	751	622
920	920	300	920	300
391	391	391	886	886
114	487	114	487	487
684	684	466	684	466
197	197	632	409	197
891	891	891	891	199
155	155	236	155	155
237	237	827	827	827
886	886	314	314	886
868	895	868	895	895
410	410	259	67	67
998	272	998	381	998
739	135	135	135	135
740	290	655	32	305
549	381	549	651	381
138	9	9	9	138
620	517	111	814	548
286	286	286	257	286
594	594	594	624	594
298	298	94	298	572
25	502	502	502	502
60	230	60	696	230
346	527	346	527	346
575	575	660	575	660
383	339	383	383	383
919	919	128	919	128
619	183	183	619	183
127	237	127	237	127
329	186	186	329	186
373	770	373	373	373
111	558	111	111	558
851	851	851	851	60
840	701	20	454	846
638	638	638	638	10
630	461	461	630	459
213	557	557	557	213
601	601	676	601	601
851	851	851	919	851
748	748	467	748	748
652	952	574	246	572
566	566	575	575	575
654	654	389	389	654
882	300	300	882	300
180	180	180	418	418
979	169	979	169	979
268	268	517	268	517
670	745	816	758	492
304	417	304	304	417
413	928	928	413	647
753	288	919	822	435
235	235	248	248	735
117	178	117	117	178
923	488	488	923	488
816	816	166	816	816
691	691	945	691	691
948	377	948	948	948
13	365	13	629	365
229	229	229	150	229
244	244	633	633	244
258	866	242	247	146
959	475	959	959	959
898	898	898	76	898
345	36	593	221	612
188	188	85	188	188
260	822	260	436	436
647	42	647	966	647
968	143	143	814	814
843	574	843	768	574
943	798	943	943	798
205	363	806	363	363
284	925	961	284	284
407	407	971	74	74
752	663	734	4	675
663	881	551	866	84
434	527	434	527	527
91	91	138	91	597
318	318	426	318	426
947	222	308	42	523
132	29	132	29	29
284	937	284	284	284
242	242	986	986	986
280	571	571	280	280
336	336	430	430	430
683	683	969	536	683
276	706	555	889	468
486	486	486	486	177
675	562	675	562	562
327	471	327	29	471
665	775	775	665	775
354	439	439	354	439
792	792	767	536	767
402	927	282	566	807
152	152	572	310	310
260	744	260	744	260
628	288	288	288	288
126	960	673	960	960
414	586	586	586	586
396	977	116	116	396
705	138	236	215	251
371	371	998	998	371
239	363	363	363	239
712	712	712	36	546
843	21	653	611	927
892	375	40	892	375
295	274	295	295	274
131	131	131	525	131
969	969	969	969	716
282	382	984	84	291
112	867	813	867	867
101	327	631	631	327
636	636	961	961	636
347	347	347	800	347
179	651	651	179	651
35	260	35	421	35
895	97	379	571	788
920	920	489	923	489
844	844	844	775	844
377	377	67	67	377
177	177	177	177	60
81	81	129	129	81
696	268	522	739	250
337	337	881	881	337
224	79	224	623	79
568	247	247	568	568
394	119	686	394	394
296	296	756	296	296
135	135	135	719	719
828	828	828	828	828
285	285	96	96	285
73	436	73	436	436
140	457	633	140	457
219	219	780	590	590
571	281	281	281	571
267	267	317	317	317
516	830	930	773	638
54	54	19	458	54
458	928	928	66	458
804	817	817	643	817
806	543	806	806	806
231	350	987	993	722
292	660	292	292	292
415	937	170	937	170
678	964	678	964	964
701	701	99	99	701
893	281	893	281	893
533	78	78	533	78
339	339	339	62	62
76	260	76	260	260
28	28	284	284	284
210	233	233	233	233
806	643	806	806	806
913	285	913	285	913
514	514	968	514	514
365	541	365	541	541
462	782	782	782	782
702	575	927	49	420
393	344	954	290	149
470	470	538	538	470
264	649	264	579	579
190	190	173	190	173
784	784	784	784	300
783	398	783	398	398
305	783	775	783	305
524	701	980	524	524
288	288	903	288	903
739	714	714	714	821
578	77	578	839	839
138	320	320	320	461
840	820	552	219	157
297	460	297	297	306
248	248	248	795	795
891	891	837	891	891
498	498	884	498	498
170	170	170	221	221
812	808	808	808	532
112	749	749	112	112
892	892	892	254	254
857	857	249	249	857
291	959	615	357	338
211	253	253	253	211
458	10	10	10	458
417	117	629	629	629
518	892	892	518	518
741	997	997	741	997
467	367	367	367	467
373	373	373	179	932
599	599	599	599	53
773	773	331	331	773
191	56	56	191	56
817	693	82	113	724
455	5	5	26	26
722	47	722	722	360
655	713	156	696	783
382	382	455	382	382
155	387	37	858	775
732	687	833	672	336
430	784	430	430	784
591	591	51	51	849
634	556	556	634	556
403	551	989	551	989
995	763	995	763	154
232	807	807	807	232
492	195	492	492	492
720	272	956	149	642
416	416	289	416	416
128	356	128	128	356
179	183	183	179	183
626	626	626	626	988
469	469	580	580	580
633	630	633	633	630
276	276	276	777	777
173	920	920	202	920
120	120	373	373	373
572	572	572	87	572
440	533	651	239	278
982	102	286	982	102
810	390	719	841	383
693	693	855	693	629
439	457	439	439	439
445	445	320	320	320
48	373	284	48	284
455	157	157	904	157
811	232	392	31	229
537	865	537	537	865
624	624	879	624	624
76	76	76	76	76
687	300	687	687	687
405	17	405	405	17
568	568	212	568	539
152	9	714	720	761
156	96	156	156	8
532	532	781	781	532
438	438	840	438	336
654	248	544	252	760
245	101	245	101	245
121	652	444	44	129
799	799	799	456	456
900	280	506	35	165
348	854	348	854	348
161	283	152	321	752
644	644	81	644	883
10	624	624	624	10
822	822	837	837	837
704	603	567	357	596
51	502	517	390	494
60	60	241	60	60
437	437	437	437	639
544	787	870	913	439
734	391	391	391	734
265	560	265	560	265
696	696	696	696	606
598	598	598	598	97
916	591	591	916	591
613	613	981	942	981
171	382	382	382	382
96	434	562	262	640
337	373	337	373	337
378	858	858	378	770
107	107	798	107	152
100	100	624	624	624
694	694	694	100	694
36	958	57	478	40
350	350	350	816	816
56	157	56	56	157
291	291	526	291	291
966	701	966	911	966
667	706	664	751	227
536	561	91	757	547
469	469	230	937	230
770	846	846	770	846
803	714	964	589	543
490	490	143	490	490
296	296	296	296	719
494	494	494	469	494
705	630	508	976	981
212	212	212	212	212
262	56	262	56	56
14	14	14	14	14
489	489	489	489	489
390	390	364	390	364
632	632	632	989	632
58	247	503	247	58
714	286	123	957	445
919	919	270	270	919
2	664	2	2	664
419	419	419	951	419
903	943	943	943	903
716	93	706	478	644
394	394	394	394	377
229	115	826	467	106
422	913	913	913	221
343	708	196	708	196
67	219	67	219	219
848	848	956	848	956
809	809	516	516	809
839	904	169	839	839
392	392	661	392	525
147	151	896	76	394
364	364	953	364	953
535	620	535	535	535
189	281	281	189	189
888	712	6	355	354
509	247	42	412	357
768	768	655	768	655
208	449	208	449	208
663	663	672	672	88
956	327	327	956	327
252	434	962	474	602
720	951	444	451	802
86	86	86	596	86
138	694	138	138	694
449	702	911	771	919
595	595	595	644	595
234	213	46	823	689
888	783	888	783	783
14	14	961	14	961
73	992	141	679	397
136	804	433	136	433
548	883	883	548	883
666	295	509	509	295
592	576	576	592	592
722	235	722	722	235
605	437	437	437	605
226	76	76	76	76
843	843	931	931	843
94	292	292	374	292
418	418	258	418	418
28	700	402	5	646
314	314	314	327	327
120	120	914	120	914
587	374	964	587	964
793	44	793	793	44
335	758	335	335	335
642	86	642	303	642
772	772	825	825	772
797	209	79	654	86
724	441	441	724	724
840	210	327	210	840
60	788	100	484	394
692	692	554	554	692
29	608	29	29	608
773	773	746	773	773
965	221	965	280	221
983	262	527	95	453
793	20	20	793	20
384	384	44	384	44
773	80	773	773	773
543	543	445	445	543
66	573	66	573	662
997	677	877	991	322
220	273	273	273	273
629	769	494	468	807
104	125	31	991	302
210	570	210	570	210
877	365	104	365	365
774	198	774	774	198
946	835	69	180	660
214	958	766	346	726
235	255	407	939	494
178	178	178	178	764
792	472	792	472	792
114	558	114	17	17
474	9	29	682	153
727	536	232	727	232
208	982	982	208	208
532	532	532	634	634
642	954	784	458	53
167	167	482	482	167
891	891	334	334	891
752	823	752	823	823
829	418	829	491	491
825	950	631	120	488
179	953	953	179	179
